customer_id,city,channel,signup_month,order_count,last_order_date
1,Mumbai,Organic,2026-04,9,2026-06-30
2,Bengaluru,Paid Social,2026-05,3,2026-05-21
3,Delhi NCR,Referral,2026-06,3,2026-06-30
4,Mumbai,Paid Social,2026-04,1,2026-04-06
5,Bengaluru,Organic,2026-02,5,2026-03-21
6,Mumbai,Organic,2026-07,6,2026-09-13
7,Bengaluru,Organic,2025-12,13,2026-03-28
8,Delhi NCR,App Store Search,2026-04,3,2026-04-23
9,Delhi NCR,App Store Search,2026-02,6,2026-03-25
10,Bengaluru,Organic,2025-05,3,2025-05-28
11,Delhi NCR,Organic,2026-03,4,2026-03-28
13,Mumbai,Paid Social,2026-01,4,2026-02-09
14,Delhi NCR,Organic,2026-01,9,2026-02-27
15,Bengaluru,Influencer,2026-09,0,
16,Delhi NCR,Partnerships,2025-11,7,2026-01-18
17,Pune,Paid Social,2026-06,7,2026-07-21
18,Bengaluru,Influencer,2025-08,3,2025-08-22
19,Mumbai,Paid Social,2025-10,8,2025-11-30
20,Delhi NCR,App Store Search,2025-10,3,2025-10-31
21,Pune,Paid Social,2026-06,2,2026-06-28
22,Delhi NCR,Referral,2026-04,1,2026-04-18
23,Bengaluru,Organic,2026-02,2,2026-02-27
24,Mumbai,Organic,2025-12,1,2025-12-19
25,Bengaluru,Organic,2026-04,4,2026-05-27
26,Hyderabad,Paid Social,2026-05,9,2026-07-28
27,Delhi NCR,Partnerships,2025-05,7,2025-06-22
28,Mumbai,Organic,2026-07,4,2026-07-31
29,Mumbai,Influencer,2026-03,5,2026-04-24
30,Delhi NCR,Organic,2026-03,3,2026-03-23
31,Bengaluru,Paid Social,2026-03,1,2026-03-13
32,Bengaluru,Influencer,2026-07,2,2026-07-29
33,Bengaluru,Organic,2026-04,4,2026-04-14
34,Delhi NCR,Referral,2025-12,5,2026-01-30
35,Delhi NCR,Organic,2026-06,10,2026-09-11
36,Hyderabad,Organic,2025-12,3,2025-12-26
37,Mumbai,App Store Search,2026-01,1,2026-01-20
38,Pune,Partnerships,2025-12,7,2026-01-23
39,Bengaluru,Organic,2026-03,4,2026-03-30
40,Hyderabad,Organic,2025-11,3,2025-12-25
41,Mumbai,Influencer,2026-09,3,2026-09-13
42,Pune,Influencer,2026-08,3,2026-08-25
43,Mumbai,App Store Search,2025-12,6,2026-01-27
44,Delhi NCR,Organic,2026-01,4,2026-01-29
45,Pune,Influencer,2025-11,6,2025-12-24
46,Bengaluru,App Store Search,2025-08,19,2025-11-28
47,Bengaluru,Referral,2025-10,13,2026-02-21
48,Hyderabad,Paid Social,2025-12,11,2026-03-31
49,Pune,Paid Social,2026-09,0,
50,Bengaluru,Organic,2025-05,5,2025-05-31
51,Bengaluru,Organic,2026-05,1,2026-05-27
52,Mumbai,Referral,2026-06,2,2026-06-24
53,Bengaluru,Referral,2026-07,8,2026-08-30
54,Delhi NCR,Organic,2025-09,11,2025-11-30
55,Hyderabad,Paid Social,2026-03,12,2026-08-19
56,Mumbai,Partnerships,2026-05,2,2026-06-10
57,Bengaluru,Organic,2026-08,3,2026-09-08
58,Mumbai,Organic,2026-05,4,2026-05-24
59,Bengaluru,Partnerships,2026-02,2,2026-02-21
60,Delhi NCR,App Store Search,2026-08,5,2026-09-12
61,Mumbai,Organic,2026-07,9,2026-09-05
62,Bengaluru,App Store Search,2026-07,4,2026-07-28
63,Bengaluru,Referral,2026-03,6,2026-03-22
64,Hyderabad,Paid Social,2026-05,2,2026-05-31
65,Mumbai,Referral,2026-02,20,2026-09-15
66,Hyderabad,Organic,2026-04,2,2026-04-21
67,Bengaluru,App Store Search,2026-06,2,2026-06-14
68,Bengaluru,Referral,2025-07,12,2025-11-25
70,Bengaluru,Organic,2026-08,6,2026-09-15
71,Bengaluru,Organic,2025-09,6,2025-10-27
72,Bengaluru,Organic,2025-07,12,2025-10-31
73,Bengaluru,Referral,2026-04,4,2026-04-25
74,Mumbai,Paid Social,2025-12,2,2025-12-28
75,Hyderabad,Organic,2026-08,7,2026-08-26
76,Bengaluru,Organic,2025-11,7,2025-12-24
77,Delhi NCR,Organic,2026-02,6,2026-03-25
78,Mumbai,Organic,2026-03,7,2026-04-25
79,Pune,Influencer,2025-06,9,2025-08-20
80,Bengaluru,Influencer,2026-07,5,2026-07-29
81,Chennai,App Store Search,2026-08,5,2026-09-13
82,Delhi NCR,Organic,2026-07,6,2026-08-20
83,Mumbai,App Store Search,2026-03,4,2026-04-23
84,Mumbai,Referral,2026-01,5,2026-01-31
85,Bengaluru,Paid Social,2025-09,6,2025-10-22
86,Mumbai,Paid Social,2025-11,3,2025-11-24
87,Mumbai,Paid Social,2025-12,4,2026-01-23
88,Delhi NCR,Influencer,2025-12,3,2025-12-18
89,Hyderabad,Paid Social,2026-04,14,2026-09-10
90,Mumbai,Referral,2026-07,3,2026-07-15
91,Pune,Referral,2026-03,2,2026-04-20
92,Bengaluru,Organic,2026-06,6,2026-07-25
93,Delhi NCR,Organic,2026-07,5,2026-07-23
94,Delhi NCR,Referral,2025-08,13,2025-10-29
96,Chennai,Referral,2026-08,7,2026-09-11
97,Pune,Influencer,2026-07,6,2026-08-26
98,Bengaluru,Organic,2026-04,1,2026-04-05
99,Delhi NCR,Paid Social,2025-10,3,2025-10-24
100,Delhi NCR,Paid Social,2026-03,1,2026-03-30
101,Pune,Paid Social,2026-07,3,2026-08-20
102,Delhi NCR,Organic,2026-08,3,2026-09-15
103,Bengaluru,Referral,2025-08,2,2025-08-30
104,Mumbai,Referral,2026-07,3,2026-08-12
105,Bengaluru,App Store Search,2026-08,2,2026-08-30
106,Bengaluru,Paid Social,2026-01,2,2026-01-29
107,Bengaluru,Influencer,2025-09,2,2025-09-24
108,Mumbai,Referral,2026-01,17,2026-09-04
109,Mumbai,App Store Search,2026-08,2,2026-08-31
110,Mumbai,Partnerships,2026-01,2,2026-01-26
111,Delhi NCR,Organic,2026-08,4,2026-08-29
112,Pune,Organic,2026-05,9,2026-07-30
113,Delhi NCR,Organic,2026-05,5,2026-06-04
114,Mumbai,Organic,2026-07,3,2026-09-09
115,Mumbai,Paid Social,2026-02,9,2026-05-26
116,Hyderabad,Organic,2026-07,2,2026-07-16
117,Chennai,Organic,2026-08,4,2026-08-16
118,Pune,Partnerships,2025-08,5,2025-08-21
119,Delhi NCR,Organic,2026-05,14,2026-08-18
120,Hyderabad,Organic,2025-08,4,2025-10-27
121,Bengaluru,Organic,2026-07,4,2026-07-29
122,Hyderabad,Organic,2026-06,7,2026-08-22
123,Bengaluru,Referral,2025-06,14,2025-10-19
124,Pune,App Store Search,2025-11,5,2025-12-21
125,Bengaluru,Influencer,2026-07,6,2026-08-29
126,Pune,App Store Search,2026-06,6,2026-06-27
127,Bengaluru,Organic,2025-10,5,2025-10-31
129,Pune,App Store Search,2025-09,2,2025-09-30
130,Bengaluru,Referral,2025-11,14,2026-02-26
131,Chennai,Organic,2026-06,9,2026-08-12
132,Delhi NCR,Influencer,2025-06,4,2025-06-29
133,Delhi NCR,Organic,2025-10,2,2025-11-18
134,Bengaluru,Paid Social,2026-09,2,2026-09-14
135,Pune,Paid Social,2026-05,15,2026-08-30
136,Bengaluru,Paid Social,2026-08,5,2026-09-13
137,Delhi NCR,Referral,2026-06,7,2026-07-04
138,Hyderabad,Paid Social,2025-11,25,2026-06-28
139,Mumbai,Organic,2026-03,5,2026-04-16
140,Bengaluru,Paid Social,2025-12,2,2025-12-26
141,Mumbai,Referral,2026-05,9,2026-07-03
142,Mumbai,Organic,2026-02,2,2026-02-24
143,Delhi NCR,Organic,2025-12,4,2026-01-07
144,Mumbai,Organic,2026-03,18,2026-09-05
145,Delhi NCR,Referral,2026-04,5,2026-05-29
146,Delhi NCR,Paid Social,2026-05,5,2026-05-28
147,Pune,Paid Social,2026-04,7,2026-04-21
148,Delhi NCR,Paid Social,2026-01,3,2026-01-23
149,Delhi NCR,Influencer,2026-08,3,2026-08-31
150,Mumbai,App Store Search,2026-03,11,2026-05-31
151,Bengaluru,Paid Social,2026-07,2,2026-07-21
152,Bengaluru,App Store Search,2025-07,3,2025-07-11
153,Bengaluru,Paid Social,2025-12,1,2025-12-05
154,Bengaluru,App Store Search,2025-12,2,2025-12-19
155,Bengaluru,App Store Search,2026-07,6,2026-09-11
156,Mumbai,Referral,2025-09,8,2025-10-25
157,Bengaluru,Partnerships,2026-01,5,2026-03-25
158,Chennai,Paid Social,2026-07,4,2026-07-17
159,Delhi NCR,Paid Social,2026-06,3,2026-06-25
160,Delhi NCR,Organic,2025-05,3,2025-05-28
161,Mumbai,Organic,2025-09,6,2025-10-10
162,Pune,Paid Social,2026-09,4,2026-09-08
163,Pune,Organic,2026-09,1,2026-09-14
164,Mumbai,Organic,2026-01,3,2026-01-20
165,Pune,Paid Social,2026-02,2,2026-02-21
166,Bengaluru,Influencer,2025-10,5,2025-11-21
167,Bengaluru,Organic,2025-11,3,2025-11-24
168,Mumbai,Paid Social,2026-04,9,2026-05-23
169,Bengaluru,App Store Search,2025-11,2,2025-11-25
170,Delhi NCR,Referral,2026-05,4,2026-06-27
171,Pune,Paid Social,2025-07,20,2026-01-29
172,Mumbai,App Store Search,2026-01,1,2026-01-16
173,Mumbai,App Store Search,2026-06,2,2026-06-25
174,Mumbai,Referral,2026-08,3,2026-09-03
175,Pune,Paid Social,2026-01,5,2026-02-05
176,Mumbai,Paid Social,2025-08,9,2025-09-30
177,Hyderabad,Organic,2026-05,1,2026-05-08
178,Bengaluru,Organic,2025-10,2,2025-10-26
179,Hyderabad,Paid Social,2026-03,5,2026-04-20
180,Delhi NCR,Organic,2025-04,15,2025-07-26
181,Delhi NCR,Partnerships,2026-05,1,2026-05-07
182,Delhi NCR,App Store Search,2026-03,2,2026-03-31
183,Hyderabad,Partnerships,2026-06,12,2026-09-04
184,Pune,Organic,2026-08,3,2026-09-04
185,Delhi NCR,Paid Social,2026-02,2,2026-02-23
186,Delhi NCR,Partnerships,2026-09,0,
187,Bengaluru,App Store Search,2026-06,4,2026-06-11
188,Mumbai,Organic,2025-08,2,2025-08-26
189,Pune,Partnerships,2026-03,12,2026-06-10
191,Pune,Paid Social,2025-07,2,2025-07-23
192,Pune,App Store Search,2026-08,1,2026-08-16
193,Bengaluru,Organic,2026-01,4,2026-01-26
194,Bengaluru,Referral,2026-05,8,2026-09-15
195,Pune,App Store Search,2026-08,4,2026-09-09
196,Pune,Organic,2025-06,13,2025-10-22
197,Delhi NCR,Organic,2026-07,5,2026-07-27
198,Mumbai,Organic,2026-05,6,2026-06-26
199,Mumbai,Referral,2026-08,2,2026-08-13
200,Bengaluru,Paid Social,2026-07,2,2026-07-17
201,Pune,Referral,2025-12,8,2026-02-11
202,Mumbai,Influencer,2025-12,5,2026-01-22
203,Bengaluru,Paid Social,2025-07,1,2025-07-14
204,Delhi NCR,Partnerships,2026-07,4,2026-07-19
205,Bengaluru,Organic,2026-02,4,2026-03-24
206,Delhi NCR,Referral,2026-09,0,
207,Delhi NCR,Influencer,2026-01,6,2026-03-19
208,Mumbai,Paid Social,2025-09,8,2025-11-23
209,Bengaluru,Organic,2025-10,5,2025-10-30
210,Mumbai,Paid Social,2026-05,10,2026-06-29
211,Mumbai,App Store Search,2026-09,3,2026-09-11
213,Bengaluru,Influencer,2025-12,3,2025-12-16
214,Mumbai,Referral,2026-06,4,2026-07-10
215,Delhi NCR,Organic,2025-12,4,2025-12-29
216,Bengaluru,App Store Search,2025-09,2,2025-09-30
217,Bengaluru,App Store Search,2026-04,4,2026-05-31
218,Pune,Paid Social,2026-02,5,2026-02-28
219,Chennai,App Store Search,2026-07,10,2026-09-14
220,Hyderabad,Organic,2026-07,3,2026-08-14
221,Delhi NCR,Referral,2025-08,3,2025-09-30
222,Chennai,Paid Social,2026-05,7,2026-06-06
223,Bengaluru,Organic,2026-09,1,2026-09-09
224,Bengaluru,Organic,2025-11,3,2025-12-07
225,Mumbai,Paid Social,2026-03,2,2026-03-28
226,Bengaluru,Paid Social,2025-08,3,2025-08-30
227,Bengaluru,Organic,2026-06,1,2026-06-15
228,Bengaluru,Paid Social,2026-01,2,2026-01-11
229,Bengaluru,App Store Search,2025-08,4,2025-08-30
230,Bengaluru,Paid Social,2026-03,3,2026-03-28
231,Bengaluru,App Store Search,2026-02,3,2026-02-08
232,Pune,Paid Social,2025-11,9,2026-01-24
233,Bengaluru,Referral,2026-03,7,2026-05-21
234,Bengaluru,Influencer,2025-12,3,2026-01-17
235,Bengaluru,Referral,2026-03,2,2026-04-08
236,Bengaluru,Organic,2025-06,7,2025-08-29
237,Hyderabad,Organic,2025-07,4,2025-08-27
238,Bengaluru,Referral,2025-08,1,2025-08-03
239,Bengaluru,Referral,2026-04,4,2026-05-25
240,Pune,App Store Search,2025-04,8,2025-06-21
241,Delhi NCR,App Store Search,2025-09,3,2025-09-07
242,Pune,Influencer,2025-11,10,2026-01-29
243,Mumbai,Partnerships,2026-04,3,2026-04-29
244,Mumbai,Paid Social,2026-07,4,2026-08-26
245,Pune,Organic,2026-04,7,2026-06-28
246,Mumbai,Organic,2025-12,21,2026-04-25
247,Bengaluru,Organic,2026-01,6,2026-02-20
248,Bengaluru,Referral,2026-06,3,2026-06-22
249,Delhi NCR,Influencer,2025-12,3,2026-01-23
250,Delhi NCR,Organic,2025-09,6,2025-09-26
251,Delhi NCR,Paid Social,2025-10,3,2025-10-24
252,Chennai,Organic,2025-10,2,2025-10-30
253,Chennai,Organic,2026-06,4,2026-07-03
254,Hyderabad,Paid Social,2026-08,7,2026-09-14
255,Delhi NCR,Organic,2025-12,3,2025-12-13
256,Delhi NCR,Referral,2025-12,9,2026-01-30
257,Pune,Referral,2025-05,14,2025-08-22
258,Bengaluru,Organic,2026-08,2,2026-08-22
259,Delhi NCR,Paid Social,2026-04,1,2026-04-27
260,Delhi NCR,Paid Social,2026-06,2,2026-06-18
261,Pune,Paid Social,2026-09,3,2026-09-08
262,Mumbai,App Store Search,2025-05,2,2025-05-14
263,Mumbai,Organic,2026-02,11,2026-04-29
264,Hyderabad,Referral,2026-03,5,2026-04-23
265,Bengaluru,Organic,2026-09,0,
266,Bengaluru,Influencer,2026-07,5,2026-09-11
267,Bengaluru,App Store Search,2026-03,13,2026-05-30
268,Hyderabad,Paid Social,2026-03,14,2026-07-25
269,Pune,App Store Search,2026-06,5,2026-07-21
270,Delhi NCR,Influencer,2025-08,8,2025-09-23
271,Hyderabad,Organic,2026-07,4,2026-08-13
272,Bengaluru,Organic,2026-06,1,2026-06-19
273,Chennai,Referral,2026-04,20,2026-09-13
274,Hyderabad,Paid Social,2026-03,2,2026-03-11
275,Delhi NCR,Paid Social,2026-04,7,2026-06-23
276,Delhi NCR,Paid Social,2026-08,3,2026-08-25
277,Bengaluru,Paid Social,2026-01,1,2026-01-12
278,Bengaluru,Referral,2025-09,1,2025-09-29
279,Bengaluru,Organic,2026-08,2,2026-08-25
280,Bengaluru,Influencer,2026-06,7,2026-06-25
281,Bengaluru,Organic,2025-10,4,2025-11-28
282,Mumbai,Organic,2026-03,2,2026-03-31
283,Bengaluru,Partnerships,2026-03,9,2026-05-22
284,Delhi NCR,Organic,2026-03,11,2026-06-19
285,Bengaluru,App Store Search,2025-12,6,2026-01-21
286,Hyderabad,Partnerships,2026-08,1,2026-08-08
287,Chennai,Organic,2026-09,2,2026-09-15
288,Bengaluru,Paid Social,2025-12,6,2025-12-26
289,Bengaluru,Referral,2026-07,12,2026-09-10
290,Mumbai,Organic,2025-09,1,2025-09-28
291,Bengaluru,Referral,2026-07,6,2026-08-29
292,Delhi NCR,Paid Social,2025-12,3,2025-12-26
293,Mumbai,App Store Search,2026-06,3,2026-06-30
294,Bengaluru,Organic,2026-08,5,2026-09-06
295,Hyderabad,Organic,2025-10,11,2026-02-18
296,Pune,Paid Social,2025-10,8,2025-11-29
297,Mumbai,Referral,2025-11,1,2025-11-02
299,Mumbai,Organic,2025-11,1,2025-11-03
300,Bengaluru,Influencer,2026-08,4,2026-09-06
301,Pune,Paid Social,2026-03,4,2026-03-26
302,Mumbai,Paid Social,2026-04,4,2026-04-30
304,Mumbai,Organic,2026-08,3,2026-09-08
305,Mumbai,Organic,2025-10,3,2025-10-21
306,Bengaluru,Influencer,2025-08,5,2025-10-17
307,Bengaluru,Paid Social,2026-04,4,2026-04-22
308,Mumbai,Organic,2026-03,7,2026-04-13
309,Chennai,App Store Search,2026-08,4,2026-09-07
310,Mumbai,Influencer,2025-09,12,2025-12-30
311,Mumbai,Paid Social,2025-06,3,2025-06-16
312,Pune,App Store Search,2026-05,2,2026-05-10
313,Pune,Influencer,2025-10,2,2025-10-06
314,Mumbai,Organic,2026-05,4,2026-05-14
315,Chennai,Organic,2026-03,6,2026-04-26
316,Mumbai,Organic,2025-09,2,2025-09-29
317,Delhi NCR,Influencer,2026-01,22,2026-06-25
318,Bengaluru,Paid Social,2026-06,5,2026-07-15
319,Delhi NCR,Paid Social,2026-04,11,2026-07-10
320,Chennai,Organic,2026-04,7,2026-05-25
321,Delhi NCR,Organic,2026-07,2,2026-07-17
322,Mumbai,App Store Search,2026-08,3,2026-08-28
323,Chennai,Referral,2026-05,11,2026-07-29
324,Bengaluru,Paid Social,2026-08,5,2026-09-12
325,Delhi NCR,Paid Social,2026-02,5,2026-04-23
326,Delhi NCR,Influencer,2026-03,5,2026-04-20
327,Mumbai,Paid Social,2026-05,10,2026-08-27
328,Mumbai,Organic,2026-02,3,2026-03-31
329,Bengaluru,Referral,2026-05,15,2026-09-09
330,Delhi NCR,Paid Social,2025-05,3,2025-06-14
331,Bengaluru,App Store Search,2026-07,5,2026-09-01
332,Bengaluru,Organic,2026-05,13,2026-08-10
333,Bengaluru,Organic,2025-09,3,2025-09-24
334,Delhi NCR,Organic,2026-08,4,2026-08-20
335,Mumbai,Partnerships,2026-06,10,2026-09-14
336,Delhi NCR,Referral,2025-11,5,2025-12-23
337,Bengaluru,Paid Social,2026-09,2,2026-09-09
338,Delhi NCR,Paid Social,2025-05,3,2025-05-23
339,Hyderabad,Paid Social,2026-05,4,2026-06-04
340,Hyderabad,Paid Social,2026-08,5,2026-09-10
341,Mumbai,Referral,2026-03,1,2026-03-14
342,Bengaluru,Influencer,2025-11,3,2025-11-13
343,Hyderabad,Partnerships,2026-08,6,2026-08-29
344,Pune,App Store Search,2026-06,1,2026-06-26
345,Mumbai,Organic,2026-02,9,2026-04-23
346,Delhi NCR,Organic,2025-12,6,2026-01-21
347,Delhi NCR,Organic,2026-02,2,2026-02-14
348,Pune,Organic,2026-07,8,2026-08-17
349,Bengaluru,App Store Search,2026-01,1,2026-01-31
350,Pune,App Store Search,2025-09,5,2025-09-29
351,Bengaluru,Partnerships,2026-01,4,2026-01-24
352,Bengaluru,Paid Social,2025-09,3,2025-09-27
353,Delhi NCR,Partnerships,2026-08,2,2026-08-15
354,Bengaluru,App Store Search,2025-09,6,2025-09-22
355,Bengaluru,Referral,2026-08,4,2026-09-14
356,Bengaluru,Organic,2026-07,2,2026-07-31
357,Mumbai,Paid Social,2026-04,3,2026-04-21
358,Delhi NCR,Partnerships,2026-05,11,2026-08-28
359,Chennai,Organic,2026-05,7,2026-06-27
360,Delhi NCR,Paid Social,2026-09,2,2026-09-15
361,Mumbai,Organic,2026-02,6,2026-03-31
362,Delhi NCR,App Store Search,2026-01,3,2026-01-23
363,Pune,Paid Social,2026-07,5,2026-08-26
364,Bengaluru,App Store Search,2026-06,6,2026-08-28
365,Mumbai,Organic,2026-08,2,2026-08-21
366,Hyderabad,Organic,2025-10,3,2025-10-15
367,Mumbai,Organic,2025-07,3,2025-07-22
368,Bengaluru,App Store Search,2026-02,1,2026-02-10
369,Bengaluru,App Store Search,2026-05,2,2026-05-30
370,Bengaluru,App Store Search,2025-09,3,2025-09-24
371,Pune,App Store Search,2026-04,6,2026-05-25
372,Bengaluru,App Store Search,2026-01,6,2026-02-23
373,Bengaluru,Paid Social,2026-06,4,2026-06-25
374,Pune,Paid Social,2026-03,3,2026-03-18
375,Bengaluru,App Store Search,2025-10,5,2025-11-23
376,Bengaluru,Organic,2025-08,6,2025-09-21
377,Bengaluru,Paid Social,2026-07,5,2026-07-31
378,Chennai,Referral,2026-01,2,2026-01-09
379,Mumbai,App Store Search,2026-01,1,2026-01-29
380,Chennai,Organic,2026-08,3,2026-08-24
381,Bengaluru,Organic,2026-05,2,2026-05-25
382,Delhi NCR,Paid Social,2026-04,14,2026-08-07
383,Pune,Organic,2026-06,4,2026-06-25
384,Bengaluru,Paid Social,2026-04,5,2026-05-28
385,Bengaluru,App Store Search,2026-02,4,2026-02-24
386,Pune,Paid Social,2026-04,2,2026-04-29
387,Bengaluru,Paid Social,2026-03,7,2026-06-30
388,Delhi NCR,Organic,2026-05,7,2026-06-22
389,Bengaluru,Influencer,2025-10,22,2026-03-16
390,Delhi NCR,Influencer,2025-10,4,2025-10-27
391,Mumbai,Influencer,2026-03,3,2026-03-10
392,Bengaluru,Referral,2025-10,2,2025-10-28
393,Bengaluru,Organic,2026-05,2,2026-05-31
394,Bengaluru,Paid Social,2025-10,3,2025-10-27
395,Bengaluru,App Store Search,2025-09,6,2025-11-21
396,Bengaluru,Organic,2026-01,8,2026-02-15
397,Mumbai,Referral,2025-11,1,2025-11-27
398,Bengaluru,Influencer,2026-08,4,2026-08-28
399,Bengaluru,Organic,2025-08,10,2025-09-24
400,Delhi NCR,App Store Search,2025-08,6,2025-09-28
401,Pune,Paid Social,2026-07,3,2026-07-27
402,Chennai,Paid Social,2025-11,3,2025-11-17
403,Bengaluru,Paid Social,2026-08,3,2026-08-14
404,Pune,Partnerships,2025-10,4,2025-11-10
405,Mumbai,Partnerships,2026-03,2,2026-03-18
406,Mumbai,Referral,2026-01,24,2026-07-28
407,Bengaluru,Organic,2025-12,13,2026-03-28
408,Bengaluru,Referral,2026-08,9,2026-09-09
409,Mumbai,Paid Social,2026-02,3,2026-02-22
410,Delhi NCR,Influencer,2026-08,2,2026-09-07
411,Mumbai,Paid Social,2025-12,7,2026-01-29
412,Delhi NCR,Referral,2026-03,4,2026-03-20
413,Mumbai,Paid Social,2025-12,2,2025-12-27
414,Mumbai,Organic,2025-08,6,2025-08-28
415,Delhi NCR,Organic,2026-01,14,2026-07-16
416,Delhi NCR,Organic,2026-06,5,2026-06-21
417,Pune,Referral,2026-08,3,2026-08-26
418,Delhi NCR,Influencer,2025-06,3,2025-06-28
419,Mumbai,Paid Social,2026-08,3,2026-08-09
420,Bengaluru,Referral,2025-06,5,2025-07-05
421,Delhi NCR,App Store Search,2025-05,7,2025-06-13
422,Pune,Paid Social,2026-03,3,2026-03-22
423,Bengaluru,Paid Social,2026-07,4,2026-08-30
424,Hyderabad,Paid Social,2026-03,12,2026-06-28
425,Bengaluru,App Store Search,2025-09,0,
426,Mumbai,Partnerships,2026-04,11,2026-07-02
427,Chennai,Organic,2026-08,3,2026-09-02
428,Delhi NCR,Paid Social,2026-08,2,2026-08-28
429,Bengaluru,Paid Social,2026-07,5,2026-07-31
430,Delhi NCR,Referral,2026-09,2,2026-09-15
431,Mumbai,Paid Social,2026-01,3,2026-01-25
432,Bengaluru,App Store Search,2026-07,4,2026-08-31
433,Bengaluru,App Store Search,2025-12,15,2026-03-31
434,Bengaluru,Paid Social,2026-03,6,2026-05-31
435,Delhi NCR,Referral,2025-09,20,2026-02-26
436,Mumbai,Organic,2026-05,15,2026-09-02
437,Mumbai,Organic,2026-03,9,2026-04-30
438,Bengaluru,Paid Social,2025-10,6,2025-10-31
439,Bengaluru,Paid Social,2026-08,2,2026-08-30
440,Pune,Organic,2026-09,0,
441,Delhi NCR,Referral,2026-08,1,2026-08-09
442,Mumbai,Organic,2026-02,9,2026-04-14
443,Mumbai,Partnerships,2026-09,1,2026-09-11
444,Bengaluru,Paid Social,2026-06,2,2026-06-30
445,Hyderabad,Influencer,2025-09,2,2025-09-27
446,Pune,Organic,2025-08,3,2025-08-30
447,Pune,Paid Social,2025-09,22,2026-02-25
448,Hyderabad,Paid Social,2026-05,4,2026-05-27
449,Mumbai,Partnerships,2025-07,2,2025-07-29
450,Bengaluru,Organic,2025-10,3,2025-10-22
451,Chennai,App Store Search,2025-12,8,2026-01-24
452,Delhi NCR,Partnerships,2026-07,5,2026-08-23
453,Pune,Organic,2026-08,5,2026-09-08
454,Pune,Paid Social,2026-04,6,2026-04-25
455,Hyderabad,Referral,2026-09,0,
456,Mumbai,Paid Social,2026-02,8,2026-03-14
457,Mumbai,Organic,2026-01,5,2026-02-16
458,Bengaluru,Paid Social,2026-07,4,2026-07-31
459,Hyderabad,Organic,2026-05,4,2026-05-18
460,Bengaluru,Partnerships,2025-10,5,2025-10-27
461,Bengaluru,Influencer,2026-03,4,2026-03-29
462,Chennai,Organic,2026-02,2,2026-02-16
463,Bengaluru,Organic,2025-07,6,2025-08-12
464,Delhi NCR,Paid Social,2026-08,3,2026-09-14
465,Delhi NCR,App Store Search,2025-10,5,2025-11-25
466,Delhi NCR,Influencer,2026-08,2,2026-08-21
467,Mumbai,Organic,2025-08,6,2025-08-30
468,Mumbai,Paid Social,2026-08,3,2026-08-28
469,Pune,Organic,2026-04,5,2026-04-29
470,Bengaluru,Referral,2026-05,15,2026-09-08
471,Mumbai,Referral,2025-11,6,2025-12-26
472,Bengaluru,Organic,2026-08,0,
473,Bengaluru,Paid Social,2026-03,1,2026-03-20
474,Mumbai,Partnerships,2026-02,4,2026-02-27
475,Mumbai,Paid Social,2026-03,2,2026-03-29
476,Bengaluru,Organic,2026-04,10,2026-07-27
477,Delhi NCR,Partnerships,2025-06,9,2025-07-30
478,Mumbai,Paid Social,2026-08,4,2026-09-15
479,Bengaluru,Referral,2026-07,5,2026-08-19
480,Pune,Referral,2026-02,3,2026-02-11
481,Pune,Paid Social,2026-05,6,2026-06-29
482,Delhi NCR,Partnerships,2026-05,4,2026-06-23
483,Mumbai,App Store Search,2026-02,10,2026-05-31
484,Mumbai,Paid Social,2026-06,3,2026-07-16
485,Bengaluru,Organic,2026-06,6,2026-07-30
486,Bengaluru,App Store Search,2026-05,2,2026-05-31
487,Hyderabad,Organic,2026-01,4,2026-02-24
488,Chennai,Organic,2026-01,5,2026-01-27
489,Bengaluru,Influencer,2026-03,4,2026-03-22
490,Pune,Organic,2026-06,6,2026-07-20
491,Mumbai,Organic,2026-03,2,2026-03-31
492,Bengaluru,Organic,2025-12,4,2025-12-26
493,Mumbai,Organic,2026-06,3,2026-06-28
494,Mumbai,App Store Search,2026-07,2,2026-07-27
495,Pune,App Store Search,2026-02,13,2026-06-29
496,Bengaluru,Organic,2026-01,6,2026-01-23
497,Mumbai,Organic,2026-01,1,2026-01-04
498,Pune,Organic,2025-12,5,2026-01-24
499,Bengaluru,Paid Social,2026-02,1,2026-02-11
500,Mumbai,App Store Search,2025-11,5,2025-11-15
501,Hyderabad,Referral,2026-04,1,2026-04-24
502,Hyderabad,Referral,2026-09,0,
504,Mumbai,Organic,2025-07,3,2025-07-29
505,Mumbai,Paid Social,2026-03,6,2026-04-27
506,Delhi NCR,App Store Search,2026-04,3,2026-05-06
507,Bengaluru,App Store Search,2025-11,5,2025-12-31
508,Pune,App Store Search,2026-09,0,
509,Hyderabad,Paid Social,2026-02,2,2026-02-10
510,Bengaluru,Influencer,2026-04,2,2026-04-23
511,Mumbai,Organic,2026-04,1,2026-04-05
512,Bengaluru,Organic,2025-10,8,2025-12-25
513,Hyderabad,App Store Search,2026-03,8,2026-06-27
514,Delhi NCR,Organic,2025-10,2,2025-10-23
515,Pune,Influencer,2025-11,4,2025-11-22
516,Bengaluru,App Store Search,2026-05,5,2026-06-24
517,Bengaluru,Partnerships,2025-12,13,2026-05-28
518,Bengaluru,Paid Social,2026-02,4,2026-03-26
519,Bengaluru,App Store Search,2026-07,6,2026-08-09
520,Mumbai,Organic,2026-07,3,2026-07-18
521,Bengaluru,Partnerships,2026-04,15,2026-08-24
522,Bengaluru,Paid Social,2025-10,2,2025-10-28
523,Pune,Paid Social,2025-08,10,2025-10-28
524,Pune,Organic,2026-01,14,2026-05-30
525,Bengaluru,Paid Social,2026-02,2,2026-02-12
526,Hyderabad,Referral,2026-06,3,2026-07-21
527,Chennai,Paid Social,2026-04,11,2026-08-29
528,Hyderabad,Referral,2026-01,18,2026-09-02
529,Pune,Paid Social,2025-08,11,2025-09-18
530,Bengaluru,Paid Social,2025-10,6,2025-10-29
531,Bengaluru,Influencer,2026-07,7,2026-09-09
532,Pune,Organic,2025-11,6,2025-11-29
533,Bengaluru,Influencer,2025-09,5,2025-09-14
534,Mumbai,App Store Search,2025-11,1,2025-11-15
535,Mumbai,Organic,2025-06,3,2025-06-24
536,Delhi NCR,Organic,2026-07,5,2026-07-24
537,Hyderabad,App Store Search,2026-08,1,2026-08-11
538,Bengaluru,App Store Search,2025-06,6,2025-08-30
539,Bengaluru,App Store Search,2026-05,4,2026-05-28
540,Bengaluru,Influencer,2026-07,7,2026-09-14
541,Delhi NCR,App Store Search,2026-02,6,2026-03-31
542,Mumbai,App Store Search,2026-06,2,2026-06-24
543,Pune,Organic,2025-12,7,2026-01-21
544,Bengaluru,Paid Social,2026-03,5,2026-03-28
545,Delhi NCR,App Store Search,2026-01,4,2026-01-28
546,Hyderabad,App Store Search,2026-01,1,2026-01-12
547,Delhi NCR,Organic,2026-03,9,2026-06-27
548,Pune,Referral,2026-09,1,2026-09-13
549,Hyderabad,Paid Social,2026-09,1,2026-09-05
550,Delhi NCR,Partnerships,2026-03,3,2026-04-20
551,Bengaluru,App Store Search,2026-02,4,2026-02-23
552,Bengaluru,Paid Social,2026-07,5,2026-07-29
553,Chennai,Paid Social,2026-08,3,2026-09-08
554,Pune,Referral,2026-01,2,2026-01-23
555,Delhi NCR,Organic,2026-07,4,2026-08-23
556,Bengaluru,Paid Social,2026-06,7,2026-07-17
557,Mumbai,Paid Social,2025-07,14,2025-11-18
558,Hyderabad,Paid Social,2025-08,2,2025-08-15
559,Hyderabad,App Store Search,2025-09,6,2025-10-27
560,Bengaluru,App Store Search,2026-08,6,2026-09-11
561,Hyderabad,Paid Social,2025-12,1,2025-12-21
562,Pune,Organic,2025-11,1,2025-11-25
563,Bengaluru,Referral,2026-09,2,2026-09-09
564,Delhi NCR,Paid Social,2026-06,2,2026-06-27
565,Mumbai,Referral,2026-02,8,2026-05-16
566,Bengaluru,App Store Search,2026-08,3,2026-08-31
567,Mumbai,Organic,2026-04,12,2026-07-10
568,Chennai,Influencer,2026-08,4,2026-08-31
569,Bengaluru,Organic,2025-10,4,2025-10-30
570,Bengaluru,Organic,2025-08,3,2025-08-24
572,Pune,App Store Search,2026-04,3,2026-05-30
573,Delhi NCR,Referral,2026-08,4,2026-08-27
574,Mumbai,Paid Social,2026-06,5,2026-06-27
575,Mumbai,Organic,2026-03,2,2026-03-23
576,Pune,Organic,2025-11,11,2026-01-11
577,Bengaluru,Paid Social,2026-07,3,2026-07-31
578,Delhi NCR,Organic,2026-07,5,2026-07-31
579,Pune,Organic,2025-12,9,2026-03-24
580,Delhi NCR,Organic,2026-08,7,2026-08-31
581,Delhi NCR,Paid Social,2025-12,5,2025-12-24
582,Delhi NCR,Referral,2026-05,8,2026-06-28
583,Bengaluru,Referral,2026-06,5,2026-08-30
584,Delhi NCR,Paid Social,2025-07,5,2025-07-26
585,Mumbai,Organic,2025-08,5,2025-08-31
586,Mumbai,Organic,2026-06,1,2026-06-12
587,Pune,App Store Search,2026-04,2,2026-04-30
588,Mumbai,Referral,2026-03,2,2026-03-12
589,Hyderabad,Paid Social,2026-04,20,2026-09-11
590,Delhi NCR,Organic,2026-06,9,2026-08-16
591,Mumbai,Influencer,2026-03,3,2026-03-30
592,Mumbai,Partnerships,2026-03,3,2026-03-27
593,Mumbai,Organic,2025-10,10,2026-01-31
594,Bengaluru,Paid Social,2025-04,3,2025-04-21
595,Pune,Organic,2026-06,5,2026-07-25
596,Delhi NCR,Influencer,2025-09,3,2025-09-28
597,Bengaluru,Paid Social,2026-05,6,2026-06-11
598,Delhi NCR,App Store Search,2026-02,2,2026-02-18
599,Bengaluru,Paid Social,2026-08,4,2026-08-26
600,Pune,Partnerships,2026-07,1,2026-07-06
601,Bengaluru,Organic,2025-12,7,2026-01-04
602,Bengaluru,Partnerships,2026-04,3,2026-04-27
603,Chennai,Referral,2026-05,17,2026-09-09
604,Pune,Organic,2026-08,3,2026-09-15
605,Mumbai,Paid Social,2026-07,13,2026-09-15
606,Mumbai,Partnerships,2026-09,3,2026-09-08
607,Hyderabad,Organic,2026-07,1,2026-07-17
608,Bengaluru,Paid Social,2026-04,2,2026-04-21
609,Mumbai,Paid Social,2026-05,1,2026-05-18
610,Pune,Paid Social,2026-01,2,2026-01-29
611,Bengaluru,App Store Search,2025-10,5,2025-12-30
612,Mumbai,App Store Search,2025-11,2,2025-11-22
613,Mumbai,Paid Social,2025-05,9,2025-07-20
614,Bengaluru,Organic,2026-05,1,2026-05-14
615,Bengaluru,Referral,2025-07,5,2025-07-27
616,Bengaluru,Organic,2026-07,2,2026-07-17
617,Delhi NCR,Paid Social,2026-02,15,2026-05-31
618,Bengaluru,Influencer,2026-07,8,2026-08-27
619,Bengaluru,Influencer,2025-10,2,2025-10-31
620,Mumbai,Organic,2025-09,2,2025-09-23
621,Delhi NCR,Referral,2026-06,10,2026-08-15
622,Chennai,Paid Social,2026-05,1,2026-05-21
623,Mumbai,Organic,2026-01,8,2026-03-20
624,Bengaluru,Referral,2026-01,2,2026-02-09
625,Bengaluru,Referral,2026-02,5,2026-03-29
626,Delhi NCR,App Store Search,2026-07,3,2026-07-22
627,Delhi NCR,Paid Social,2025-08,7,2025-09-23
628,Delhi NCR,Organic,2025-11,8,2025-12-27
629,Bengaluru,Paid Social,2026-02,2,2026-02-25
630,Bengaluru,Influencer,2026-07,4,2026-07-19
631,Bengaluru,Organic,2026-08,7,2026-09-14
632,Hyderabad,Organic,2026-09,2,2026-09-14
633,Pune,Influencer,2026-09,2,2026-09-11
634,Chennai,Organic,2026-06,6,2026-07-28
635,Pune,Referral,2026-05,7,2026-06-29
636,Mumbai,Organic,2026-04,5,2026-05-10
637,Delhi NCR,Referral,2025-07,3,2025-07-30
638,Pune,Paid Social,2026-03,9,2026-05-21
639,Bengaluru,App Store Search,2026-09,2,2026-09-14
640,Mumbai,Organic,2025-10,14,2026-01-23
642,Bengaluru,Paid Social,2026-07,7,2026-08-23
643,Pune,Referral,2025-11,4,2025-12-19
644,Hyderabad,Referral,2026-01,3,2026-02-25
645,Chennai,Organic,2026-01,6,2026-02-27
646,Delhi NCR,Organic,2026-01,12,2026-04-30
647,Mumbai,Organic,2026-06,10,2026-09-09
648,Bengaluru,Paid Social,2026-07,2,2026-07-21
649,Pune,Partnerships,2026-02,10,2026-05-23
650,Delhi NCR,Influencer,2025-08,13,2025-10-31
651,Mumbai,Organic,2025-09,1,2025-09-10
652,Delhi NCR,Organic,2025-06,3,2025-06-28
653,Bengaluru,Paid Social,2026-02,4,2026-03-23
654,Mumbai,Organic,2025-12,4,2026-01-09
655,Delhi NCR,Referral,2026-01,8,2026-03-27
656,Bengaluru,Organic,2025-05,17,2026-01-26
657,Mumbai,App Store Search,2026-01,10,2026-04-28
658,Mumbai,Referral,2026-03,14,2026-09-14
659,Bengaluru,Paid Social,2026-03,2,2026-03-28
660,Mumbai,App Store Search,2025-08,5,2025-08-29
661,Hyderabad,Referral,2025-08,2,2025-08-22
662,Pune,App Store Search,2025-12,5,2025-12-14
663,Delhi NCR,Partnerships,2026-08,3,2026-09-02
664,Bengaluru,Paid Social,2026-02,1,2026-02-07
665,Bengaluru,Partnerships,2026-01,2,2026-01-13
666,Bengaluru,App Store Search,2026-02,2,2026-02-12
667,Bengaluru,Partnerships,2026-03,5,2026-03-31
668,Mumbai,Organic,2025-09,3,2025-09-28
669,Hyderabad,Paid Social,2026-01,2,2026-01-17
670,Bengaluru,Influencer,2026-02,1,2026-02-14
671,Mumbai,Organic,2026-09,0,
672,Mumbai,Paid Social,2026-07,3,2026-07-09
673,Bengaluru,Paid Social,2026-07,3,2026-07-25
674,Mumbai,Organic,2026-09,1,2026-09-06
675,Bengaluru,Paid Social,2025-06,3,2025-06-27
676,Bengaluru,Organic,2026-05,4,2026-05-31
677,Delhi NCR,Paid Social,2025-11,1,2025-11-05
678,Mumbai,Paid Social,2026-06,4,2026-07-10
679,Mumbai,Paid Social,2026-07,4,2026-08-27
680,Bengaluru,Paid Social,2026-08,2,2026-08-27
681,Bengaluru,Organic,2026-03,5,2026-05-24
682,Bengaluru,Organic,2026-06,7,2026-07-27
683,Pune,Referral,2026-08,2,2026-08-09
684,Delhi NCR,Partnerships,2026-06,3,2026-06-23
685,Mumbai,Paid Social,2025-09,10,2025-11-26
686,Mumbai,Referral,2025-10,13,2026-01-24
687,Bengaluru,Organic,2026-08,2,2026-08-28
688,Bengaluru,Organic,2025-08,6,2025-09-27
689,Bengaluru,Organic,2025-06,9,2025-08-10
690,Bengaluru,Paid Social,2026-01,5,2026-01-23
691,Bengaluru,Organic,2025-12,8,2026-01-28
692,Bengaluru,App Store Search,2025-10,3,2025-10-31
693,Chennai,Paid Social,2026-08,3,2026-08-18
694,Mumbai,App Store Search,2025-12,3,2025-12-17
695,Pune,Influencer,2026-07,2,2026-07-08
696,Mumbai,App Store Search,2026-06,10,2026-07-21
697,Bengaluru,Organic,2026-08,4,2026-09-10
698,Chennai,Organic,2026-07,4,2026-08-31
699,Delhi NCR,App Store Search,2025-06,1,2025-06-17
700,Pune,App Store Search,2026-04,8,2026-07-08
701,Bengaluru,Paid Social,2025-12,3,2025-12-30
702,Bengaluru,Organic,2026-02,5,2026-02-27
703,Mumbai,App Store Search,2026-02,3,2026-03-13
704,Bengaluru,Paid Social,2026-08,4,2026-08-31
705,Bengaluru,Paid Social,2026-03,2,2026-03-05
706,Bengaluru,Organic,2026-03,4,2026-04-12
707,Mumbai,Paid Social,2026-04,5,2026-05-30
708,Pune,Partnerships,2025-11,2,2025-11-29
709,Pune,App Store Search,2026-09,1,2026-09-15
710,Bengaluru,Organic,2026-03,5,2026-04-19
711,Pune,Organic,2026-04,3,2026-04-25
712,Hyderabad,Paid Social,2025-10,15,2025-12-17
713,Delhi NCR,Referral,2025-07,7,2025-09-07
714,Pune,Paid Social,2025-07,8,2025-08-31
715,Bengaluru,Organic,2026-05,3,2026-05-12
716,Hyderabad,Organic,2026-08,2,2026-08-23
717,Bengaluru,Referral,2026-04,13,2026-08-30
718,Mumbai,Organic,2025-09,20,2026-04-25
719,Chennai,App Store Search,2026-05,8,2026-06-30
720,Mumbai,Organic,2026-08,2,2026-09-01
721,Bengaluru,Influencer,2026-08,6,2026-09-08
722,Bengaluru,Paid Social,2026-01,2,2026-01-29
723,Mumbai,Influencer,2025-10,3,2025-10-28
724,Bengaluru,Organic,2026-06,4,2026-07-31
725,Bengaluru,Paid Social,2026-05,2,2026-05-07
726,Delhi NCR,Influencer,2025-08,10,2025-09-28
727,Pune,Organic,2026-08,3,2026-08-28
728,Bengaluru,Paid Social,2026-01,3,2026-01-30
729,Bengaluru,Paid Social,2025-07,6,2025-09-10
730,Bengaluru,Organic,2026-01,4,2026-02-26
731,Bengaluru,Paid Social,2026-05,4,2026-05-16
733,Mumbai,Partnerships,2026-04,11,2026-05-28
734,Mumbai,App Store Search,2026-08,3,2026-08-23
735,Bengaluru,Referral,2026-02,6,2026-02-22
736,Chennai,Organic,2026-05,8,2026-07-31
737,Delhi NCR,App Store Search,2025-09,5,2025-10-14
738,Mumbai,App Store Search,2026-06,5,2026-07-14
739,Delhi NCR,App Store Search,2026-05,4,2026-05-28
740,Pune,Organic,2026-08,2,2026-08-29
741,Mumbai,App Store Search,2025-10,5,2025-12-08
742,Delhi NCR,Organic,2026-02,10,2026-04-25
743,Bengaluru,Organic,2026-06,5,2026-07-28
744,Bengaluru,App Store Search,2026-08,1,2026-08-05
745,Bengaluru,Partnerships,2025-12,6,2026-01-25
746,Delhi NCR,Paid Social,2026-05,10,2026-06-28
747,Bengaluru,Referral,2025-06,10,2025-08-31
748,Bengaluru,Referral,2025-04,4,2025-05-30
749,Hyderabad,Paid Social,2026-07,2,2026-07-29
750,Mumbai,Paid Social,2026-02,7,2026-03-27
751,Mumbai,Referral,2026-02,3,2026-02-14
752,Hyderabad,Organic,2026-09,1,2026-09-13
753,Mumbai,Paid Social,2025-10,12,2026-01-30
754,Bengaluru,App Store Search,2025-10,16,2026-02-16
755,Mumbai,Organic,2026-08,5,2026-08-27
756,Bengaluru,Organic,2026-02,9,2026-04-22
757,Bengaluru,Organic,2026-09,0,
758,Bengaluru,Paid Social,2026-04,1,2026-04-28
759,Delhi NCR,App Store Search,2026-01,3,2026-01-29
760,Bengaluru,Referral,2026-02,4,2026-02-21
761,Hyderabad,Paid Social,2026-02,3,2026-03-13
762,Bengaluru,Organic,2025-10,2,2025-10-28
763,Delhi NCR,Referral,2025-12,9,2026-02-25
764,Bengaluru,App Store Search,2026-07,3,2026-07-31
765,Bengaluru,Organic,2025-05,4,2025-05-27
766,Pune,Paid Social,2025-11,11,2026-02-28
767,Mumbai,Paid Social,2026-07,6,2026-09-09
768,Mumbai,Organic,2026-09,1,2026-09-04
769,Pune,Paid Social,2025-06,4,2025-07-18
770,Hyderabad,Referral,2026-06,10,2026-08-21
771,Bengaluru,Paid Social,2026-02,5,2026-02-28
772,Mumbai,Paid Social,2026-03,3,2026-04-30
773,Bengaluru,Paid Social,2025-11,4,2025-11-30
774,Bengaluru,Referral,2026-08,3,2026-08-20
775,Bengaluru,App Store Search,2026-06,2,2026-06-30
776,Bengaluru,Organic,2025-09,2,2025-09-25
777,Bengaluru,Partnerships,2026-06,12,2026-09-14
778,Bengaluru,Organic,2026-06,4,2026-07-17
779,Delhi NCR,Paid Social,2026-06,8,2026-07-27
780,Bengaluru,Partnerships,2026-04,6,2026-06-27
781,Bengaluru,Organic,2025-10,4,2025-10-25
782,Mumbai,App Store Search,2026-04,4,2026-04-16
783,Pune,App Store Search,2026-08,5,2026-08-27
784,Bengaluru,Organic,2026-04,4,2026-04-26
785,Bengaluru,Referral,2026-08,4,2026-08-30
786,Chennai,Paid Social,2026-04,10,2026-06-16
787,Mumbai,Organic,2025-08,4,2025-10-24
788,Mumbai,Influencer,2025-07,3,2025-07-27
789,Bengaluru,App Store Search,2025-10,2,2025-10-13
790,Bengaluru,Referral,2026-08,3,2026-09-15
791,Bengaluru,Referral,2026-06,2,2026-06-28
792,Pune,Referral,2026-07,5,2026-08-16
793,Delhi NCR,Referral,2025-12,8,2026-02-25
794,Chennai,Referral,2026-06,11,2026-08-25
795,Mumbai,Partnerships,2026-06,8,2026-08-14
796,Bengaluru,Paid Social,2025-10,2,2025-10-26
797,Mumbai,Organic,2026-04,3,2026-04-24
798,Mumbai,Referral,2026-04,5,2026-05-27
799,Delhi NCR,Referral,2026-06,6,2026-07-21
800,Pune,Paid Social,2026-05,1,2026-05-09
801,Delhi NCR,Organic,2025-08,6,2025-09-29
802,Mumbai,Referral,2026-08,3,2026-08-20
803,Bengaluru,Organic,2026-04,2,2026-04-11
804,Delhi NCR,Referral,2026-07,6,2026-08-28
805,Delhi NCR,Paid Social,2026-01,6,2026-01-23
806,Hyderabad,Paid Social,2026-06,2,2026-06-05
807,Mumbai,Organic,2025-06,2,2025-06-27
808,Bengaluru,Influencer,2026-01,3,2026-01-27
809,Mumbai,Organic,2025-11,9,2026-02-20
810,Bengaluru,Paid Social,2026-07,3,2026-07-30
811,Pune,Organic,2026-07,3,2026-07-22
812,Delhi NCR,Paid Social,2026-09,0,
813,Bengaluru,Influencer,2026-08,5,2026-09-15
814,Mumbai,Organic,2026-04,6,2026-06-20
815,Pune,Organic,2026-03,3,2026-04-26
816,Delhi NCR,App Store Search,2026-08,3,2026-09-07
817,Bengaluru,Influencer,2025-07,6,2025-08-17
818,Hyderabad,Referral,2026-04,12,2026-06-22
819,Mumbai,Organic,2026-02,26,2026-09-10
820,Bengaluru,App Store Search,2025-11,4,2025-11-28
822,Bengaluru,Paid Social,2025-09,2,2025-09-20
823,Mumbai,Influencer,2026-05,16,2026-08-17
824,Bengaluru,Influencer,2026-08,1,2026-08-28
825,Pune,Referral,2026-05,11,2026-08-27
826,Delhi NCR,Organic,2026-05,8,2026-07-19
827,Chennai,App Store Search,2026-06,5,2026-07-28
828,Mumbai,Paid Social,2025-05,1,2025-05-11
829,Mumbai,Paid Social,2026-02,5,2026-04-15
830,Bengaluru,Paid Social,2026-03,8,2026-05-24
831,Chennai,Paid Social,2026-01,3,2026-01-20
832,Bengaluru,Paid Social,2026-04,2,2026-04-22
833,Delhi NCR,Organic,2026-08,8,2026-09-07
834,Delhi NCR,Organic,2025-05,9,2025-07-27
835,Mumbai,Referral,2025-06,9,2025-07-31
836,Delhi NCR,Paid Social,2026-06,9,2026-07-26
837,Delhi NCR,Organic,2026-01,10,2026-03-26
838,Bengaluru,Partnerships,2026-05,6,2026-07-08
839,Bengaluru,App Store Search,2026-04,7,2026-06-28
840,Pune,Referral,2026-04,7,2026-06-28
841,Delhi NCR,Organic,2026-07,6,2026-09-06
842,Hyderabad,App Store Search,2025-08,4,2025-08-19
843,Bengaluru,Organic,2025-10,1,2025-10-19
844,Mumbai,Organic,2026-01,2,2026-01-21
845,Mumbai,App Store Search,2026-02,2,2026-02-23
846,Hyderabad,Organic,2026-06,7,2026-07-23
847,Bengaluru,Organic,2026-08,5,2026-08-30
848,Mumbai,Partnerships,2026-08,7,2026-09-01
849,Mumbai,Paid Social,2026-05,8,2026-06-17
850,Pune,Organic,2025-06,5,2025-06-25
851,Delhi NCR,Referral,2025-11,8,2026-01-15
852,Mumbai,App Store Search,2026-08,6,2026-09-13
853,Mumbai,Organic,2026-06,11,2026-08-25
854,Mumbai,App Store Search,2025-10,4,2025-10-31
855,Pune,App Store Search,2026-08,1,2026-08-10
856,Chennai,Influencer,2026-02,2,2026-02-12
857,Delhi NCR,Paid Social,2026-02,11,2026-04-25
858,Mumbai,Organic,2025-12,26,2026-06-29
859,Bengaluru,Influencer,2026-03,1,2026-03-10
860,Delhi NCR,Paid Social,2026-03,9,2026-05-10
861,Mumbai,App Store Search,2025-10,7,2025-11-22
862,Bengaluru,App Store Search,2026-06,5,2026-07-26
863,Delhi NCR,Organic,2026-07,2,2026-07-17
864,Hyderabad,App Store Search,2026-06,4,2026-06-17
865,Delhi NCR,Partnerships,2026-07,4,2026-07-20
866,Mumbai,App Store Search,2026-07,3,2026-07-17
867,Mumbai,Paid Social,2026-08,3,2026-09-02
868,Delhi NCR,Organic,2025-08,2,2025-08-29
869,Pune,Paid Social,2026-01,2,2026-01-21
870,Bengaluru,App Store Search,2026-03,4,2026-03-17
871,Hyderabad,Paid Social,2025-09,14,2025-12-17
872,Mumbai,Paid Social,2026-05,10,2026-09-07
873,Mumbai,Referral,2026-03,19,2026-09-03
874,Mumbai,App Store Search,2026-03,1,2026-03-25
875,Pune,App Store Search,2026-01,3,2026-01-20
876,Pune,Referral,2025-09,1,2025-09-06
877,Bengaluru,Organic,2026-06,1,2026-06-26
878,Delhi NCR,Paid Social,2025-11,13,2026-04-16
879,Hyderabad,App Store Search,2026-03,10,2026-07-28
880,Chennai,Organic,2026-08,7,2026-09-13
881,Pune,Paid Social,2025-06,3,2025-07-21
882,Hyderabad,Paid Social,2026-06,5,2026-07-18
883,Mumbai,Referral,2026-07,3,2026-07-24
884,Mumbai,Organic,2026-08,3,2026-08-11
885,Bengaluru,Partnerships,2026-05,7,2026-05-27
886,Bengaluru,Organic,2025-11,3,2025-11-23
888,Chennai,Paid Social,2025-10,7,2025-11-26
889,Mumbai,Paid Social,2026-07,3,2026-07-27
890,Mumbai,App Store Search,2025-09,3,2025-09-19
891,Pune,Paid Social,2025-09,15,2025-12-19
892,Hyderabad,Organic,2025-07,2,2025-07-31
893,Mumbai,Organic,2026-01,11,2026-04-26
894,Mumbai,Paid Social,2025-10,1,2025-10-02
895,Delhi NCR,Organic,2026-04,3,2026-04-30
896,Pune,App Store Search,2025-10,6,2025-12-24
897,Mumbai,Organic,2026-07,6,2026-08-17
898,Bengaluru,Organic,2026-03,3,2026-03-31
899,Bengaluru,App Store Search,2026-06,5,2026-08-06
900,Bengaluru,App Store Search,2026-08,2,2026-08-17
901,Hyderabad,Referral,2026-06,7,2026-08-30
902,Mumbai,Influencer,2026-05,3,2026-05-24
903,Bengaluru,Organic,2025-12,14,2026-03-28
904,Hyderabad,Referral,2026-03,6,2026-04-22
905,Pune,Organic,2026-09,2,2026-09-15
906,Pune,Organic,2026-08,3,2026-08-31
907,Pune,Referral,2026-01,2,2026-01-22
908,Mumbai,Organic,2025-11,28,2026-08-27
909,Bengaluru,Referral,2025-08,4,2025-08-19
910,Mumbai,Referral,2025-10,16,2026-01-29
911,Delhi NCR,Influencer,2026-04,12,2026-07-07
912,Mumbai,Organic,2026-07,1,2026-07-29
913,Delhi NCR,App Store Search,2026-09,1,2026-09-13
914,Delhi NCR,Paid Social,2026-05,5,2026-05-22
915,Delhi NCR,Partnerships,2026-06,11,2026-09-11
916,Mumbai,Referral,2025-07,15,2025-11-17
917,Bengaluru,Paid Social,2025-11,2,2025-11-30
918,Delhi NCR,Organic,2025-10,2,2025-10-29
919,Bengaluru,Referral,2026-08,4,2026-08-16
920,Bengaluru,Paid Social,2025-06,4,2025-07-24
921,Bengaluru,Paid Social,2026-04,4,2026-04-27
922,Hyderabad,Referral,2026-01,24,2026-07-25
923,Bengaluru,Partnerships,2026-08,5,2026-09-10
924,Delhi NCR,Organic,2026-03,3,2026-03-19
925,Pune,Organic,2026-06,2,2026-06-26
926,Mumbai,App Store Search,2026-03,17,2026-08-25
927,Delhi NCR,Referral,2026-05,22,2026-09-14
928,Bengaluru,Organic,2026-01,17,2026-09-11
929,Pune,Paid Social,2026-02,3,2026-02-15
930,Bengaluru,Referral,2025-10,16,2026-02-27
931,Bengaluru,App Store Search,2025-07,4,2025-07-25
932,Mumbai,Paid Social,2026-01,3,2026-01-30
933,Pune,App Store Search,2025-12,5,2026-01-31
934,Hyderabad,Paid Social,2026-06,2,2026-06-20
935,Pune,Paid Social,2026-02,2,2026-02-12
936,Mumbai,Organic,2025-12,2,2025-12-08
937,Mumbai,Paid Social,2025-08,2,2025-08-08
938,Mumbai,Organic,2026-08,3,2026-08-24
939,Delhi NCR,Organic,2026-02,9,2026-04-21
940,Bengaluru,Organic,2025-08,21,2026-01-16
941,Bengaluru,Paid Social,2026-02,3,2026-02-26
942,Bengaluru,Organic,2025-09,5,2025-09-24
943,Mumbai,Paid Social,2025-12,10,2026-01-16
944,Bengaluru,Influencer,2025-05,3,2025-05-25
945,Bengaluru,Organic,2025-09,8,2025-11-21
946,Chennai,Referral,2026-06,11,2026-09-11
947,Chennai,Partnerships,2025-12,4,2026-01-20
948,Bengaluru,Paid Social,2026-05,1,2026-05-30
949,Mumbai,Organic,2026-08,7,2026-08-29
950,Chennai,Referral,2026-04,1,2026-04-06
951,Chennai,Influencer,2025-12,20,2026-06-29
952,Delhi NCR,Organic,2026-06,9,2026-08-30
953,Mumbai,Paid Social,2026-05,2,2026-05-20
954,Bengaluru,App Store Search,2025-11,18,2026-04-26
955,Bengaluru,Partnerships,2026-06,2,2026-06-29
956,Bengaluru,Referral,2025-09,2,2025-10-01
957,Bengaluru,Referral,2026-04,6,2026-05-20
958,Delhi NCR,Referral,2026-01,2,2026-01-31
959,Delhi NCR,Paid Social,2025-10,13,2026-01-25
960,Hyderabad,Paid Social,2026-06,10,2026-09-14
961,Bengaluru,Organic,2025-07,2,2025-07-06
962,Bengaluru,Organic,2026-09,0,
963,Pune,Organic,2025-09,7,2025-11-28
964,Mumbai,App Store Search,2025-12,2,2025-12-14
965,Chennai,Organic,2026-08,11,2026-09-10
966,Pune,Influencer,2025-09,1,2025-09-04
967,Mumbai,Organic,2026-01,6,2026-02-22
968,Bengaluru,Influencer,2025-11,25,2026-06-11
969,Pune,Organic,2026-09,3,2026-09-14
970,Delhi NCR,Paid Social,2025-11,9,2026-02-28
971,Bengaluru,Paid Social,2025-12,6,2026-01-27
972,Bengaluru,Referral,2026-03,6,2026-05-29
973,Bengaluru,Paid Social,2026-08,3,2026-08-29
974,Pune,Referral,2026-05,9,2026-07-23
975,Delhi NCR,Referral,2026-08,5,2026-09-11
976,Bengaluru,Referral,2025-08,16,2026-02-23
977,Bengaluru,Organic,2025-11,8,2026-01-24
978,Mumbai,Referral,2025-09,5,2025-10-19
979,Pune,Paid Social,2026-07,2,2026-07-29
980,Mumbai,Paid Social,2026-04,13,2026-06-20
981,Delhi NCR,Partnerships,2025-10,13,2026-01-25
982,Bengaluru,Referral,2026-07,2,2026-08-09
983,Bengaluru,Organic,2026-06,10,2026-07-29
984,Pune,Organic,2026-04,1,2026-04-02
985,Bengaluru,Organic,2026-06,3,2026-06-24
986,Hyderabad,Referral,2026-07,4,2026-09-07
987,Bengaluru,Influencer,2026-06,5,2026-06-27
988,Bengaluru,Organic,2025-12,6,2026-01-08
989,Mumbai,Paid Social,2026-06,2,2026-06-22
990,Delhi NCR,Organic,2025-12,6,2026-01-20
991,Bengaluru,Referral,2026-07,3,2026-07-24
992,Mumbai,Organic,2026-07,2,2026-07-14
993,Bengaluru,Partnerships,2025-11,12,2026-03-24
994,Delhi NCR,Organic,2026-05,9,2026-07-17
995,Bengaluru,Paid Social,2026-05,3,2026-05-26
996,Hyderabad,Paid Social,2026-07,5,2026-08-29
997,Pune,Paid Social,2026-09,1,2026-09-06
998,Delhi NCR,Organic,2026-08,3,2026-08-31
999,Hyderabad,Referral,2025-10,19,2026-05-04
1000,Pune,Paid Social,2026-05,4,2026-06-07
1001,Delhi NCR,Organic,2025-09,11,2025-11-07
1002,Bengaluru,Paid Social,2026-04,2,2026-04-29
1003,Bengaluru,Paid Social,2026-08,2,2026-08-19
1004,Mumbai,Organic,2026-02,13,2026-05-07
1005,Delhi NCR,Organic,2026-02,2,2026-02-20
1006,Chennai,Referral,2026-08,4,2026-09-11
1007,Hyderabad,Paid Social,2026-08,1,2026-08-21
1008,Delhi NCR,Organic,2026-05,1,2026-05-01
1009,Bengaluru,Referral,2025-08,19,2025-12-30
1010,Pune,Paid Social,2026-06,2,2026-06-26
1011,Bengaluru,Paid Social,2026-02,5,2026-02-20
1012,Hyderabad,Influencer,2026-08,4,2026-09-14
1013,Pune,Paid Social,2026-09,2,2026-09-15
1014,Bengaluru,Paid Social,2025-07,2,2025-07-16
1015,Bengaluru,Partnerships,2025-10,5,2025-10-27
1016,Bengaluru,App Store Search,2026-09,0,
1017,Delhi NCR,Paid Social,2026-05,3,2026-06-29
1018,Delhi NCR,Influencer,2025-10,2,2025-10-07
1019,Bengaluru,Referral,2025-11,23,2026-06-29
1020,Delhi NCR,Referral,2026-02,3,2026-03-05
1021,Bengaluru,Organic,2026-05,6,2026-08-28
1022,Bengaluru,Paid Social,2025-09,6,2025-09-27
1023,Bengaluru,Organic,2026-02,12,2026-04-24
1024,Bengaluru,Organic,2026-04,14,2026-07-26
1025,Delhi NCR,Paid Social,2026-08,6,2026-09-14
1026,Hyderabad,Organic,2025-10,3,2025-11-28
1027,Delhi NCR,App Store Search,2026-06,6,2026-06-23
1028,Bengaluru,Paid Social,2026-07,4,2026-07-29
1029,Bengaluru,Partnerships,2025-10,2,2025-10-26
1030,Bengaluru,Referral,2026-07,8,2026-09-06
1031,Delhi NCR,App Store Search,2026-06,8,2026-08-24
1032,Bengaluru,Referral,2025-04,3,2025-05-18
1033,Mumbai,Organic,2025-08,3,2025-08-23
1034,Bengaluru,Organic,2025-07,10,2025-09-23
1035,Hyderabad,Partnerships,2026-02,1,2026-02-26
1036,Chennai,Referral,2026-01,10,2026-05-24
1037,Delhi NCR,Organic,2026-06,4,2026-07-30
1038,Bengaluru,Referral,2025-07,3,2025-07-31
1039,Chennai,Referral,2026-07,1,2026-07-02
1040,Chennai,Organic,2026-07,7,2026-09-10
1041,Hyderabad,Organic,2026-02,8,2026-03-31
1042,Mumbai,Organic,2026-08,3,2026-08-30
1043,Mumbai,Organic,2025-10,3,2025-10-31
1044,Bengaluru,App Store Search,2026-06,6,2026-07-24
1045,Bengaluru,Organic,2025-12,4,2025-12-28
1047,Delhi NCR,Paid Social,2026-01,3,2026-01-30
1048,Bengaluru,Influencer,2025-09,7,2025-11-28
1049,Pune,Influencer,2026-08,7,2026-09-14
1050,Delhi NCR,Paid Social,2026-08,9,2026-09-12
1051,Bengaluru,Organic,2025-07,3,2025-07-27
1052,Bengaluru,Referral,2026-01,2,2026-01-20
1053,Pune,Organic,2026-04,9,2026-06-30
1054,Pune,Organic,2026-01,2,2026-01-18
1055,Bengaluru,Organic,2025-12,1,2025-12-23
1056,Pune,Referral,2026-06,2,2026-06-30
1057,Bengaluru,Referral,2026-07,12,2026-08-24
1058,Bengaluru,Paid Social,2026-05,2,2026-05-29
1059,Mumbai,Paid Social,2025-08,4,2025-08-23
1060,Bengaluru,Organic,2025-09,6,2025-10-31
1061,Chennai,Paid Social,2026-03,3,2026-04-26
1062,Bengaluru,Paid Social,2026-08,5,2026-08-30
1063,Hyderabad,Organic,2026-01,1,2026-01-04
1064,Mumbai,App Store Search,2026-01,8,2026-03-19
1065,Hyderabad,Partnerships,2026-04,5,2026-05-21
1066,Mumbai,Paid Social,2025-11,9,2026-01-21
1067,Bengaluru,Organic,2026-07,5,2026-08-13
1068,Bengaluru,Organic,2026-04,4,2026-04-28
1069,Bengaluru,Organic,2026-06,7,2026-08-28
1070,Mumbai,Organic,2026-01,1,2026-01-01
1071,Bengaluru,Partnerships,2026-06,2,2026-06-25
1072,Bengaluru,Referral,2026-09,1,2026-09-09
1073,Delhi NCR,Referral,2026-06,4,2026-08-07
1074,Pune,Paid Social,2026-03,10,2026-05-31
1075,Bengaluru,Referral,2025-08,6,2025-08-26
1077,Bengaluru,Referral,2026-05,3,2026-06-07
1078,Mumbai,Paid Social,2025-08,18,2025-11-26
1079,Mumbai,Paid Social,2026-06,2,2026-06-21
1080,Mumbai,Partnerships,2026-03,3,2026-04-06
1081,Pune,Paid Social,2026-03,3,2026-03-26
1082,Bengaluru,Paid Social,2026-08,4,2026-09-06
1083,Bengaluru,Referral,2026-09,1,2026-09-09
1084,Bengaluru,Organic,2025-07,4,2025-07-26
1085,Delhi NCR,Influencer,2025-07,2,2025-07-21
1086,Hyderabad,Referral,2026-05,10,2026-08-11
1087,Bengaluru,App Store Search,2025-07,1,2025-07-28
1088,Bengaluru,Paid Social,2025-07,1,2025-07-07
1089,Bengaluru,Referral,2026-02,2,2026-02-22
1090,Pune,App Store Search,2026-04,14,2026-07-22
1091,Mumbai,Paid Social,2026-07,6,2026-08-28
1092,Bengaluru,Organic,2026-08,6,2026-09-12
1093,Bengaluru,Paid Social,2025-11,3,2025-11-21
1094,Mumbai,Influencer,2026-03,3,2026-03-21
1095,Bengaluru,Paid Social,2026-03,8,2026-04-26
1096,Pune,Organic,2025-09,6,2025-10-24
1097,Mumbai,App Store Search,2026-05,7,2026-07-03
1098,Delhi NCR,Paid Social,2026-07,6,2026-07-25
1099,Bengaluru,Organic,2025-08,17,2025-11-28
1100,Bengaluru,Paid Social,2026-03,5,2026-04-30
1101,Delhi NCR,Referral,2026-03,2,2026-03-27
1102,Delhi NCR,Paid Social,2025-12,7,2026-01-20
1103,Delhi NCR,Paid Social,2026-04,1,2026-04-10
1104,Bengaluru,Referral,2026-06,8,2026-08-21
1105,Bengaluru,Influencer,2026-02,1,2026-02-05
1106,Bengaluru,Organic,2026-07,8,2026-09-07
1107,Mumbai,Organic,2026-02,2,2026-02-16
1108,Hyderabad,Partnerships,2026-04,18,2026-09-13
1109,Bengaluru,Influencer,2026-08,2,2026-08-24
1110,Mumbai,Referral,2025-10,5,2025-11-30
1111,Mumbai,Paid Social,2026-08,2,2026-08-22
1112,Bengaluru,Referral,2025-09,3,2025-09-27
1113,Chennai,App Store Search,2025-11,4,2025-11-19
1114,Hyderabad,Organic,2025-10,2,2025-10-27
1115,Delhi NCR,Organic,2026-05,6,2026-06-27
1116,Pune,Influencer,2026-03,1,2026-03-08
1117,Hyderabad,Paid Social,2026-07,1,2026-07-15
1118,Bengaluru,Organic,2026-03,3,2026-03-29
1119,Delhi NCR,Paid Social,2025-09,0,
1120,Bengaluru,Organic,2025-12,6,2026-01-29
1121,Delhi NCR,Organic,2026-07,8,2026-09-15
1122,Pune,Paid Social,2026-07,2,2026-07-16
1123,Delhi NCR,Organic,2026-02,1,2026-02-05
1124,Mumbai,App Store Search,2025-08,8,2025-10-15
1126,Mumbai,Organic,2026-09,1,2026-09-04
1127,Bengaluru,Paid Social,2026-04,6,2026-04-23
1128,Bengaluru,Referral,2025-04,4,2025-04-14
1129,Bengaluru,Organic,2025-10,7,2025-12-25
1130,Mumbai,Paid Social,2026-08,3,2026-09-08
1131,Delhi NCR,Paid Social,2026-06,4,2026-07-29
1132,Pune,Paid Social,2026-06,5,2026-06-29
1133,Bengaluru,Partnerships,2025-06,4,2025-06-19
1134,Pune,Influencer,2026-08,4,2026-09-04
1135,Bengaluru,Paid Social,2026-07,7,2026-08-23
1136,Pune,Organic,2025-04,4,2025-04-25
1138,Bengaluru,Partnerships,2025-12,4,2026-01-29
1139,Mumbai,Paid Social,2026-02,8,2026-04-28
1140,Mumbai,Paid Social,2026-04,7,2026-05-17
1141,Pune,Influencer,2026-08,4,2026-09-12
1142,Delhi NCR,Referral,2026-02,6,2026-03-30
1143,Pune,Referral,2026-04,2,2026-04-08
1144,Pune,App Store Search,2026-05,2,2026-05-12
1145,Bengaluru,Referral,2026-03,6,2026-04-30
1146,Bengaluru,Referral,2026-07,3,2026-07-19
1147,Bengaluru,Referral,2026-07,8,2026-09-13
1148,Pune,App Store Search,2026-01,2,2026-01-08
1149,Mumbai,Organic,2026-04,4,2026-04-13
1150,Delhi NCR,Paid Social,2026-06,6,2026-07-16
1151,Mumbai,Referral,2026-07,6,2026-09-11
1152,Bengaluru,Referral,2026-09,1,2026-09-11
1154,Pune,Organic,2026-05,4,2026-05-29
1155,Mumbai,Paid Social,2026-06,2,2026-06-17
1156,Hyderabad,Paid Social,2025-10,5,2025-11-28
1157,Mumbai,Organic,2026-02,10,2026-05-30
1158,Bengaluru,Paid Social,2026-07,3,2026-07-31
1159,Bengaluru,Paid Social,2025-05,3,2025-05-10
1160,Bengaluru,App Store Search,2026-06,4,2026-07-25
1161,Bengaluru,Organic,2026-04,3,2026-04-30
1162,Bengaluru,Paid Social,2026-08,4,2026-08-31
1163,Hyderabad,Paid Social,2025-12,3,2025-12-23
1164,Mumbai,Partnerships,2026-03,11,2026-06-10
1166,Mumbai,Paid Social,2026-01,2,2026-01-17
1167,Bengaluru,Paid Social,2026-07,5,2026-07-31
1168,Hyderabad,Paid Social,2026-05,7,2026-06-18
1169,Delhi NCR,Influencer,2026-03,11,2026-05-27
1170,Bengaluru,App Store Search,2026-09,0,
1171,Hyderabad,App Store Search,2026-04,5,2026-05-21
1172,Bengaluru,Organic,2026-06,4,2026-07-23
1173,Bengaluru,Paid Social,2026-02,3,2026-02-23
1174,Mumbai,Organic,2026-07,3,2026-07-30
1175,Pune,App Store Search,2025-07,4,2025-08-26
1176,Pune,Referral,2026-02,3,2026-02-16
1178,Mumbai,Organic,2026-07,8,2026-09-14
1179,Pune,App Store Search,2025-12,4,2025-12-29
1181,Hyderabad,Partnerships,2026-08,4,2026-09-05
1182,Mumbai,Organic,2025-12,2,2025-12-20
1183,Mumbai,Influencer,2025-11,2,2025-11-28
1184,Bengaluru,Organic,2025-09,2,2025-09-16
1185,Bengaluru,Referral,2025-11,3,2025-11-29
1186,Bengaluru,Influencer,2026-05,3,2026-05-24
1187,Delhi NCR,Paid Social,2026-06,3,2026-06-27
1188,Bengaluru,Partnerships,2025-12,13,2026-02-18
1189,Delhi NCR,Paid Social,2025-12,3,2025-12-26
1190,Pune,Paid Social,2026-05,1,2026-05-20
1191,Hyderabad,Referral,2026-06,3,2026-06-21
1192,Bengaluru,Partnerships,2025-08,3,2025-08-25
1193,Delhi NCR,Referral,2026-02,8,2026-06-11
1194,Bengaluru,Organic,2026-07,4,2026-08-30
1195,Pune,Organic,2026-04,2,2026-04-20
1196,Bengaluru,Organic,2026-07,9,2026-09-14
1197,Bengaluru,Paid Social,2026-06,9,2026-07-16
1199,Bengaluru,Paid Social,2025-10,1,2025-10-30
1200,Bengaluru,Organic,2025-12,25,2026-09-14
1201,Bengaluru,App Store Search,2026-02,6,2026-03-21
1202,Bengaluru,Influencer,2025-10,1,2025-10-12
1203,Hyderabad,Organic,2026-06,4,2026-07-22
1204,Mumbai,Organic,2025-10,3,2025-10-19
1205,Mumbai,Paid Social,2026-04,6,2026-04-28
1206,Delhi NCR,Paid Social,2025-12,1,2025-12-21
1207,Pune,Paid Social,2026-08,6,2026-09-15
1208,Delhi NCR,Organic,2025-12,5,2026-01-09
1209,Delhi NCR,Paid Social,2025-10,11,2026-01-31
1210,Mumbai,Organic,2025-10,7,2025-11-27
1211,Mumbai,Referral,2026-08,3,2026-08-29
1212,Mumbai,Referral,2025-06,1,2025-06-30
1213,Bengaluru,App Store Search,2026-04,1,2026-04-19
1214,Mumbai,Organic,2025-12,3,2026-01-05
1215,Bengaluru,Influencer,2026-02,3,2026-02-24
1216,Bengaluru,Referral,2026-04,12,2026-05-29
1217,Bengaluru,Paid Social,2025-09,5,2025-10-28
1218,Delhi NCR,App Store Search,2026-02,2,2026-02-21
1219,Hyderabad,Partnerships,2026-07,6,2026-09-09
1220,Pune,App Store Search,2026-07,10,2026-09-08
1221,Delhi NCR,Influencer,2026-07,7,2026-09-13
1222,Mumbai,Paid Social,2026-05,9,2026-08-23
1223,Pune,App Store Search,2026-02,1,2026-02-06
1224,Pune,Organic,2026-09,4,2026-09-15
1225,Delhi NCR,Influencer,2026-06,3,2026-06-28
1226,Hyderabad,Paid Social,2026-05,6,2026-06-24
1227,Bengaluru,Organic,2026-09,3,2026-09-15
1228,Delhi NCR,Paid Social,2026-07,7,2026-09-05
1230,Mumbai,Referral,2025-08,15,2025-12-28
1231,Bengaluru,Paid Social,2026-08,8,2026-09-13
1232,Bengaluru,Paid Social,2025-07,3,2025-07-08
1233,Mumbai,Paid Social,2026-06,12,2026-09-14
1234,Mumbai,Organic,2025-11,9,2026-01-31
1235,Hyderabad,Partnerships,2025-11,6,2025-12-17
1236,Bengaluru,Organic,2025-08,3,2025-08-23
1237,Bengaluru,Paid Social,2026-07,4,2026-07-25
1238,Bengaluru,Referral,2026-05,4,2026-05-28
1239,Hyderabad,Referral,2026-09,2,2026-09-14
1240,Pune,Paid Social,2026-07,5,2026-07-31
1241,Delhi NCR,App Store Search,2025-07,2,2025-07-27
1242,Chennai,App Store Search,2025-12,4,2025-12-24
1243,Hyderabad,Paid Social,2025-12,12,2026-02-08
1244,Hyderabad,Organic,2026-09,0,
1245,Mumbai,Organic,2026-06,4,2026-07-30
1246,Bengaluru,Organic,2025-05,6,2025-06-21
1247,Delhi NCR,Referral,2026-05,13,2026-07-27
1248,Pune,Organic,2026-02,9,2026-03-04
1249,Bengaluru,Paid Social,2025-10,5,2025-10-29
1250,Bengaluru,Organic,2025-05,1,2025-05-03
1251,Delhi NCR,Influencer,2026-05,1,2026-05-20
1252,Pune,Organic,2026-04,8,2026-05-11
1253,Delhi NCR,Paid Social,2025-07,5,2025-08-25
1254,Mumbai,Organic,2026-02,5,2026-03-31
1255,Delhi NCR,App Store Search,2026-07,5,2026-07-30
1256,Delhi NCR,Organic,2026-04,13,2026-07-31
1257,Delhi NCR,Organic,2026-04,11,2026-07-31
1258,Bengaluru,Referral,2026-08,3,2026-08-26
1259,Mumbai,Paid Social,2026-05,6,2026-05-30
1260,Mumbai,Paid Social,2025-12,12,2026-03-28
1261,Delhi NCR,App Store Search,2025-06,3,2025-06-28
1262,Bengaluru,Referral,2026-05,6,2026-06-29
1263,Delhi NCR,Partnerships,2026-04,19,2026-09-11
1264,Mumbai,Referral,2026-06,2,2026-06-21
1265,Bengaluru,Paid Social,2025-12,5,2026-01-24
1266,Bengaluru,Paid Social,2026-01,6,2026-01-30
1267,Delhi NCR,App Store Search,2025-11,2,2025-11-28
1268,Mumbai,Organic,2026-06,9,2026-08-17
1269,Mumbai,Referral,2025-06,2,2025-06-06
1270,Mumbai,Paid Social,2026-08,4,2026-09-04
1271,Delhi NCR,Referral,2025-11,26,2026-08-11
1272,Mumbai,Organic,2026-01,13,2026-04-25
1273,Bengaluru,Partnerships,2025-08,9,2025-09-25
1274,Mumbai,Partnerships,2025-04,6,2025-04-27
1275,Bengaluru,Referral,2026-02,5,2026-03-04
1276,Hyderabad,Paid Social,2026-06,3,2026-07-06
1277,Chennai,Partnerships,2025-11,3,2025-11-26
1278,Pune,Organic,2026-08,5,2026-08-30
1279,Bengaluru,Paid Social,2026-05,3,2026-05-16
1280,Mumbai,Referral,2026-08,4,2026-09-15
1281,Bengaluru,Organic,2026-02,5,2026-03-31
1282,Bengaluru,App Store Search,2025-09,11,2025-11-10
1283,Delhi NCR,Paid Social,2026-03,10,2026-04-30
1284,Delhi NCR,Influencer,2026-07,9,2026-09-14
1285,Mumbai,Paid Social,2026-07,3,2026-07-24
1286,Mumbai,Paid Social,2026-08,3,2026-08-31
1287,Mumbai,Paid Social,2025-12,2,2025-12-30
1288,Mumbai,Paid Social,2026-05,1,2026-06-11
1289,Bengaluru,Paid Social,2026-08,3,2026-09-05
1290,Hyderabad,Paid Social,2025-12,8,2026-02-20
1291,Mumbai,Organic,2026-07,2,2026-07-27
1292,Hyderabad,Referral,2026-04,4,2026-05-04
1293,Mumbai,Paid Social,2025-06,1,2025-06-02
1294,Bengaluru,Referral,2026-01,7,2026-03-20
1295,Mumbai,Organic,2025-08,5,2025-09-18
1296,Bengaluru,Referral,2025-10,12,2026-01-25
1297,Bengaluru,Organic,2026-08,4,2026-09-02
1298,Bengaluru,Organic,2026-08,4,2026-09-13
1299,Mumbai,Influencer,2026-09,0,
1300,Delhi NCR,Referral,2025-07,16,2025-12-31
1301,Chennai,Organic,2026-09,2,2026-09-08
1302,Mumbai,Organic,2025-12,10,2026-01-20
1303,Delhi NCR,Paid Social,2025-12,12,2026-03-15
1304,Bengaluru,Organic,2026-03,1,2026-03-15
1305,Mumbai,Partnerships,2025-09,4,2025-10-21
1306,Bengaluru,Organic,2026-03,12,2026-07-31
1307,Bengaluru,Organic,2025-10,7,2025-12-03
1308,Bengaluru,Referral,2026-03,18,2026-07-28
1309,Bengaluru,Referral,2026-02,1,2026-02-17
1310,Bengaluru,Organic,2026-01,12,2026-03-25
1311,Bengaluru,Partnerships,2026-03,5,2026-04-20
1312,Chennai,Paid Social,2026-09,1,2026-09-06
1313,Bengaluru,Organic,2025-12,2,2025-12-20
1314,Bengaluru,Paid Social,2025-08,1,2025-08-01
1315,Bengaluru,Referral,2025-10,2,2025-10-21
1316,Mumbai,Organic,2026-07,9,2026-09-14
1317,Mumbai,Paid Social,2025-10,6,2025-10-28
1318,Bengaluru,Referral,2025-09,2,2025-09-29
1319,Bengaluru,Influencer,2025-10,3,2025-10-10
1320,Bengaluru,Paid Social,2026-04,3,2026-04-16
1321,Bengaluru,Organic,2026-02,6,2026-02-25
1322,Delhi NCR,Organic,2025-11,5,2025-12-30
1323,Bengaluru,App Store Search,2026-08,5,2026-09-02
1324,Hyderabad,Referral,2026-06,9,2026-08-08
1325,Mumbai,Paid Social,2026-08,7,2026-09-10
1326,Mumbai,Paid Social,2026-05,13,2026-08-31
1327,Bengaluru,Paid Social,2026-01,5,2026-01-30
1328,Pune,App Store Search,2026-01,6,2026-02-20
1329,Mumbai,Organic,2026-06,7,2026-07-24
1330,Hyderabad,Organic,2026-04,3,2026-05-26
1331,Bengaluru,Paid Social,2025-11,3,2025-11-27
1332,Delhi NCR,Referral,2026-08,6,2026-09-15
1333,Mumbai,App Store Search,2026-02,3,2026-02-28
1334,Pune,Partnerships,2025-12,14,2026-04-29
1335,Mumbai,Partnerships,2026-07,4,2026-07-28
1336,Delhi NCR,Referral,2025-09,6,2025-09-27
1337,Bengaluru,Organic,2026-07,5,2026-08-13
1338,Delhi NCR,Organic,2026-08,4,2026-09-13
1339,Mumbai,Paid Social,2026-05,5,2026-05-26
1340,Bengaluru,Paid Social,2025-06,8,2025-06-30
1341,Delhi NCR,Organic,2026-04,9,2026-05-19
1342,Mumbai,Organic,2026-01,6,2026-03-20
1343,Delhi NCR,Paid Social,2025-12,6,2025-12-30
1344,Hyderabad,Referral,2026-05,9,2026-06-25
1345,Bengaluru,Organic,2025-10,11,2026-02-13
1346,Pune,Organic,2026-07,6,2026-08-22
1347,Bengaluru,Referral,2025-12,1,2025-12-27
1348,Delhi NCR,Influencer,2026-05,4,2026-06-20
1349,Bengaluru,Paid Social,2026-05,3,2026-05-27
1350,Bengaluru,Organic,2026-08,1,2026-08-28
1351,Delhi NCR,Influencer,2026-06,13,2026-09-13
1352,Mumbai,App Store Search,2025-12,6,2026-01-19
1353,Pune,App Store Search,2026-03,3,2026-03-17
1355,Bengaluru,Partnerships,2026-03,7,2026-05-25
1356,Pune,Paid Social,2026-08,4,2026-08-28
1357,Chennai,Paid Social,2026-01,7,2026-03-17
1358,Mumbai,Influencer,2026-07,5,2026-07-26
1359,Delhi NCR,Paid Social,2026-05,17,2026-09-06
1360,Mumbai,Organic,2026-03,18,2026-08-28
1361,Mumbai,Referral,2026-07,5,2026-08-30
1362,Pune,Paid Social,2026-01,2,2026-01-24
1363,Bengaluru,Paid Social,2026-01,4,2026-01-31
1364,Bengaluru,Referral,2025-06,3,2025-06-24
1365,Mumbai,Organic,2026-02,17,2026-09-11
1366,Mumbai,Paid Social,2026-02,3,2026-02-21
1367,Delhi NCR,Influencer,2025-04,5,2025-04-28
1368,Bengaluru,Organic,2026-02,11,2026-05-26
1369,Mumbai,App Store Search,2025-12,1,2025-12-19
1370,Mumbai,Organic,2026-05,4,2026-05-30
1371,Bengaluru,Paid Social,2026-02,1,2026-02-13
1372,Mumbai,Referral,2026-09,2,2026-09-14
1373,Chennai,App Store Search,2026-03,4,2026-04-05
1374,Mumbai,Partnerships,2026-05,5,2026-06-15
1375,Delhi NCR,Referral,2026-08,3,2026-08-30
1376,Bengaluru,Paid Social,2026-06,3,2026-06-24
1377,Hyderabad,Organic,2026-07,1,2026-07-01
1378,Bengaluru,Paid Social,2025-07,3,2025-07-28
1379,Bengaluru,Paid Social,2026-06,6,2026-06-28
1380,Pune,Paid Social,2025-12,2,2025-12-26
1381,Bengaluru,Organic,2026-08,3,2026-08-27
1383,Bengaluru,App Store Search,2026-05,1,2026-05-03
1384,Pune,Organic,2025-10,2,2025-10-27
1385,Mumbai,Referral,2025-10,5,2025-12-06
1386,Mumbai,Organic,2026-02,5,2026-03-15
1388,Bengaluru,Referral,2026-09,2,2026-09-08
1389,Bengaluru,Paid Social,2025-05,6,2025-06-21
1390,Bengaluru,App Store Search,2025-10,9,2025-12-20
1391,Delhi NCR,Paid Social,2025-10,3,2025-11-28
1392,Bengaluru,Organic,2026-09,2,2026-09-15
1393,Delhi NCR,Organic,2026-06,5,2026-09-04
1394,Bengaluru,App Store Search,2026-01,2,2026-01-15
1395,Mumbai,App Store Search,2026-05,12,2026-07-18
1396,Pune,Paid Social,2026-03,3,2026-03-31
1397,Delhi NCR,App Store Search,2025-11,3,2025-11-17
1398,Bengaluru,App Store Search,2025-10,3,2025-10-26
1399,Mumbai,Organic,2025-09,6,2025-11-27
1400,Mumbai,Organic,2026-07,0,
1402,Bengaluru,Influencer,2026-09,2,2026-09-04
1403,Bengaluru,Referral,2026-07,2,2026-07-21
1404,Mumbai,App Store Search,2026-02,10,2026-04-29
1405,Pune,Partnerships,2026-06,3,2026-06-22
1406,Mumbai,App Store Search,2026-07,5,2026-08-30
1407,Bengaluru,Paid Social,2025-06,4,2025-06-26
1408,Pune,Referral,2025-12,7,2026-01-27
1409,Bengaluru,Referral,2026-01,3,2026-01-30
1410,Bengaluru,Organic,2026-08,3,2026-09-11
1411,Hyderabad,Partnerships,2025-12,5,2026-01-28
1412,Delhi NCR,Organic,2025-07,25,2026-03-29
1413,Bengaluru,App Store Search,2026-04,6,2026-05-29
1414,Mumbai,Referral,2026-02,5,2026-02-22
1415,Mumbai,Paid Social,2026-05,4,2026-05-16
1416,Delhi NCR,Paid Social,2026-09,0,
1417,Bengaluru,Paid Social,2025-09,1,2025-09-02
1418,Mumbai,Referral,2026-08,4,2026-09-14
1419,Mumbai,Organic,2026-07,6,2026-08-22
1420,Pune,Referral,2025-04,3,2025-05-02
1421,Hyderabad,App Store Search,2026-07,0,
1422,Mumbai,Paid Social,2026-07,4,2026-08-26
1423,Delhi NCR,Organic,2025-07,16,2026-01-22
1424,Mumbai,App Store Search,2025-07,8,2025-08-18
1425,Pune,Organic,2026-08,4,2026-09-13
1426,Hyderabad,Paid Social,2025-09,10,2025-11-12
1427,Pune,Organic,2025-07,3,2025-07-25
1428,Bengaluru,App Store Search,2026-03,7,2026-05-27
1429,Bengaluru,Paid Social,2025-08,3,2025-08-21
1430,Bengaluru,Influencer,2026-06,5,2026-07-30
1431,Pune,Paid Social,2026-08,6,2026-09-13
1432,Pune,Organic,2025-10,3,2025-10-19
1433,Delhi NCR,Influencer,2025-06,6,2025-07-19
1434,Delhi NCR,Paid Social,2026-08,3,2026-08-30
1435,Mumbai,Organic,2026-06,0,
1436,Mumbai,Partnerships,2026-05,1,2026-05-04
1437,Pune,Paid Social,2025-08,15,2025-11-07
1438,Delhi NCR,Paid Social,2025-09,18,2026-02-28
1439,Bengaluru,Paid Social,2025-08,3,2025-08-23
1440,Bengaluru,Organic,2026-04,4,2026-04-24
1441,Delhi NCR,Influencer,2025-10,2,2025-10-15
1442,Bengaluru,Paid Social,2026-03,1,2026-03-19
1443,Bengaluru,App Store Search,2026-03,2,2026-03-18
1444,Hyderabad,Organic,2026-02,8,2026-04-17
1445,Delhi NCR,Organic,2026-04,14,2026-08-28
1447,Mumbai,Organic,2026-02,4,2026-03-18
1448,Pune,App Store Search,2025-09,7,2025-10-28
1449,Pune,Organic,2026-06,9,2026-09-13
1450,Bengaluru,Referral,2026-03,5,2026-04-27
1451,Hyderabad,App Store Search,2026-03,9,2026-06-14
1452,Bengaluru,Organic,2026-01,2,2026-01-25
1453,Pune,Organic,2025-09,1,2025-09-19
1454,Pune,Organic,2026-04,2,2026-04-16
1455,Bengaluru,Paid Social,2026-03,7,2026-04-16
1456,Bengaluru,Organic,2026-05,4,2026-05-24
1457,Delhi NCR,Organic,2026-01,3,2026-01-27
1458,Bengaluru,Organic,2025-11,1,2025-11-09
1459,Bengaluru,App Store Search,2026-08,2,2026-08-25
1460,Mumbai,Paid Social,2026-04,1,2026-04-03
1461,Pune,Organic,2025-11,5,2025-12-27
1462,Bengaluru,Paid Social,2025-06,3,2025-06-30
1463,Hyderabad,Organic,2026-08,4,2026-09-08
1464,Mumbai,Paid Social,2026-01,9,2026-02-26
1465,Mumbai,App Store Search,2025-05,4,2025-06-06
1466,Chennai,Referral,2026-06,2,2026-06-29
1467,Mumbai,Organic,2026-01,7,2026-03-31
1468,Delhi NCR,App Store Search,2025-06,8,2025-09-03
1469,Mumbai,Paid Social,2026-02,4,2026-02-22
1470,Chennai,Organic,2026-01,4,2026-01-21
1471,Bengaluru,Partnerships,2026-05,3,2026-05-20
1472,Bengaluru,Organic,2026-08,2,2026-09-05
1473,Delhi NCR,Paid Social,2025-06,7,2025-07-25
1474,Delhi NCR,Organic,2026-04,4,2026-05-29
1475,Pune,Paid Social,2026-09,0,
1476,Delhi NCR,Organic,2026-07,4,2026-09-14
1477,Hyderabad,App Store Search,2026-01,9,2026-06-28
1478,Bengaluru,Paid Social,2025-12,2,2025-12-21
1479,Mumbai,Partnerships,2026-07,6,2026-09-15
1480,Bengaluru,Paid Social,2025-11,3,2025-12-10
1481,Mumbai,App Store Search,2026-03,10,2026-06-30
1482,Pune,Paid Social,2025-05,3,2025-05-24
1483,Delhi NCR,Organic,2026-03,17,2026-06-12
1484,Mumbai,Organic,2026-02,8,2026-04-10
1485,Pune,Referral,2025-12,2,2025-12-20
1486,Mumbai,Organic,2026-08,5,2026-09-11
1487,Bengaluru,Paid Social,2025-12,2,2025-12-20
1488,Bengaluru,Organic,2026-06,4,2026-07-24
1489,Bengaluru,App Store Search,2026-02,4,2026-02-15
1490,Pune,Paid Social,2026-06,6,2026-08-23
1491,Delhi NCR,Organic,2026-05,5,2026-06-17
1492,Mumbai,Paid Social,2026-06,5,2026-07-01
1493,Delhi NCR,Paid Social,2026-03,2,2026-03-31
1494,Bengaluru,App Store Search,2026-05,4,2026-05-23
1495,Bengaluru,Organic,2026-01,2,2026-01-19
1496,Bengaluru,Paid Social,2026-09,2,2026-09-12
1497,Mumbai,Partnerships,2025-12,2,2025-12-21
1498,Bengaluru,Organic,2026-06,2,2026-06-26
1499,Bengaluru,Organic,2026-05,2,2026-05-13
1500,Delhi NCR,App Store Search,2025-11,6,2025-12-27
1501,Pune,Organic,2026-06,8,2026-09-06
1502,Delhi NCR,Organic,2026-09,1,2026-09-04
1503,Bengaluru,Organic,2026-07,9,2026-08-29
1504,Delhi NCR,Organic,2026-06,9,2026-09-15
1505,Mumbai,Paid Social,2026-04,9,2026-06-25
1506,Hyderabad,Paid Social,2025-11,4,2025-11-22
1507,Pune,App Store Search,2025-10,7,2025-11-30
1508,Bengaluru,Organic,2026-03,7,2026-04-21
1509,Delhi NCR,App Store Search,2026-07,5,2026-07-25
1510,Chennai,App Store Search,2026-07,6,2026-09-12
1511,Mumbai,Referral,2026-08,7,2026-09-08
1512,Hyderabad,Paid Social,2026-01,3,2026-01-22
1513,Delhi NCR,Organic,2025-10,2,2025-10-18
1514,Chennai,Organic,2026-04,2,2026-04-30
1515,Bengaluru,Referral,2026-01,13,2026-06-13
1516,Hyderabad,Referral,2026-09,1,2026-09-09
1517,Delhi NCR,App Store Search,2025-12,3,2025-12-22
1518,Bengaluru,Partnerships,2025-08,15,2026-01-06
1519,Hyderabad,Referral,2026-02,9,2026-05-20
1520,Mumbai,Organic,2025-12,10,2026-02-26
1521,Bengaluru,Paid Social,2026-04,6,2026-04-26
1522,Mumbai,Influencer,2025-10,8,2025-11-22
1523,Delhi NCR,Organic,2026-08,4,2026-08-26
1524,Delhi NCR,Paid Social,2026-07,8,2026-09-10
1525,Bengaluru,Organic,2025-11,10,2026-01-29
1526,Mumbai,Organic,2025-12,17,2026-05-27
1527,Delhi NCR,Paid Social,2025-07,5,2025-07-28
1528,Delhi NCR,Organic,2025-10,5,2025-10-21
1529,Bengaluru,Paid Social,2025-04,3,2025-04-26
1530,Bengaluru,Partnerships,2025-12,4,2025-12-31
1531,Hyderabad,Paid Social,2025-12,3,2026-01-07
1532,Mumbai,App Store Search,2026-07,13,2026-09-02
1533,Bengaluru,Paid Social,2025-08,3,2025-08-08
1534,Hyderabad,Organic,2026-08,1,2026-08-23
1535,Delhi NCR,Referral,2025-09,22,2026-03-23
1536,Hyderabad,Organic,2026-04,7,2026-05-18
1537,Delhi NCR,App Store Search,2026-02,7,2026-03-29
1538,Mumbai,Organic,2026-08,5,2026-09-09
1539,Bengaluru,Organic,2025-12,3,2025-12-31
1540,Bengaluru,Organic,2026-05,5,2026-06-29
1541,Bengaluru,Organic,2025-09,21,2026-03-27
1542,Hyderabad,Organic,2026-08,2,2026-08-21
1543,Pune,Partnerships,2026-06,4,2026-07-31
1544,Mumbai,Paid Social,2025-12,6,2025-12-27
1545,Pune,Paid Social,2026-06,3,2026-06-28
1546,Bengaluru,App Store Search,2026-06,2,2026-06-20
1548,Mumbai,App Store Search,2026-03,4,2026-04-08
1549,Chennai,Paid Social,2026-05,4,2026-05-26
1550,Mumbai,Organic,2025-09,29,2026-06-14
1551,Bengaluru,Organic,2026-02,2,2026-02-12
1552,Mumbai,Organic,2026-07,8,2026-08-23
1553,Delhi NCR,Paid Social,2026-08,2,2026-08-25
1554,Bengaluru,Referral,2026-01,7,2026-02-24
1555,Mumbai,Paid Social,2025-09,6,2025-10-28
1556,Mumbai,Referral,2025-11,5,2025-12-23
1557,Bengaluru,App Store Search,2026-01,6,2026-01-31
1558,Bengaluru,Paid Social,2026-04,3,2026-04-19
1559,Bengaluru,Paid Social,2026-08,3,2026-08-29
1560,Bengaluru,App Store Search,2026-08,1,2026-09-15
1561,Delhi NCR,Organic,2025-06,19,2025-10-11
1562,Delhi NCR,Organic,2025-10,4,2025-10-26
1563,Pune,Organic,2025-12,17,2026-04-22
1564,Bengaluru,Referral,2026-02,4,2026-02-26
1566,Mumbai,Paid Social,2026-01,12,2026-03-22
1567,Hyderabad,Paid Social,2026-05,8,2026-09-01
1568,Chennai,Influencer,2025-12,17,2026-05-23
1569,Mumbai,Influencer,2026-03,6,2026-04-29
1570,Mumbai,Organic,2026-02,15,2026-06-23
1571,Delhi NCR,Organic,2026-04,7,2026-07-29
1572,Delhi NCR,Paid Social,2026-05,4,2026-05-30
1573,Bengaluru,Organic,2026-02,3,2026-02-21
1574,Bengaluru,Organic,2026-02,7,2026-03-31
1575,Bengaluru,Paid Social,2026-05,3,2026-05-28
1576,Chennai,Referral,2026-08,4,2026-09-03
1577,Chennai,Paid Social,2026-08,1,2026-08-27
1578,Pune,Referral,2025-09,13,2025-11-29
1579,Mumbai,Organic,2025-05,6,2025-06-17
1580,Chennai,Organic,2026-03,0,
1581,Bengaluru,App Store Search,2026-03,4,2026-03-26
1582,Pune,Organic,2026-02,0,
1583,Bengaluru,App Store Search,2026-03,2,2026-03-30
1584,Delhi NCR,Referral,2026-02,8,2026-03-31
1585,Mumbai,Paid Social,2026-04,5,2026-04-26
1586,Delhi NCR,Influencer,2026-03,2,2026-03-25
1587,Mumbai,Organic,2025-05,5,2025-06-29
1588,Mumbai,Paid Social,2026-04,8,2026-06-09
1589,Delhi NCR,Referral,2025-12,9,2026-02-21
1590,Delhi NCR,Paid Social,2026-02,8,2026-04-25
1591,Bengaluru,App Store Search,2026-02,6,2026-02-23
1592,Hyderabad,Organic,2026-05,2,2026-05-20
1593,Delhi NCR,Paid Social,2026-06,4,2026-06-28
1594,Pune,Organic,2025-07,4,2025-07-18
1595,Bengaluru,App Store Search,2025-09,7,2025-12-31
1596,Mumbai,Paid Social,2025-12,3,2026-01-20
1597,Mumbai,Organic,2025-12,18,2026-06-04
1598,Delhi NCR,App Store Search,2025-09,7,2025-09-28
1599,Bengaluru,App Store Search,2026-06,1,2026-06-16
1600,Bengaluru,Influencer,2025-08,6,2025-10-12
1601,Mumbai,Organic,2026-05,9,2026-07-24
1602,Bengaluru,Influencer,2026-03,9,2026-04-26
1603,Bengaluru,Referral,2026-07,5,2026-09-13
1604,Bengaluru,Organic,2025-12,3,2025-12-13
1605,Mumbai,Paid Social,2026-05,8,2026-07-30
1606,Bengaluru,Referral,2026-06,1,2026-06-22
1607,Mumbai,Organic,2026-04,1,2026-04-18
1608,Delhi NCR,Paid Social,2026-01,5,2026-02-18
1609,Bengaluru,Referral,2026-04,4,2026-04-21
1610,Mumbai,App Store Search,2026-07,5,2026-09-08
1611,Bengaluru,Paid Social,2026-06,3,2026-07-06
1612,Chennai,Organic,2026-02,3,2026-03-02
1613,Mumbai,Referral,2025-11,9,2025-12-29
1614,Mumbai,Paid Social,2025-11,2,2025-11-20
1615,Hyderabad,Paid Social,2026-07,7,2026-09-12
1616,Bengaluru,App Store Search,2025-10,23,2026-04-30
1617,Delhi NCR,App Store Search,2026-04,4,2026-04-29
1618,Bengaluru,Organic,2026-05,2,2026-05-23
1619,Bengaluru,Paid Social,2026-03,4,2026-03-17
1620,Hyderabad,App Store Search,2026-02,12,2026-05-21
1621,Pune,Influencer,2026-05,13,2026-06-23
1622,Mumbai,Organic,2026-01,4,2026-01-29
1623,Bengaluru,Paid Social,2026-08,2,2026-08-13
1624,Mumbai,Paid Social,2025-10,13,2026-01-17
1625,Delhi NCR,App Store Search,2025-12,16,2026-04-30
1626,Delhi NCR,Organic,2026-07,1,2026-07-20
1627,Delhi NCR,Paid Social,2025-09,2,2025-10-18
1628,Delhi NCR,Organic,2026-05,13,2026-09-12
1629,Pune,Referral,2025-07,12,2025-12-28
1630,Chennai,App Store Search,2026-05,9,2026-07-23
1631,Delhi NCR,Referral,2026-07,2,2026-08-24
1632,Delhi NCR,App Store Search,2025-11,16,2026-04-28
1633,Bengaluru,Organic,2026-09,0,
1634,Bengaluru,Organic,2026-07,2,2026-07-26
1635,Mumbai,Organic,2026-06,6,2026-08-31
1636,Bengaluru,Organic,2026-03,2,2026-03-13
1637,Bengaluru,Paid Social,2025-05,4,2025-05-29
1638,Bengaluru,Referral,2025-06,1,2025-06-20
1639,Delhi NCR,Paid Social,2025-07,27,2026-02-17
1640,Hyderabad,Paid Social,2026-05,3,2026-05-30
1641,Mumbai,App Store Search,2025-10,9,2025-11-17
1642,Hyderabad,Organic,2026-08,2,2026-08-27
1643,Bengaluru,Paid Social,2025-09,3,2025-09-30
1644,Bengaluru,Organic,2026-05,7,2026-07-31
1645,Hyderabad,Organic,2025-10,5,2025-11-13
1646,Pune,Paid Social,2026-06,10,2026-09-06
1647,Delhi NCR,Organic,2025-11,15,2026-02-19
1648,Mumbai,Referral,2026-01,9,2026-02-21
1649,Bengaluru,App Store Search,2026-05,8,2026-08-25
1650,Bengaluru,Paid Social,2025-06,5,2025-06-23
1651,Pune,Referral,2026-05,10,2026-09-08
1652,Mumbai,Paid Social,2025-11,5,2025-12-29
1653,Bengaluru,Organic,2026-06,9,2026-09-14
1654,Bengaluru,Paid Social,2026-03,3,2026-03-25
1655,Delhi NCR,Influencer,2026-02,1,2026-02-04
1656,Pune,Referral,2026-08,4,2026-08-25
1657,Delhi NCR,Paid Social,2026-05,1,2026-05-18
1658,Bengaluru,Organic,2026-04,1,2026-04-02
1659,Bengaluru,Organic,2026-07,1,2026-07-17
1660,Mumbai,Organic,2026-05,7,2026-05-27
1661,Hyderabad,Influencer,2025-12,2,2025-12-22
1662,Pune,Organic,2025-11,6,2025-12-11
1663,Bengaluru,Organic,2026-02,7,2026-03-26
1664,Chennai,App Store Search,2026-02,4,2026-02-22
1665,Bengaluru,Organic,2026-09,2,2026-09-14
1666,Mumbai,Organic,2026-04,2,2026-04-11
1667,Pune,Paid Social,2025-12,4,2025-12-17
1668,Mumbai,Organic,2026-04,3,2026-04-20
1669,Bengaluru,Paid Social,2025-09,5,2025-10-30
1670,Bengaluru,Paid Social,2026-08,3,2026-08-17
1671,Delhi NCR,Organic,2026-01,4,2026-01-25
1672,Mumbai,Paid Social,2025-12,9,2026-01-23
1673,Mumbai,Partnerships,2026-03,15,2026-06-20
1674,Bengaluru,Organic,2026-03,3,2026-03-13
1675,Mumbai,Organic,2026-06,6,2026-07-24
1676,Delhi NCR,Organic,2026-02,2,2026-02-17
1677,Hyderabad,App Store Search,2026-03,3,2026-03-06
1678,Mumbai,Organic,2026-08,5,2026-09-12
1679,Mumbai,Paid Social,2026-06,3,2026-06-22
1680,Mumbai,Paid Social,2026-09,1,2026-09-11
1681,Delhi NCR,App Store Search,2026-05,5,2026-05-31
1682,Hyderabad,Organic,2026-05,12,2026-08-30
1683,Bengaluru,App Store Search,2026-05,3,2026-05-31
1684,Mumbai,Organic,2025-09,7,2025-09-30
1685,Mumbai,Organic,2026-07,4,2026-07-31
1686,Delhi NCR,Influencer,2026-06,2,2026-06-21
1687,Bengaluru,Referral,2026-08,4,2026-08-30
1688,Pune,Paid Social,2025-07,3,2025-07-19
1689,Delhi NCR,Paid Social,2025-12,7,2026-01-30
1690,Mumbai,Organic,2026-04,3,2026-04-24
1691,Mumbai,Influencer,2025-10,16,2026-04-05
1692,Chennai,Organic,2026-03,2,2026-03-31
1693,Bengaluru,App Store Search,2026-03,2,2026-03-30
1694,Mumbai,Organic,2025-07,11,2025-09-15
1695,Bengaluru,Referral,2026-07,6,2026-08-23
1696,Delhi NCR,Influencer,2025-12,2,2025-12-14
1697,Bengaluru,Influencer,2026-07,5,2026-08-27
1698,Mumbai,Organic,2026-08,5,2026-09-12
1699,Delhi NCR,Paid Social,2025-08,16,2025-12-29
1700,Bengaluru,Organic,2025-07,1,2025-07-11
1701,Bengaluru,Paid Social,2026-04,0,
1702,Bengaluru,Influencer,2026-09,3,2026-09-13
1703,Bengaluru,Referral,2026-02,3,2026-02-23
1704,Delhi NCR,App Store Search,2026-01,1,2026-01-28
1705,Bengaluru,Referral,2025-12,3,2025-12-28
1706,Delhi NCR,Organic,2026-07,5,2026-08-25
1707,Bengaluru,Organic,2025-06,9,2025-08-22
1708,Bengaluru,Paid Social,2026-03,2,2026-03-26
1709,Delhi NCR,Organic,2026-01,5,2026-01-13
1710,Delhi NCR,App Store Search,2025-07,5,2025-07-25
1711,Bengaluru,Influencer,2026-03,4,2026-04-15
1712,Delhi NCR,Referral,2026-04,3,2026-05-29
1713,Bengaluru,Influencer,2026-05,13,2026-08-21
1714,Chennai,Paid Social,2026-05,1,2026-05-29
1716,Bengaluru,Paid Social,2025-10,2,2025-10-22
1717,Bengaluru,Organic,2025-05,6,2025-06-28
1718,Hyderabad,Organic,2025-09,8,2025-12-23
1719,Mumbai,Partnerships,2025-11,2,2025-11-29
1720,Hyderabad,Paid Social,2026-03,2,2026-03-31
1721,Mumbai,Organic,2025-06,2,2025-06-28
1722,Bengaluru,Paid Social,2025-08,2,2025-08-16
1723,Bengaluru,Paid Social,2025-08,3,2025-08-21
1724,Mumbai,Organic,2025-09,9,2025-11-12
1725,Bengaluru,App Store Search,2025-11,4,2025-12-20
1726,Hyderabad,Paid Social,2026-03,9,2026-05-21
1727,Delhi NCR,Organic,2026-05,5,2026-06-16
1728,Bengaluru,Paid Social,2026-02,3,2026-02-22
1729,Bengaluru,Paid Social,2025-12,2,2025-12-23
1730,Bengaluru,Referral,2026-03,2,2026-03-21
1732,Pune,Organic,2026-03,3,2026-04-04
1733,Bengaluru,App Store Search,2026-07,2,2026-07-31
1734,Hyderabad,Paid Social,2026-05,3,2026-05-31
1735,Mumbai,Referral,2025-10,5,2025-11-29
1736,Delhi NCR,Influencer,2025-09,3,2025-09-27
1737,Mumbai,Paid Social,2025-06,4,2025-06-30
1738,Hyderabad,Paid Social,2026-08,4,2026-09-06
1739,Chennai,App Store Search,2026-08,1,2026-08-16
1740,Pune,App Store Search,2026-01,5,2026-02-03
1741,Delhi NCR,Organic,2026-06,4,2026-06-15
1742,Delhi NCR,Paid Social,2026-09,2,2026-09-10
1743,Chennai,Organic,2026-04,2,2026-04-28
1744,Bengaluru,Paid Social,2026-07,3,2026-07-10
1745,Bengaluru,Paid Social,2026-04,2,2026-04-27
1746,Mumbai,Referral,2026-07,7,2026-09-03
1747,Pune,Partnerships,2026-04,3,2026-04-16
1748,Bengaluru,Organic,2025-11,1,2025-11-10
1749,Mumbai,Referral,2026-05,6,2026-06-18
1750,Bengaluru,Referral,2025-05,4,2025-06-26
1751,Chennai,Organic,2026-03,11,2026-09-04
1752,Bengaluru,Organic,2026-02,18,2026-07-31
1753,Mumbai,Paid Social,2026-05,3,2026-05-22
1754,Mumbai,Influencer,2025-06,5,2025-06-27
1755,Mumbai,Organic,2025-12,2,2025-12-07
1756,Delhi NCR,Organic,2026-08,2,2026-08-14
1757,Bengaluru,Referral,2025-09,7,2025-11-22
1758,Hyderabad,Paid Social,2026-03,7,2026-04-30
1759,Pune,Organic,2026-06,3,2026-06-29
1760,Bengaluru,App Store Search,2026-01,6,2026-02-24
1761,Delhi NCR,App Store Search,2026-05,3,2026-05-30
1762,Bengaluru,Organic,2026-01,4,2026-01-16
1763,Hyderabad,Organic,2026-05,4,2026-05-29
1764,Bengaluru,App Store Search,2026-06,2,2026-06-24
1765,Delhi NCR,Influencer,2025-10,7,2025-12-28
1766,Pune,Referral,2026-05,5,2026-06-17
1767,Hyderabad,Referral,2026-08,3,2026-08-24
1768,Mumbai,App Store Search,2026-01,22,2026-09-10
1769,Delhi NCR,Organic,2025-07,1,2025-07-17
1770,Hyderabad,Partnerships,2026-08,8,2026-09-15
1771,Mumbai,App Store Search,2026-07,2,2026-07-19
1772,Bengaluru,Partnerships,2025-09,12,2025-12-07
1773,Bengaluru,Referral,2026-04,16,2026-09-13
1774,Delhi NCR,Referral,2025-11,3,2025-11-25
1775,Bengaluru,Organic,2026-07,2,2026-07-19
1776,Delhi NCR,Organic,2026-07,11,2026-09-03
1777,Bengaluru,Organic,2026-07,2,2026-07-19
1778,Bengaluru,Influencer,2026-02,6,2026-04-03
1779,Delhi NCR,Partnerships,2026-01,4,2026-01-29
1780,Mumbai,Paid Social,2026-02,3,2026-03-09
1781,Bengaluru,Referral,2025-12,8,2026-01-27
1782,Bengaluru,Organic,2026-05,9,2026-07-18
1783,Mumbai,Paid Social,2025-09,7,2025-11-15
1784,Delhi NCR,Organic,2026-01,1,2026-01-06
1785,Bengaluru,Organic,2026-07,4,2026-07-29
1786,Pune,Organic,2025-12,7,2026-01-25
1787,Delhi NCR,Organic,2026-03,17,2026-06-30
1788,Chennai,Paid Social,2026-01,4,2026-01-29
1789,Mumbai,App Store Search,2026-03,3,2026-03-19
1790,Bengaluru,Referral,2026-08,3,2026-09-14
1791,Chennai,Influencer,2026-08,2,2026-08-16
1793,Delhi NCR,App Store Search,2026-02,2,2026-02-17
1794,Bengaluru,Organic,2026-07,5,2026-07-29
1795,Hyderabad,Organic,2025-11,8,2026-01-25
1796,Pune,App Store Search,2026-07,1,2026-07-30
1797,Chennai,App Store Search,2026-03,4,2026-04-10
1798,Mumbai,Paid Social,2026-04,1,2026-04-22
1799,Bengaluru,App Store Search,2026-04,7,2026-06-30
1800,Bengaluru,Paid Social,2026-08,3,2026-08-23
1801,Bengaluru,Organic,2026-05,2,2026-05-27
1802,Bengaluru,Organic,2026-05,10,2026-08-07
1803,Bengaluru,Organic,2026-06,5,2026-08-17
1804,Pune,Organic,2026-07,6,2026-08-15
1805,Mumbai,Referral,2025-08,7,2025-10-19
1806,Bengaluru,Organic,2026-08,5,2026-09-14
1807,Delhi NCR,Organic,2025-09,8,2025-11-12
1808,Mumbai,Partnerships,2026-04,1,2026-04-16
1809,Bengaluru,Paid Social,2025-04,2,2025-04-21
1810,Mumbai,Influencer,2026-08,6,2026-08-28
1811,Hyderabad,Paid Social,2025-11,6,2025-12-30
1812,Pune,Referral,2025-12,35,2026-09-08
1813,Bengaluru,App Store Search,2025-12,14,2026-03-16
1814,Bengaluru,Paid Social,2026-09,2,2026-09-14
1815,Bengaluru,Organic,2025-11,1,2025-11-25
1816,Mumbai,Referral,2025-08,1,2025-08-26
1817,Hyderabad,Organic,2026-02,18,2026-06-17
1818,Mumbai,Referral,2026-07,9,2026-08-31
1819,Bengaluru,Paid Social,2026-04,3,2026-04-17
1820,Bengaluru,Partnerships,2025-08,8,2025-11-28
1821,Bengaluru,Organic,2025-10,9,2025-12-27
1822,Delhi NCR,Organic,2026-02,2,2026-02-08
1823,Mumbai,Organic,2026-05,4,2026-06-16
1824,Hyderabad,Organic,2026-02,21,2026-09-02
1825,Chennai,Paid Social,2026-08,5,2026-09-09
1826,Pune,Paid Social,2026-03,3,2026-03-29
1827,Pune,Organic,2026-06,2,2026-06-26
1828,Delhi NCR,Organic,2026-01,6,2026-02-23
1829,Chennai,Referral,2026-06,10,2026-08-23
1830,Delhi NCR,Organic,2026-04,16,2026-08-04
1831,Chennai,Referral,2026-06,9,2026-09-05
1832,Mumbai,Organic,2025-12,7,2026-03-01
1833,Mumbai,Referral,2025-10,13,2026-01-06
1834,Hyderabad,Paid Social,2026-02,6,2026-04-02
1835,Delhi NCR,Influencer,2025-09,2,2025-09-27
1836,Mumbai,Organic,2025-08,4,2025-09-18
1837,Hyderabad,Referral,2026-01,11,2026-03-24
1838,Bengaluru,App Store Search,2025-10,3,2025-11-18
1839,Bengaluru,Paid Social,2025-05,4,2025-05-27
1841,Chennai,App Store Search,2026-07,7,2026-09-02
1842,Pune,Paid Social,2026-06,4,2026-06-30
1843,Bengaluru,Referral,2026-06,7,2026-07-25
1844,Chennai,Organic,2026-06,2,2026-06-30
1845,Mumbai,Paid Social,2026-05,3,2026-05-13
1846,Pune,Organic,2026-04,1,2026-04-29
1847,Delhi NCR,Influencer,2026-05,5,2026-06-30
1848,Mumbai,Paid Social,2026-04,8,2026-05-30
1849,Mumbai,Influencer,2025-07,12,2025-10-27
1850,Hyderabad,Paid Social,2026-05,2,2026-05-29
1851,Bengaluru,Paid Social,2026-04,4,2026-05-30
1852,Delhi NCR,Referral,2025-06,22,2025-12-19
1853,Bengaluru,Referral,2026-05,4,2026-05-29
1854,Bengaluru,App Store Search,2026-02,2,2026-02-19
1855,Delhi NCR,Paid Social,2025-07,4,2025-07-26
1856,Bengaluru,Referral,2026-05,19,2026-09-15
1857,Bengaluru,App Store Search,2026-04,11,2026-06-20
1858,Pune,Paid Social,2025-07,3,2025-07-27
1859,Mumbai,Paid Social,2025-10,7,2025-12-27
1860,Bengaluru,Referral,2025-08,4,2025-09-24
1861,Bengaluru,Organic,2026-06,4,2026-06-14
1862,Delhi NCR,App Store Search,2026-01,5,2026-02-18
1864,Bengaluru,Organic,2026-04,10,2026-05-26
1866,Mumbai,Paid Social,2026-04,14,2026-06-27
1867,Bengaluru,Influencer,2025-10,2,2025-10-29
1868,Pune,App Store Search,2025-09,4,2025-09-12
1869,Mumbai,Paid Social,2025-05,5,2025-06-12
1870,Bengaluru,Referral,2025-10,11,2025-12-27
1871,Bengaluru,Referral,2026-08,5,2026-08-18
1872,Pune,App Store Search,2026-05,2,2026-05-31
1873,Mumbai,Paid Social,2026-04,2,2026-04-19
1874,Hyderabad,Paid Social,2025-11,5,2025-12-16
1876,Mumbai,Referral,2025-10,8,2025-11-22
1877,Mumbai,Organic,2025-05,13,2025-09-28
1878,Bengaluru,Influencer,2026-06,2,2026-06-24
1879,Mumbai,Paid Social,2025-08,5,2025-08-31
1880,Pune,Organic,2026-06,7,2026-09-09
1882,Bengaluru,Organic,2026-07,2,2026-08-22
1883,Bengaluru,Paid Social,2026-06,2,2026-06-27
1884,Mumbai,App Store Search,2026-08,3,2026-08-12
1885,Bengaluru,App Store Search,2026-05,10,2026-07-24
1886,Mumbai,Referral,2026-09,1,2026-09-03
1887,Bengaluru,App Store Search,2025-10,3,2025-10-25
1888,Chennai,Organic,2025-12,11,2026-02-27
1889,Pune,Organic,2025-07,13,2025-09-19
1890,Hyderabad,Influencer,2026-07,5,2026-08-11
1891,Delhi NCR,Influencer,2025-12,9,2026-02-24
1892,Bengaluru,Influencer,2025-12,11,2026-04-14
1893,Delhi NCR,Organic,2026-08,3,2026-08-28
1894,Chennai,Referral,2026-06,7,2026-07-31
1895,Hyderabad,Referral,2026-03,5,2026-03-25
1896,Delhi NCR,Influencer,2026-07,6,2026-08-21
1897,Delhi NCR,Organic,2025-07,6,2025-08-12
1898,Chennai,Partnerships,2026-09,4,2026-09-15
1899,Bengaluru,App Store Search,2026-01,9,2026-04-21
1900,Pune,Referral,2025-07,9,2025-09-26
1901,Bengaluru,Organic,2026-03,5,2026-04-30
1902,Bengaluru,Influencer,2025-07,6,2025-10-13
1903,Pune,Paid Social,2026-08,1,2026-08-30
1904,Mumbai,Referral,2026-01,25,2026-08-07
1905,Mumbai,App Store Search,2026-06,3,2026-06-19
1906,Hyderabad,Paid Social,2026-01,8,2026-03-15
1907,Bengaluru,Referral,2025-06,3,2025-06-26
1908,Mumbai,Organic,2026-06,10,2026-09-09
1909,Chennai,Paid Social,2026-09,0,
1910,Hyderabad,App Store Search,2026-01,10,2026-03-05
1911,Hyderabad,App Store Search,2026-07,2,2026-07-23
1912,Mumbai,Referral,2026-07,9,2026-08-31
1913,Bengaluru,App Store Search,2025-08,2,2025-08-11
1914,Delhi NCR,Influencer,2026-03,5,2026-03-27
1915,Delhi NCR,Paid Social,2026-01,9,2026-03-23
1916,Delhi NCR,Paid Social,2026-06,8,2026-09-11
1917,Mumbai,Referral,2026-06,4,2026-06-25
1918,Pune,App Store Search,2025-07,6,2025-09-17
1919,Mumbai,Referral,2025-07,9,2025-08-25
1920,Delhi NCR,App Store Search,2026-03,8,2026-05-31
1921,Bengaluru,Paid Social,2025-10,1,2025-10-28
1922,Mumbai,App Store Search,2026-06,1,2026-06-28
1923,Delhi NCR,Paid Social,2025-10,16,2026-01-25
1924,Bengaluru,Organic,2026-05,6,2026-06-26
1926,Bengaluru,Referral,2025-12,5,2025-12-14
1927,Mumbai,App Store Search,2025-08,5,2025-08-30
1928,Mumbai,Organic,2026-03,2,2026-03-13
1929,Mumbai,Organic,2025-12,3,2025-12-26
1930,Delhi NCR,Influencer,2026-03,3,2026-03-31
1931,Hyderabad,Organic,2025-12,9,2026-02-26
1932,Pune,App Store Search,2026-09,2,2026-09-06
1933,Bengaluru,Organic,2025-11,2,2025-11-15
1934,Pune,Paid Social,2026-04,4,2026-04-26
1935,Mumbai,Referral,2025-11,3,2025-12-20
1936,Bengaluru,App Store Search,2026-05,4,2026-06-22
1937,Delhi NCR,App Store Search,2025-12,8,2026-01-26
1938,Delhi NCR,Organic,2025-09,6,2025-09-25
1939,Delhi NCR,Organic,2025-12,4,2025-12-15
1940,Bengaluru,Paid Social,2025-09,1,2025-09-20
1941,Delhi NCR,Referral,2025-10,17,2026-03-22
1942,Bengaluru,Organic,2025-12,25,2026-06-28
1943,Pune,Paid Social,2026-09,1,2026-09-10
1944,Bengaluru,Organic,2025-11,13,2026-02-26
1945,Pune,Partnerships,2025-07,9,2025-09-23
1946,Delhi NCR,App Store Search,2026-03,12,2026-04-29
1947,Bengaluru,Organic,2026-07,2,2026-07-28
1948,Pune,Organic,2026-03,12,2026-05-22
1949,Pune,Organic,2025-06,5,2025-06-29
1950,Pune,Influencer,2026-03,4,2026-03-19
1951,Delhi NCR,Organic,2026-05,15,2026-09-14
1952,Bengaluru,Organic,2026-09,1,2026-09-10
1953,Mumbai,Organic,2025-11,3,2025-11-18
1954,Delhi NCR,App Store Search,2026-07,3,2026-07-31
1955,Hyderabad,Paid Social,2026-01,28,2026-09-05
1956,Bengaluru,Paid Social,2026-06,2,2026-06-13
1957,Delhi NCR,App Store Search,2025-10,10,2025-11-28
1958,Pune,Organic,2026-08,3,2026-09-14
1959,Chennai,Paid Social,2026-03,10,2026-07-10
1960,Bengaluru,Paid Social,2025-11,8,2026-01-13
1961,Bengaluru,Referral,2026-01,10,2026-03-21
1962,Pune,Referral,2026-06,4,2026-06-21
1963,Bengaluru,Organic,2026-07,6,2026-08-23
1964,Bengaluru,Referral,2025-07,2,2025-07-11
1965,Mumbai,Paid Social,2026-05,8,2026-07-08
1966,Mumbai,Organic,2026-02,4,2026-02-27
1967,Mumbai,Paid Social,2026-05,4,2026-05-23
1968,Bengaluru,Paid Social,2026-05,8,2026-06-25
1969,Bengaluru,Paid Social,2025-09,7,2025-10-23
1970,Bengaluru,Organic,2026-06,4,2026-06-27
1971,Pune,Referral,2025-12,25,2026-08-11
1972,Pune,Organic,2026-01,6,2026-03-30
1973,Mumbai,Partnerships,2026-09,1,2026-09-05
1974,Bengaluru,Paid Social,2026-06,6,2026-07-27
1975,Bengaluru,Paid Social,2026-05,4,2026-05-21
1976,Mumbai,Paid Social,2026-07,3,2026-07-21
1977,Delhi NCR,Organic,2026-01,11,2026-06-20
1978,Mumbai,Paid Social,2026-08,3,2026-09-13
1979,Bengaluru,Partnerships,2026-05,1,2026-05-29
1980,Hyderabad,Paid Social,2026-05,13,2026-08-17
1981,Delhi NCR,App Store Search,2026-07,5,2026-08-22
1982,Pune,Organic,2026-02,6,2026-02-24
1983,Delhi NCR,Organic,2025-09,4,2025-09-26
1984,Mumbai,App Store Search,2026-05,8,2026-07-29
1985,Pune,App Store Search,2026-07,4,2026-08-21
1986,Delhi NCR,Referral,2025-05,11,2025-08-27
1987,Bengaluru,Organic,2025-07,7,2025-08-27
1988,Pune,Influencer,2026-06,4,2026-06-24
1989,Chennai,Organic,2026-08,3,2026-08-17
1990,Hyderabad,App Store Search,2026-08,3,2026-09-12
1991,Bengaluru,Influencer,2025-08,1,2025-08-25
1992,Bengaluru,Paid Social,2026-01,9,2026-03-24
1993,Bengaluru,Partnerships,2025-05,4,2025-05-29
1994,Hyderabad,Organic,2026-08,2,2026-08-24
1995,Bengaluru,Paid Social,2026-02,3,2026-02-06
1996,Bengaluru,Partnerships,2026-07,5,2026-07-30
1997,Mumbai,Paid Social,2026-01,4,2026-01-31
1998,Bengaluru,Paid Social,2025-11,8,2025-12-19
1999,Mumbai,App Store Search,2026-04,7,2026-05-27
2000,Bengaluru,Organic,2025-06,4,2025-06-18
2001,Bengaluru,App Store Search,2026-04,11,2026-08-25
2002,Hyderabad,Paid Social,2026-06,4,2026-06-23
2003,Bengaluru,Paid Social,2026-02,2,2026-02-26
2004,Hyderabad,Organic,2026-04,8,2026-05-29
2005,Bengaluru,Influencer,2025-09,1,2025-09-06
2006,Bengaluru,Organic,2025-05,6,2025-06-28
2007,Pune,Referral,2026-03,1,2026-03-02
2008,Mumbai,App Store Search,2025-07,6,2025-08-26
2009,Bengaluru,Paid Social,2025-06,1,2025-06-12
2010,Bengaluru,App Store Search,2025-08,1,2025-08-21
2011,Mumbai,Paid Social,2025-11,11,2026-02-26
2012,Delhi NCR,Organic,2025-07,6,2025-07-25
2013,Delhi NCR,Partnerships,2026-04,9,2026-05-30
2014,Mumbai,Paid Social,2025-07,7,2025-09-26
2015,Delhi NCR,Paid Social,2025-09,9,2025-12-31
2016,Bengaluru,App Store Search,2026-07,9,2026-09-03
2017,Mumbai,Partnerships,2026-09,1,2026-09-02
2018,Bengaluru,Referral,2026-01,6,2026-02-28
2019,Bengaluru,Organic,2026-01,16,2026-04-26
2020,Chennai,App Store Search,2026-04,1,2026-04-06
2021,Mumbai,App Store Search,2025-09,1,2025-09-10
2022,Bengaluru,Paid Social,2025-07,1,2025-07-22
2023,Delhi NCR,Organic,2026-01,9,2026-02-25
2024,Bengaluru,Organic,2025-11,2,2025-11-17
2025,Mumbai,Organic,2025-08,5,2025-09-29
2026,Delhi NCR,Organic,2026-06,10,2026-09-09
2027,Bengaluru,Partnerships,2025-11,6,2025-12-31
2028,Bengaluru,Paid Social,2025-10,2,2025-10-27
2029,Bengaluru,Organic,2025-09,15,2026-02-19
2030,Delhi NCR,Referral,2026-05,7,2026-08-19
2031,Pune,Influencer,2025-12,2,2025-12-20
2032,Delhi NCR,Referral,2026-07,4,2026-08-30
2033,Mumbai,Paid Social,2025-12,6,2026-02-16
2034,Bengaluru,Organic,2026-02,6,2026-02-28
2035,Bengaluru,Referral,2026-08,5,2026-09-13
2036,Delhi NCR,Paid Social,2026-01,4,2026-01-21
2037,Hyderabad,Referral,2026-06,12,2026-09-02
2038,Mumbai,Referral,2026-01,3,2026-01-25
2039,Chennai,Paid Social,2026-04,4,2026-04-25
2040,Mumbai,Partnerships,2026-02,10,2026-04-05
2041,Delhi NCR,Paid Social,2026-01,4,2026-01-22
2042,Mumbai,Paid Social,2025-06,2,2025-06-30
2043,Pune,Organic,2026-05,7,2026-06-20
2044,Delhi NCR,Organic,2026-06,3,2026-06-21
2045,Delhi NCR,App Store Search,2026-05,9,2026-08-24
2046,Bengaluru,Paid Social,2025-10,4,2025-10-29
2047,Bengaluru,App Store Search,2026-02,6,2026-03-30
2048,Bengaluru,Partnerships,2026-02,3,2026-02-20
2049,Mumbai,Paid Social,2026-03,3,2026-04-01
2050,Bengaluru,Referral,2025-09,4,2025-09-28
2051,Mumbai,Organic,2025-12,6,2026-01-31
2052,Pune,App Store Search,2025-06,6,2025-07-23
2053,Mumbai,Organic,2026-04,10,2026-06-06
2054,Bengaluru,Referral,2026-03,5,2026-04-20
2055,Bengaluru,Paid Social,2026-02,2,2026-02-14
2056,Bengaluru,Organic,2026-04,6,2026-05-25
2057,Mumbai,Paid Social,2025-08,4,2025-09-20
2058,Bengaluru,Paid Social,2026-02,3,2026-02-23
2059,Hyderabad,App Store Search,2026-04,1,2026-04-06
2060,Bengaluru,Organic,2026-01,3,2026-02-12
2061,Mumbai,App Store Search,2026-05,3,2026-05-15
2062,Delhi NCR,Organic,2026-05,11,2026-09-10
2063,Bengaluru,Organic,2026-07,4,2026-07-21
2064,Bengaluru,Partnerships,2026-08,3,2026-08-11
2065,Delhi NCR,App Store Search,2026-01,11,2026-05-19
2066,Bengaluru,Paid Social,2026-02,5,2026-02-24
2067,Hyderabad,Referral,2026-08,5,2026-09-04
2068,Bengaluru,Organic,2026-03,0,
2069,Hyderabad,Organic,2025-11,2,2025-11-26
2070,Delhi NCR,App Store Search,2026-02,2,2026-02-18
2071,Bengaluru,Organic,2026-07,6,2026-08-29
2072,Bengaluru,Organic,2026-03,12,2026-07-22
2073,Delhi NCR,Organic,2025-05,10,2025-09-07
2074,Delhi NCR,Referral,2025-10,8,2025-12-27
2075,Pune,App Store Search,2025-07,14,2025-10-18
2076,Bengaluru,Organic,2026-01,3,2026-02-28
2077,Pune,Paid Social,2026-04,4,2026-04-29
2078,Chennai,Influencer,2026-03,7,2026-04-19
2079,Delhi NCR,Influencer,2026-08,7,2026-09-06
2080,Chennai,App Store Search,2026-01,8,2026-02-25
2081,Pune,Organic,2026-05,1,2026-05-12
2082,Chennai,Paid Social,2026-02,3,2026-02-05
2083,Mumbai,Referral,2025-09,14,2025-12-30
2084,Bengaluru,App Store Search,2026-06,4,2026-06-22
2085,Mumbai,Organic,2026-06,3,2026-07-23
2086,Pune,Organic,2026-08,3,2026-09-06
2087,Delhi NCR,Paid Social,2026-03,9,2026-05-05
2088,Delhi NCR,Referral,2026-03,7,2026-05-30
2089,Bengaluru,App Store Search,2026-01,2,2026-01-29
2090,Bengaluru,Organic,2026-04,6,2026-05-31
2091,Pune,Paid Social,2026-04,2,2026-04-30
2092,Bengaluru,Partnerships,2026-02,3,2026-03-31
2093,Mumbai,App Store Search,2026-03,20,2026-08-31
2094,Mumbai,Paid Social,2026-02,18,2026-06-28
2095,Bengaluru,App Store Search,2026-06,1,2026-06-07
2096,Hyderabad,Paid Social,2026-08,4,2026-08-31
2097,Bengaluru,Partnerships,2026-05,5,2026-07-06
2098,Delhi NCR,Referral,2026-03,13,2026-09-02
2099,Pune,App Store Search,2026-08,2,2026-08-28
2100,Mumbai,Paid Social,2025-12,3,2025-12-27
2101,Bengaluru,Paid Social,2026-08,6,2026-08-24
2102,Mumbai,Referral,2026-01,3,2026-02-19
2103,Mumbai,App Store Search,2025-09,11,2025-10-27
2104,Mumbai,Organic,2026-02,1,2026-02-22
2105,Mumbai,Influencer,2026-06,1,2026-06-25
2106,Bengaluru,Referral,2026-09,1,2026-09-14
2107,Bengaluru,Organic,2025-10,11,2026-01-18
2108,Hyderabad,Paid Social,2026-01,15,2026-06-22
2109,Delhi NCR,Referral,2026-08,3,2026-09-03
2110,Pune,App Store Search,2025-10,8,2026-01-27
2111,Bengaluru,Partnerships,2025-09,12,2025-10-19
2112,Bengaluru,Referral,2025-09,5,2025-10-23
2113,Bengaluru,Referral,2025-09,14,2026-01-24
2114,Pune,Organic,2026-07,2,2026-07-23
2115,Mumbai,Organic,2026-07,5,2026-08-25
2116,Bengaluru,Paid Social,2025-04,5,2025-05-27
2117,Bengaluru,Partnerships,2026-06,1,2026-06-04
2118,Bengaluru,Organic,2026-05,16,2026-09-14
2119,Bengaluru,Paid Social,2026-06,3,2026-06-25
2120,Hyderabad,Organic,2026-04,10,2026-07-29
2121,Mumbai,App Store Search,2025-10,5,2025-10-30
2122,Delhi NCR,Paid Social,2026-01,10,2026-03-12
2123,Delhi NCR,Organic,2026-07,5,2026-09-01
2124,Bengaluru,Paid Social,2025-08,8,2025-09-29
2125,Mumbai,Paid Social,2025-09,4,2025-10-18
2126,Mumbai,Influencer,2025-08,2,2025-08-29
2127,Delhi NCR,Paid Social,2026-01,8,2026-02-20
2128,Bengaluru,Paid Social,2026-07,4,2026-07-26
2129,Mumbai,App Store Search,2026-08,6,2026-09-14
2130,Pune,Organic,2025-11,1,2025-11-18
2131,Delhi NCR,Referral,2026-03,3,2026-03-26
2132,Pune,Organic,2025-12,6,2025-12-27
2133,Mumbai,Referral,2025-12,3,2026-01-22
2134,Pune,Referral,2026-03,27,2026-09-11
2135,Mumbai,Organic,2026-06,9,2026-09-13
2136,Delhi NCR,Organic,2026-06,2,2026-06-25
2137,Mumbai,Organic,2026-07,9,2026-09-02
2138,Delhi NCR,App Store Search,2026-08,4,2026-09-09
2139,Mumbai,Partnerships,2026-04,1,2026-04-17
2140,Delhi NCR,Organic,2025-08,4,2025-08-24
2141,Pune,Organic,2026-02,14,2026-07-25
2142,Mumbai,Paid Social,2026-06,9,2026-09-12
2143,Hyderabad,Partnerships,2026-07,11,2026-09-10
2144,Hyderabad,Referral,2026-01,1,2026-01-04
2145,Bengaluru,Organic,2026-09,1,2026-09-12
2146,Delhi NCR,Organic,2026-07,7,2026-08-29
2147,Pune,Paid Social,2025-05,7,2025-06-19
2148,Mumbai,Referral,2026-01,3,2026-02-19
2149,Hyderabad,Paid Social,2026-02,4,2026-02-18
2151,Hyderabad,Referral,2025-09,1,2025-09-05
2152,Delhi NCR,Organic,2026-07,1,2026-07-11
2153,Bengaluru,Organic,2026-06,5,2026-07-27
2154,Mumbai,Referral,2026-06,11,2026-09-13
2155,Bengaluru,Partnerships,2025-12,7,2026-01-31
2156,Mumbai,Organic,2025-06,2,2025-06-25
2157,Mumbai,Paid Social,2026-09,3,2026-09-11
2158,Bengaluru,Organic,2026-03,8,2026-04-27
2159,Bengaluru,Referral,2026-09,3,2026-09-10
2160,Bengaluru,Organic,2026-02,5,2026-04-15
2161,Bengaluru,Paid Social,2026-04,6,2026-05-11
2162,Pune,Organic,2026-08,2,2026-08-17
2163,Hyderabad,Organic,2026-04,25,2026-09-07
2164,Pune,Paid Social,2025-06,2,2025-07-08
2165,Delhi NCR,App Store Search,2025-12,3,2025-12-27
2166,Bengaluru,Organic,2026-07,5,2026-09-15
2167,Bengaluru,App Store Search,2026-01,5,2026-02-19
2168,Bengaluru,Organic,2026-08,7,2026-09-05
2169,Mumbai,Organic,2026-01,16,2026-05-22
2170,Hyderabad,Referral,2026-03,18,2026-07-31
2171,Delhi NCR,Referral,2026-03,3,2026-03-30
2172,Hyderabad,Paid Social,2026-06,8,2026-08-24
2173,Delhi NCR,Paid Social,2026-04,4,2026-04-27
2174,Delhi NCR,App Store Search,2026-02,5,2026-02-28
2175,Chennai,App Store Search,2026-09,1,2026-09-08
2176,Delhi NCR,Organic,2026-06,8,2026-08-27
2177,Mumbai,Organic,2025-11,7,2025-12-26
2178,Chennai,Paid Social,2026-08,10,2026-09-15
2179,Bengaluru,Paid Social,2026-06,1,2026-06-19
2180,Pune,Paid Social,2026-09,2,2026-09-12
2181,Bengaluru,Organic,2025-11,9,2026-03-27
2182,Mumbai,Organic,2025-05,3,2025-05-11
2183,Bengaluru,App Store Search,2025-09,6,2025-11-14
2184,Bengaluru,Organic,2026-08,3,2026-08-31
2185,Bengaluru,Referral,2025-05,1,2025-05-29
2186,Bengaluru,Organic,2026-03,13,2026-07-29
2187,Chennai,Paid Social,2026-01,4,2026-01-28
2188,Pune,Organic,2025-11,19,2026-05-18
2189,Pune,Organic,2025-12,2,2025-12-12
2190,Mumbai,Influencer,2025-05,2,2025-05-07
2191,Delhi NCR,Organic,2026-04,12,2026-07-19
2192,Delhi NCR,Organic,2026-05,9,2026-09-02
2193,Hyderabad,App Store Search,2026-05,17,2026-09-14
2194,Bengaluru,Referral,2025-08,11,2025-11-25
2195,Pune,Organic,2026-01,9,2026-04-17
2196,Pune,Paid Social,2025-10,6,2025-11-29
2197,Delhi NCR,Organic,2025-08,1,2025-08-18
2199,Delhi NCR,Referral,2026-09,1,2026-09-15
2201,Delhi NCR,App Store Search,2026-09,1,2026-09-12
2202,Mumbai,Influencer,2025-12,5,2026-01-18
2203,Bengaluru,Organic,2026-07,8,2026-09-11
2204,Delhi NCR,Paid Social,2026-07,2,2026-07-17
2205,Bengaluru,Paid Social,2026-07,3,2026-07-18
2206,Bengaluru,Paid Social,2026-03,4,2026-03-29
2207,Delhi NCR,Paid Social,2025-09,3,2025-09-23
2208,Hyderabad,Paid Social,2025-08,27,2026-03-12
2209,Delhi NCR,Referral,2026-08,3,2026-09-03
2210,Pune,Paid Social,2025-11,15,2026-04-19
2211,Hyderabad,Paid Social,2026-08,3,2026-08-24
2212,Mumbai,Organic,2026-02,13,2026-05-20
2213,Hyderabad,Paid Social,2026-07,7,2026-08-10
2214,Bengaluru,Organic,2026-01,5,2026-01-31
2215,Delhi NCR,Organic,2026-04,6,2026-05-16
2216,Delhi NCR,Organic,2026-09,1,2026-09-05
2217,Mumbai,Organic,2026-03,3,2026-03-16
2218,Mumbai,Organic,2026-04,2,2026-04-06
2219,Bengaluru,Paid Social,2026-07,2,2026-07-26
2220,Delhi NCR,App Store Search,2026-05,9,2026-09-15
2221,Delhi NCR,Referral,2026-07,2,2026-07-31
2222,Mumbai,Paid Social,2026-01,4,2026-01-29
2223,Mumbai,Paid Social,2025-09,5,2025-09-30
2224,Mumbai,Organic,2025-06,9,2025-09-29
2225,Pune,App Store Search,2026-04,16,2026-07-31
2226,Mumbai,App Store Search,2026-07,1,2026-07-06
2227,Bengaluru,Organic,2026-09,3,2026-09-09
2228,Delhi NCR,Paid Social,2026-07,2,2026-07-21
2229,Delhi NCR,Organic,2026-01,4,2026-01-22
2230,Bengaluru,Organic,2025-08,1,2025-08-22
2231,Delhi NCR,Paid Social,2026-03,2,2026-03-04
2232,Delhi NCR,Organic,2025-05,5,2025-05-31
2233,Pune,Paid Social,2026-08,2,2026-08-25
2234,Bengaluru,Influencer,2026-07,5,2026-07-26
2235,Mumbai,Organic,2025-11,2,2025-11-05
2236,Delhi NCR,Referral,2026-08,4,2026-09-05
2237,Bengaluru,App Store Search,2026-05,7,2026-06-29
2238,Mumbai,Paid Social,2026-07,3,2026-07-19
2239,Mumbai,Paid Social,2026-04,4,2026-04-24
2240,Chennai,Paid Social,2026-05,7,2026-07-30
2241,Mumbai,Paid Social,2026-04,4,2026-04-30
2242,Delhi NCR,Paid Social,2026-01,3,2026-01-25
2243,Delhi NCR,Referral,2025-07,9,2025-08-30
2244,Mumbai,Referral,2026-02,8,2026-04-25
2245,Pune,Paid Social,2026-07,3,2026-07-23
2246,Bengaluru,Referral,2026-06,7,2026-07-24
2247,Delhi NCR,App Store Search,2026-04,5,2026-04-26
2248,Bengaluru,Organic,2026-04,4,2026-04-28
2249,Mumbai,Paid Social,2026-05,8,2026-07-28
2250,Mumbai,App Store Search,2026-08,3,2026-08-31
2251,Mumbai,Paid Social,2026-08,2,2026-08-23
2252,Pune,Organic,2025-09,5,2025-10-09
2253,Bengaluru,Paid Social,2025-08,2,2025-08-26
2254,Bengaluru,Organic,2026-05,6,2026-06-27
2255,Bengaluru,Referral,2026-09,1,2026-09-03
2256,Hyderabad,Organic,2026-04,2,2026-04-18
2257,Delhi NCR,Organic,2026-04,10,2026-06-24
2258,Hyderabad,App Store Search,2026-05,5,2026-05-27
2259,Mumbai,Organic,2026-05,18,2026-09-03
2261,Bengaluru,Partnerships,2026-05,2,2026-05-17
2262,Hyderabad,Partnerships,2026-06,5,2026-07-30
2263,Delhi NCR,Referral,2026-01,20,2026-09-06
2264,Bengaluru,Paid Social,2025-11,3,2025-11-29
2265,Bengaluru,Partnerships,2026-08,7,2026-08-25
2266,Mumbai,Paid Social,2026-06,10,2026-09-04
2267,Bengaluru,Organic,2026-01,8,2026-02-17
2268,Bengaluru,Organic,2025-10,30,2026-08-19
2269,Bengaluru,Organic,2026-08,1,2026-08-30
2270,Bengaluru,Paid Social,2026-03,3,2026-03-30
2271,Mumbai,Referral,2025-06,3,2025-06-24
2272,Delhi NCR,Paid Social,2026-05,4,2026-05-23
2273,Mumbai,Organic,2026-01,9,2026-04-29
2274,Mumbai,Paid Social,2025-05,6,2025-06-17
2275,Delhi NCR,Organic,2025-08,3,2025-08-20
2276,Delhi NCR,App Store Search,2026-01,2,2026-01-24
2277,Hyderabad,Paid Social,2026-09,0,
2278,Bengaluru,Referral,2026-04,5,2026-05-11
2279,Delhi NCR,Organic,2025-12,9,2026-02-23
2280,Bengaluru,Organic,2025-09,3,2025-09-19
2281,Hyderabad,Referral,2025-08,12,2025-11-23
2282,Hyderabad,Paid Social,2026-02,4,2026-03-18
2283,Delhi NCR,Paid Social,2025-12,4,2025-12-22
2284,Pune,App Store Search,2026-06,6,2026-07-27
2285,Chennai,App Store Search,2026-04,2,2026-04-25
2286,Delhi NCR,App Store Search,2026-05,4,2026-05-26
2287,Pune,Paid Social,2026-08,2,2026-08-15
2288,Delhi NCR,Referral,2025-12,16,2026-05-25
2289,Pune,Paid Social,2026-07,5,2026-07-12
2290,Mumbai,Organic,2026-01,4,2026-02-20
2291,Bengaluru,Paid Social,2026-08,2,2026-09-06
2292,Chennai,Referral,2026-02,7,2026-03-31
2293,Delhi NCR,Referral,2026-06,12,2026-09-08
2294,Delhi NCR,Paid Social,2026-08,2,2026-08-24
2295,Bengaluru,Referral,2025-11,3,2025-11-30
2296,Mumbai,Referral,2026-04,3,2026-04-30
2297,Mumbai,Referral,2026-07,7,2026-09-15
2298,Delhi NCR,Influencer,2026-06,8,2026-08-29
2299,Delhi NCR,Organic,2026-09,1,2026-09-05
2300,Delhi NCR,Paid Social,2026-06,12,2026-09-15
2301,Bengaluru,Paid Social,2026-04,3,2026-05-16
2302,Hyderabad,Organic,2026-02,19,2026-08-28
2303,Delhi NCR,Organic,2026-01,1,2026-01-09
2304,Delhi NCR,Organic,2026-04,4,2026-04-24
2305,Delhi NCR,App Store Search,2026-04,5,2026-04-30
2306,Mumbai,Partnerships,2025-11,6,2025-12-29
2307,Delhi NCR,App Store Search,2025-06,7,2025-08-17
2308,Bengaluru,Referral,2026-07,2,2026-07-23
2309,Chennai,Organic,2026-09,2,2026-09-12
2310,Pune,Referral,2025-12,12,2026-03-31
2311,Delhi NCR,Organic,2025-07,3,2025-07-26
2312,Bengaluru,Organic,2025-09,1,2025-09-02
2313,Hyderabad,App Store Search,2026-04,10,2026-06-08
2314,Pune,Paid Social,2026-06,2,2026-06-27
2315,Hyderabad,App Store Search,2026-07,6,2026-08-25
2316,Hyderabad,Paid Social,2026-05,3,2026-06-23
2317,Hyderabad,App Store Search,2026-04,2,2026-04-19
2318,Bengaluru,Paid Social,2025-04,2,2025-04-20
2319,Bengaluru,Organic,2026-09,1,2026-09-08
2321,Mumbai,Organic,2025-06,3,2025-06-29
2322,Mumbai,Partnerships,2026-09,1,2026-09-01
2323,Bengaluru,Organic,2026-03,9,2026-06-30
2324,Mumbai,Organic,2026-04,2,2026-04-25
2325,Delhi NCR,Organic,2026-08,5,2026-09-13
2326,Bengaluru,Organic,2025-10,3,2025-10-17
2327,Bengaluru,Organic,2026-05,0,
2328,Delhi NCR,Influencer,2026-08,4,2026-08-22
2329,Delhi NCR,Organic,2025-10,3,2025-10-30
2330,Bengaluru,Partnerships,2026-09,2,2026-09-14
2331,Mumbai,Paid Social,2025-12,6,2026-01-31
2332,Bengaluru,Organic,2026-09,0,
2333,Mumbai,Organic,2026-02,8,2026-04-29
2334,Mumbai,Organic,2026-07,4,2026-07-28
2335,Delhi NCR,Organic,2026-02,13,2026-06-29
2336,Bengaluru,Organic,2025-12,15,2026-03-27
2337,Mumbai,Referral,2026-07,4,2026-09-05
2338,Hyderabad,Referral,2026-03,13,2026-07-07
2339,Delhi NCR,Paid Social,2025-10,3,2025-10-28
2340,Mumbai,Paid Social,2026-07,4,2026-07-26
2341,Bengaluru,Organic,2026-09,1,2026-09-06
2342,Chennai,App Store Search,2026-08,4,2026-08-24
2343,Pune,Referral,2025-10,7,2025-12-16
2344,Pune,Organic,2026-06,12,2026-08-17
2345,Bengaluru,Paid Social,2025-12,3,2025-12-20
2346,Delhi NCR,App Store Search,2026-07,10,2026-08-20
2347,Delhi NCR,Paid Social,2025-11,9,2026-01-25
2348,Bengaluru,Organic,2025-11,11,2026-02-28
2349,Bengaluru,Paid Social,2025-11,4,2025-11-26
2350,Bengaluru,Organic,2025-11,1,2025-11-10
2351,Delhi NCR,Paid Social,2026-04,5,2026-05-22
2352,Bengaluru,Referral,2026-09,1,2026-09-14
2354,Hyderabad,Referral,2026-03,7,2026-04-27
2355,Bengaluru,Paid Social,2026-05,2,2026-05-27
2356,Bengaluru,App Store Search,2026-08,2,2026-08-11
2357,Bengaluru,Paid Social,2026-09,2,2026-09-14
2358,Mumbai,Paid Social,2026-07,2,2026-07-30
2359,Mumbai,Organic,2026-05,1,2026-05-15
2360,Mumbai,Referral,2025-12,2,2025-12-24
2361,Bengaluru,Referral,2025-11,6,2025-11-22
2362,Bengaluru,Referral,2026-02,19,2026-05-28
2363,Pune,App Store Search,2025-08,9,2025-10-26
2364,Delhi NCR,App Store Search,2026-01,9,2026-03-13
2365,Delhi NCR,Paid Social,2026-04,4,2026-04-14
2366,Delhi NCR,Paid Social,2026-09,0,
2367,Pune,App Store Search,2026-06,8,2026-09-12
2368,Chennai,Organic,2026-02,2,2026-02-21
2369,Delhi NCR,Paid Social,2026-02,6,2026-04-25
2370,Pune,Paid Social,2026-08,10,2026-09-13
2371,Delhi NCR,Paid Social,2025-10,3,2025-10-16
2372,Bengaluru,Paid Social,2026-03,2,2026-03-15
2373,Delhi NCR,Paid Social,2026-05,2,2026-05-26
2374,Bengaluru,Partnerships,2025-08,24,2026-03-22
2375,Hyderabad,Organic,2026-02,23,2026-09-08
2376,Mumbai,Paid Social,2026-05,3,2026-05-13
2377,Bengaluru,Organic,2026-02,6,2026-03-15
2378,Bengaluru,Referral,2025-09,9,2025-11-26
2379,Mumbai,Paid Social,2025-11,3,2025-11-29
2380,Mumbai,Partnerships,2026-07,3,2026-07-28
2382,Delhi NCR,Paid Social,2026-01,2,2026-01-23
2383,Bengaluru,Referral,2026-09,1,2026-09-11
2384,Mumbai,Organic,2026-04,4,2026-04-22
2385,Bengaluru,Paid Social,2026-05,5,2026-06-25
2386,Pune,Referral,2026-05,4,2026-06-29
2387,Pune,Referral,2025-07,24,2026-02-24
2388,Delhi NCR,Organic,2025-12,18,2026-05-31
2389,Bengaluru,Paid Social,2025-10,3,2025-10-28
2390,Bengaluru,Organic,2026-05,13,2026-07-22
2391,Bengaluru,Organic,2025-12,10,2026-02-24
2392,Chennai,Organic,2026-03,8,2026-04-21
2393,Bengaluru,Referral,2026-01,2,2026-01-19
2394,Pune,Referral,2026-01,21,2026-09-15
2395,Mumbai,Paid Social,2026-07,6,2026-08-22
2396,Bengaluru,App Store Search,2026-06,10,2026-08-06
2397,Mumbai,App Store Search,2026-09,1,2026-09-15
2399,Mumbai,App Store Search,2026-03,8,2026-07-06
2400,Delhi NCR,Organic,2026-04,2,2026-04-16
2401,Mumbai,Referral,2026-08,7,2026-09-13
2402,Bengaluru,App Store Search,2026-08,5,2026-09-08
2403,Mumbai,Paid Social,2025-05,2,2025-05-30
2404,Bengaluru,Referral,2025-12,1,2025-12-25
2405,Hyderabad,App Store Search,2026-02,1,2026-02-19
2406,Hyderabad,Organic,2025-08,2,2025-08-22
2407,Delhi NCR,Paid Social,2026-06,10,2026-09-07
2408,Delhi NCR,App Store Search,2026-05,3,2026-05-16
2409,Delhi NCR,Organic,2025-07,8,2025-08-25
2410,Bengaluru,Influencer,2026-08,4,2026-09-09
2411,Pune,Paid Social,2025-08,2,2025-08-29
2412,Bengaluru,Organic,2026-01,19,2026-07-29
2413,Pune,Referral,2025-09,13,2026-01-17
2414,Chennai,Organic,2026-07,1,2026-07-05
2415,Hyderabad,Paid Social,2026-06,2,2026-06-20
2416,Delhi NCR,Paid Social,2026-08,0,
2417,Mumbai,Organic,2026-02,10,2026-04-27
2418,Pune,Paid Social,2025-09,1,2025-09-13
2419,Mumbai,Paid Social,2025-12,8,2026-02-14
2420,Delhi NCR,Organic,2025-12,6,2026-01-10
2421,Hyderabad,Paid Social,2026-09,2,2026-09-13
2422,Bengaluru,Organic,2025-06,5,2025-06-27
2423,Mumbai,App Store Search,2026-08,2,2026-08-29
2424,Mumbai,Paid Social,2026-09,4,2026-09-09
2425,Bengaluru,Organic,2026-02,6,2026-03-30
2427,Mumbai,Referral,2026-08,6,2026-09-14
2428,Mumbai,Influencer,2025-09,8,2025-10-30
2429,Mumbai,App Store Search,2025-12,8,2026-01-16
2430,Bengaluru,Paid Social,2025-12,3,2025-12-20
2431,Bengaluru,Organic,2026-03,6,2026-04-29
2432,Bengaluru,Organic,2025-06,7,2025-06-28
2433,Chennai,Paid Social,2026-06,11,2026-09-08
2434,Mumbai,Organic,2026-06,11,2026-09-03
2435,Bengaluru,Paid Social,2026-05,5,2026-06-19
2436,Pune,App Store Search,2026-08,5,2026-09-01
2437,Bengaluru,Organic,2025-08,9,2025-10-25
2438,Pune,Influencer,2026-08,2,2026-08-28
2439,Bengaluru,Paid Social,2026-07,6,2026-08-25
2440,Pune,Organic,2026-04,1,2026-04-16
2441,Bengaluru,Paid Social,2026-09,1,2026-09-05
2442,Mumbai,Paid Social,2026-01,2,2026-02-21
2443,Hyderabad,Organic,2025-09,5,2025-10-26
2444,Pune,Organic,2026-04,7,2026-06-26
2445,Bengaluru,Organic,2025-11,7,2026-01-22
2446,Bengaluru,App Store Search,2025-10,5,2025-11-22
2447,Pune,Paid Social,2026-08,3,2026-08-24
2448,Bengaluru,App Store Search,2026-09,2,2026-09-11
2449,Mumbai,Paid Social,2025-11,4,2025-11-19
2450,Mumbai,Organic,2026-04,3,2026-04-07
2451,Chennai,Referral,2026-06,9,2026-07-23
2452,Bengaluru,App Store Search,2026-06,2,2026-06-13
2453,Bengaluru,Referral,2026-04,4,2026-05-24
2454,Pune,App Store Search,2025-10,2,2025-10-27
2455,Mumbai,Organic,2025-08,8,2025-11-18
2456,Bengaluru,Paid Social,2025-12,3,2025-12-31
2457,Pune,Partnerships,2025-10,7,2025-12-17
2458,Bengaluru,Influencer,2026-04,5,2026-05-30
2459,Pune,Referral,2026-05,4,2026-06-19
2460,Bengaluru,Paid Social,2025-05,3,2025-05-18
2461,Bengaluru,Organic,2026-01,2,2026-01-30
2462,Hyderabad,App Store Search,2026-08,3,2026-08-23
2463,Delhi NCR,Organic,2025-09,19,2026-01-18
2464,Delhi NCR,Paid Social,2026-05,3,2026-05-27
2465,Mumbai,Organic,2026-03,9,2026-05-22
2466,Bengaluru,Referral,2026-02,8,2026-06-17
2467,Chennai,App Store Search,2026-05,3,2026-05-31
2468,Pune,Referral,2025-08,2,2025-08-22
2469,Mumbai,Organic,2026-04,2,2026-04-04
2470,Hyderabad,Organic,2026-09,2,2026-09-12
2471,Bengaluru,App Store Search,2025-10,6,2025-11-25
2472,Delhi NCR,App Store Search,2025-10,9,2025-12-29
2473,Mumbai,Paid Social,2026-03,3,2026-03-21
2474,Mumbai,Organic,2026-03,2,2026-03-17
2475,Mumbai,Paid Social,2026-08,2,2026-08-19
2476,Hyderabad,App Store Search,2026-05,7,2026-08-12
2477,Bengaluru,Organic,2026-07,2,2026-07-26
2478,Bengaluru,Organic,2025-09,12,2025-11-26
2479,Hyderabad,App Store Search,2026-09,2,2026-09-15
2480,Bengaluru,App Store Search,2026-08,3,2026-08-29
2481,Bengaluru,Referral,2026-03,6,2026-03-31
2482,Bengaluru,App Store Search,2026-03,6,2026-04-18
2483,Bengaluru,Paid Social,2026-02,1,2026-02-24
2484,Delhi NCR,App Store Search,2026-09,3,2026-09-11
2485,Delhi NCR,Referral,2026-04,2,2026-04-18
2486,Mumbai,Referral,2025-07,4,2025-08-12
2487,Delhi NCR,App Store Search,2026-03,1,2026-03-13
2488,Delhi NCR,Organic,2026-01,2,2026-01-30
2489,Bengaluru,Paid Social,2026-01,1,2026-01-21
2490,Bengaluru,Organic,2025-10,3,2025-10-25
2491,Pune,Paid Social,2026-06,4,2026-07-29
2492,Bengaluru,Organic,2025-08,12,2025-12-28
2493,Mumbai,Paid Social,2025-06,3,2025-06-19
2494,Chennai,App Store Search,2026-05,1,2026-05-15
2495,Bengaluru,Influencer,2025-11,7,2025-12-19
2496,Mumbai,Partnerships,2026-05,3,2026-05-20
2497,Mumbai,Paid Social,2025-12,5,2025-12-30
2498,Bengaluru,Organic,2025-08,1,2025-08-10
2500,Bengaluru,Influencer,2026-05,0,
2501,Bengaluru,App Store Search,2025-12,1,2025-12-02
2502,Hyderabad,Organic,2026-08,8,2026-08-31
2503,Bengaluru,Organic,2026-02,5,2026-03-29
2504,Hyderabad,Referral,2025-08,13,2025-11-18
2505,Hyderabad,Referral,2026-09,3,2026-09-09
2506,Hyderabad,Paid Social,2025-10,2,2025-10-22
2507,Bengaluru,Influencer,2026-09,0,
2508,Bengaluru,Paid Social,2025-05,3,2025-05-29
2509,Bengaluru,Organic,2026-07,11,2026-09-15
2510,Pune,Paid Social,2026-04,3,2026-04-19
2511,Bengaluru,Referral,2026-09,1,2026-09-03
2512,Mumbai,Influencer,2026-01,15,2026-06-17
2513,Pune,Referral,2026-07,10,2026-08-30
2514,Hyderabad,Referral,2026-01,8,2026-03-30
2515,Mumbai,Partnerships,2026-04,1,2026-04-02
2516,Chennai,Paid Social,2026-05,5,2026-05-31
2517,Hyderabad,App Store Search,2026-09,1,2026-09-03
2518,Bengaluru,Influencer,2025-12,11,2026-02-21
2519,Pune,Referral,2026-06,8,2026-09-13
2520,Mumbai,App Store Search,2026-02,11,2026-05-30
2521,Bengaluru,Referral,2026-05,3,2026-05-27
2522,Pune,App Store Search,2025-12,3,2025-12-13
2523,Bengaluru,Paid Social,2025-09,8,2025-11-18
2524,Bengaluru,Influencer,2026-08,4,2026-09-05
2525,Bengaluru,Paid Social,2026-07,7,2026-08-24
2526,Delhi NCR,Paid Social,2026-08,3,2026-08-25
2527,Bengaluru,Paid Social,2025-04,13,2025-06-30
2528,Hyderabad,Paid Social,2026-05,4,2026-05-19
2529,Bengaluru,Paid Social,2026-08,3,2026-08-20
2530,Delhi NCR,Organic,2026-06,1,2026-06-24
2531,Bengaluru,Paid Social,2026-01,3,2026-01-15
2532,Delhi NCR,Organic,2026-07,2,2026-07-22
2533,Mumbai,Organic,2025-06,8,2025-07-31
2534,Pune,App Store Search,2026-07,5,2026-07-19
2535,Bengaluru,Paid Social,2026-04,2,2026-04-28
2536,Chennai,Influencer,2026-06,9,2026-08-29
2537,Bengaluru,App Store Search,2026-02,4,2026-02-26
2538,Mumbai,Paid Social,2026-05,6,2026-05-31
2539,Chennai,Influencer,2026-01,5,2026-04-27
2540,Mumbai,Paid Social,2026-03,2,2026-03-29
2541,Bengaluru,Influencer,2026-09,1,2026-09-09
2542,Chennai,Referral,2026-09,3,2026-09-08
2543,Mumbai,Organic,2026-07,6,2026-09-10
2544,Pune,Referral,2026-03,6,2026-03-26
2545,Mumbai,Organic,2026-01,2,2026-02-14
2546,Mumbai,Organic,2026-02,9,2026-03-19
2547,Bengaluru,Paid Social,2026-04,1,2026-04-13
2548,Pune,Paid Social,2025-08,2,2025-08-28
2549,Bengaluru,Paid Social,2026-03,1,2026-03-30
2550,Delhi NCR,Paid Social,2026-02,5,2026-03-18
2551,Bengaluru,Paid Social,2026-03,1,2026-03-20
2552,Delhi NCR,App Store Search,2026-02,3,2026-02-10
2553,Mumbai,Organic,2025-11,7,2025-12-22
2554,Bengaluru,App Store Search,2026-04,5,2026-05-17
2555,Pune,Organic,2026-02,12,2026-06-28
2556,Hyderabad,Paid Social,2025-09,4,2025-09-26
2557,Pune,Organic,2026-01,2,2026-01-22
2558,Bengaluru,Organic,2026-04,1,2026-04-19
2559,Delhi NCR,Paid Social,2026-02,13,2026-06-25
2560,Bengaluru,Paid Social,2026-07,4,2026-07-25
2561,Delhi NCR,Organic,2026-02,7,2026-04-30
2562,Mumbai,Paid Social,2026-03,3,2026-03-18
2564,Delhi NCR,Referral,2026-04,5,2026-05-14
2565,Bengaluru,App Store Search,2026-07,7,2026-08-28
2566,Bengaluru,App Store Search,2026-08,4,2026-08-16
2567,Mumbai,Organic,2026-08,4,2026-08-29
2568,Bengaluru,Paid Social,2026-01,4,2026-01-29
2569,Mumbai,Organic,2026-08,2,2026-08-29
2570,Bengaluru,Organic,2026-05,4,2026-06-26
2571,Delhi NCR,Partnerships,2026-01,4,2026-02-21
2572,Delhi NCR,Organic,2025-06,13,2025-10-22
2573,Bengaluru,Referral,2026-08,2,2026-09-07
2574,Mumbai,App Store Search,2025-10,8,2025-12-25
2575,Bengaluru,App Store Search,2026-06,11,2026-08-24
2576,Bengaluru,Organic,2026-03,9,2026-06-26
2577,Mumbai,Referral,2026-09,3,2026-09-09
2578,Pune,Organic,2026-04,2,2026-04-20
2579,Delhi NCR,Organic,2026-03,10,2026-06-29
2580,Mumbai,App Store Search,2026-05,2,2026-05-22
2581,Bengaluru,Paid Social,2026-08,4,2026-08-27
2582,Bengaluru,App Store Search,2025-10,3,2025-11-25
2583,Mumbai,Organic,2026-03,2,2026-03-31
2584,Delhi NCR,Paid Social,2026-07,4,2026-07-15
2585,Hyderabad,Organic,2025-08,5,2025-08-16
2586,Delhi NCR,Organic,2026-06,3,2026-06-16
2587,Mumbai,Paid Social,2025-12,8,2026-01-22
2588,Delhi NCR,Paid Social,2026-09,2,2026-09-09
2589,Delhi NCR,Paid Social,2026-04,17,2026-09-15
2590,Bengaluru,Organic,2026-09,3,2026-09-14
2591,Pune,App Store Search,2025-09,3,2025-09-18
2592,Bengaluru,Referral,2026-09,2,2026-09-15
2593,Bengaluru,Referral,2026-06,3,2026-06-26
2594,Bengaluru,Referral,2025-11,14,2026-02-27
2595,Pune,App Store Search,2025-12,4,2026-02-19
2596,Bengaluru,Referral,2025-07,3,2025-07-18
2597,Bengaluru,Paid Social,2025-12,1,2025-12-10
2599,Mumbai,Referral,2026-07,2,2026-07-13
2600,Mumbai,App Store Search,2025-11,5,2025-12-31
2601,Bengaluru,App Store Search,2025-11,13,2026-02-28
2602,Pune,Organic,2026-05,8,2026-08-25
2603,Bengaluru,App Store Search,2026-03,5,2026-03-25
2604,Mumbai,Organic,2025-05,13,2025-07-31
2605,Delhi NCR,Organic,2026-06,2,2026-06-27
2606,Bengaluru,Organic,2025-11,2,2025-11-18
2607,Mumbai,Referral,2025-08,1,2025-08-20
2608,Pune,Influencer,2026-09,2,2026-09-13
2609,Bengaluru,Paid Social,2025-06,5,2025-07-26
2610,Delhi NCR,Paid Social,2025-07,8,2025-09-28
2611,Bengaluru,Referral,2025-11,30,2026-06-30
2612,Delhi NCR,Influencer,2026-04,7,2026-05-22
2613,Bengaluru,Paid Social,2025-09,3,2025-09-16
2614,Delhi NCR,Organic,2026-04,1,2026-04-25
2615,Chennai,Paid Social,2026-03,10,2026-06-16
2616,Delhi NCR,Referral,2026-08,5,2026-09-07
2617,Chennai,Referral,2026-02,3,2026-03-24
2618,Pune,Paid Social,2026-03,4,2026-04-27
2619,Chennai,Paid Social,2026-01,2,2026-01-20
2620,Hyderabad,Partnerships,2026-08,3,2026-08-28
2621,Hyderabad,Influencer,2025-09,8,2025-10-30
2622,Mumbai,Paid Social,2026-05,4,2026-05-28
2623,Pune,App Store Search,2026-04,8,2026-06-29
2624,Bengaluru,Paid Social,2025-10,5,2025-10-26
2625,Bengaluru,Organic,2026-06,1,2026-06-20
2626,Mumbai,Organic,2025-07,3,2025-07-20
2627,Delhi NCR,Organic,2025-12,3,2026-01-20
2628,Bengaluru,Referral,2025-10,10,2025-12-22
2629,Bengaluru,Referral,2026-01,2,2026-01-19
2630,Mumbai,Organic,2026-04,10,2026-08-11
2631,Hyderabad,Organic,2026-03,14,2026-05-20
2632,Hyderabad,Referral,2026-06,1,2026-06-22
2633,Hyderabad,App Store Search,2025-09,15,2026-01-16
2634,Delhi NCR,Organic,2026-01,2,2026-01-15
2635,Bengaluru,Organic,2026-08,3,2026-08-29
2636,Bengaluru,Referral,2026-06,11,2026-09-05
2637,Bengaluru,Paid Social,2026-07,2,2026-07-09
2638,Pune,Organic,2025-08,3,2025-08-29
2639,Delhi NCR,Paid Social,2025-09,2,2025-09-22
2640,Bengaluru,Influencer,2026-07,4,2026-07-12
2641,Pune,Influencer,2026-09,1,2026-09-11
2642,Mumbai,Influencer,2026-02,3,2026-02-26
2643,Hyderabad,App Store Search,2026-09,1,2026-09-08
2644,Bengaluru,Influencer,2026-08,3,2026-09-06
2645,Delhi NCR,Paid Social,2026-07,12,2026-09-10
2646,Hyderabad,App Store Search,2025-10,5,2025-11-26
2647,Bengaluru,Organic,2026-01,7,2026-02-26
2648,Mumbai,Partnerships,2025-11,7,2026-01-15
2649,Mumbai,Organic,2026-08,3,2026-09-02
2650,Bengaluru,Referral,2026-07,1,2026-07-12
2651,Mumbai,App Store Search,2026-07,4,2026-08-22
2652,Delhi NCR,Referral,2026-09,1,2026-09-06
2653,Delhi NCR,Organic,2026-01,7,2026-02-24
2654,Bengaluru,Referral,2026-06,4,2026-07-25
2655,Bengaluru,Organic,2026-05,2,2026-05-16
2656,Bengaluru,Paid Social,2026-08,3,2026-08-27
2657,Bengaluru,Paid Social,2026-03,4,2026-04-23
2658,Delhi NCR,Referral,2026-09,1,2026-09-08
2659,Delhi NCR,Paid Social,2026-01,4,2026-02-23
2660,Bengaluru,App Store Search,2025-04,10,2025-05-26
2661,Mumbai,Organic,2026-03,6,2026-04-27
2662,Pune,Paid Social,2025-10,3,2025-10-11
2663,Pune,Influencer,2026-02,4,2026-02-28
2664,Bengaluru,Partnerships,2026-06,2,2026-06-26
2665,Mumbai,Paid Social,2026-06,12,2026-08-17
2666,Pune,Referral,2026-08,2,2026-09-08
2667,Hyderabad,Paid Social,2026-05,2,2026-05-24
2668,Bengaluru,Influencer,2026-06,6,2026-07-18
2669,Delhi NCR,Paid Social,2025-11,2,2025-12-23
2670,Pune,Organic,2026-08,3,2026-08-21
2671,Bengaluru,Organic,2026-02,3,2026-02-27
2672,Chennai,Paid Social,2026-04,7,2026-06-30
2673,Bengaluru,Partnerships,2026-02,4,2026-04-09
2674,Mumbai,Organic,2025-05,2,2025-05-18
2675,Chennai,Organic,2026-09,3,2026-09-12
2676,Delhi NCR,Paid Social,2025-07,7,2025-09-30
2677,Bengaluru,Influencer,2026-07,5,2026-07-22
2678,Bengaluru,Organic,2026-03,9,2026-05-30
2679,Bengaluru,Organic,2025-07,8,2025-09-18
2680,Chennai,App Store Search,2025-11,3,2025-11-16
2681,Bengaluru,Paid Social,2026-03,7,2026-03-25
2682,Hyderabad,Organic,2025-12,8,2026-02-25
2683,Pune,Referral,2026-06,7,2026-09-06
2684,Bengaluru,App Store Search,2025-11,5,2026-01-28
2685,Delhi NCR,Organic,2026-04,7,2026-05-23
2686,Bengaluru,Referral,2026-08,3,2026-08-29
2687,Bengaluru,Referral,2026-08,2,2026-09-14
2688,Bengaluru,Referral,2026-01,7,2026-02-25
2689,Mumbai,Referral,2026-04,5,2026-05-25
2690,Bengaluru,Paid Social,2026-08,5,2026-09-11
2691,Mumbai,Referral,2026-06,11,2026-09-04
2692,Mumbai,Influencer,2026-05,3,2026-05-30
2693,Pune,Organic,2026-07,7,2026-09-11
2694,Mumbai,Organic,2026-04,7,2026-05-24
2695,Pune,Organic,2025-12,8,2026-01-13
2696,Bengaluru,Paid Social,2025-12,4,2025-12-25
2697,Delhi NCR,Organic,2026-04,8,2026-06-22
2698,Bengaluru,Organic,2026-07,5,2026-08-24
2699,Mumbai,Paid Social,2026-03,5,2026-03-26
2700,Hyderabad,Partnerships,2026-05,3,2026-05-22
2701,Hyderabad,Organic,2025-12,4,2025-12-31
2702,Mumbai,Paid Social,2026-01,21,2026-05-29
2703,Bengaluru,Paid Social,2025-11,1,2025-11-28
2704,Delhi NCR,Partnerships,2026-05,7,2026-08-24
2705,Bengaluru,Partnerships,2026-01,5,2026-01-25
2706,Delhi NCR,Paid Social,2026-04,3,2026-04-30
2707,Bengaluru,Referral,2026-08,6,2026-08-29
2708,Delhi NCR,Paid Social,2026-04,6,2026-05-23
2709,Bengaluru,Paid Social,2026-06,6,2026-06-25
2710,Bengaluru,Influencer,2026-02,6,2026-04-30
2711,Mumbai,Referral,2026-02,5,2026-04-20
2712,Pune,App Store Search,2026-05,4,2026-06-28
2713,Bengaluru,Influencer,2026-08,7,2026-09-15
2714,Mumbai,Organic,2026-05,6,2026-06-26
2715,Mumbai,Organic,2025-10,2,2025-10-30
2716,Chennai,Referral,2026-03,6,2026-05-08
2717,Bengaluru,Paid Social,2026-01,6,2026-02-28
2718,Bengaluru,Partnerships,2026-05,2,2026-05-28
2719,Mumbai,Referral,2026-09,1,2026-09-01
2720,Delhi NCR,Organic,2025-11,3,2025-12-26
2721,Pune,Paid Social,2026-04,4,2026-05-27
2722,Pune,App Store Search,2025-12,3,2025-12-20
2723,Bengaluru,Organic,2026-08,4,2026-09-07
2724,Bengaluru,Organic,2026-06,1,2026-06-18
2725,Hyderabad,Organic,2026-06,9,2026-08-29
2726,Bengaluru,Referral,2026-08,4,2026-08-31
2727,Hyderabad,Influencer,2025-10,3,2025-10-12
2728,Mumbai,Paid Social,2026-05,9,2026-07-29
2729,Bengaluru,Partnerships,2026-09,2,2026-09-05
2730,Mumbai,Organic,2026-08,4,2026-08-28
2731,Bengaluru,Paid Social,2025-07,7,2025-07-25
2732,Bengaluru,Organic,2026-01,9,2026-03-26
2733,Delhi NCR,Referral,2026-07,6,2026-09-10
2734,Bengaluru,Organic,2026-06,13,2026-09-15
2735,Pune,Paid Social,2026-04,6,2026-05-31
2736,Bengaluru,Influencer,2026-07,9,2026-09-11
2737,Delhi NCR,Influencer,2026-09,4,2026-09-14
2738,Bengaluru,Paid Social,2026-06,4,2026-06-30
2739,Mumbai,Partnerships,2025-09,9,2025-10-30
2740,Delhi NCR,Paid Social,2025-11,2,2025-11-26
2741,Mumbai,Influencer,2026-06,10,2026-09-01
2742,Bengaluru,Referral,2026-03,2,2026-03-24
2743,Mumbai,Organic,2026-03,12,2026-05-29
2744,Bengaluru,Influencer,2026-02,2,2026-02-13
2745,Mumbai,App Store Search,2025-11,5,2025-12-06
2746,Hyderabad,Organic,2026-04,7,2026-05-25
2747,Delhi NCR,Referral,2026-02,7,2026-03-27
2748,Bengaluru,Paid Social,2025-04,2,2025-04-14
2749,Delhi NCR,Organic,2026-01,2,2026-01-16
2750,Mumbai,Organic,2026-06,9,2026-07-26
2751,Delhi NCR,Paid Social,2026-05,8,2026-08-14
2752,Chennai,Paid Social,2026-08,4,2026-09-13
2753,Bengaluru,Organic,2025-12,5,2025-12-31
2754,Mumbai,App Store Search,2026-08,4,2026-09-13
2755,Bengaluru,Organic,2026-02,11,2026-04-23
2756,Mumbai,Influencer,2025-07,5,2025-09-27
2757,Hyderabad,Referral,2025-12,22,2026-06-27
2758,Delhi NCR,Paid Social,2026-07,8,2026-09-06
2759,Bengaluru,Organic,2026-05,7,2026-06-26
2760,Delhi NCR,Referral,2025-10,24,2026-07-16
2761,Pune,Paid Social,2025-08,1,2025-08-27
2762,Delhi NCR,Paid Social,2025-09,10,2025-10-23
2764,Mumbai,Organic,2026-05,1,2026-05-19
2765,Bengaluru,Influencer,2025-06,3,2025-06-28
2766,Hyderabad,Organic,2026-07,7,2026-08-15
2767,Mumbai,Referral,2026-07,2,2026-07-30
2768,Bengaluru,Organic,2026-08,3,2026-08-14
2769,Bengaluru,Paid Social,2026-08,1,2026-08-12
2770,Mumbai,Partnerships,2026-04,6,2026-04-29
2771,Bengaluru,Paid Social,2026-06,3,2026-06-24
2772,Bengaluru,Paid Social,2026-02,3,2026-02-11
2773,Bengaluru,Referral,2026-02,19,2026-07-24
2774,Delhi NCR,App Store Search,2026-06,8,2026-08-31
2775,Mumbai,Paid Social,2026-02,2,2026-02-12
2776,Delhi NCR,Paid Social,2025-08,3,2025-09-21
2777,Bengaluru,Partnerships,2026-01,5,2026-02-21
2778,Delhi NCR,Paid Social,2026-02,16,2026-04-26
2779,Delhi NCR,Paid Social,2026-02,6,2026-04-18
2780,Delhi NCR,Paid Social,2025-07,5,2025-07-28
2781,Mumbai,Partnerships,2026-06,3,2026-06-30
2782,Pune,Organic,2026-03,3,2026-03-24
2783,Delhi NCR,Influencer,2026-07,4,2026-08-23
2784,Pune,Referral,2025-10,3,2025-10-28
2785,Hyderabad,Referral,2026-06,8,2026-09-14
2786,Mumbai,Organic,2026-05,9,2026-08-03
2787,Bengaluru,Influencer,2026-07,2,2026-07-26
2788,Pune,Organic,2026-01,1,2026-01-04
2789,Bengaluru,Referral,2026-07,6,2026-08-22
2790,Chennai,Paid Social,2026-04,8,2026-06-09
2791,Pune,Partnerships,2025-11,4,2025-11-21
2792,Delhi NCR,Organic,2025-04,2,2025-04-23
2793,Hyderabad,App Store Search,2026-06,5,2026-06-24
2794,Pune,App Store Search,2026-02,8,2026-04-25
2795,Hyderabad,App Store Search,2025-12,1,2025-12-17
2796,Bengaluru,Paid Social,2025-12,1,2025-12-16
2797,Hyderabad,Paid Social,2025-08,2,2025-08-19
2798,Delhi NCR,App Store Search,2025-08,7,2025-08-27
2799,Hyderabad,Organic,2025-10,4,2025-11-08
2800,Chennai,Organic,2026-02,4,2026-02-19
2801,Chennai,Referral,2026-08,2,2026-09-02
2802,Mumbai,Referral,2026-08,7,2026-09-07
2803,Delhi NCR,Referral,2026-07,8,2026-08-16
2804,Mumbai,Paid Social,2026-01,2,2026-01-18
2805,Mumbai,Paid Social,2026-01,4,2026-01-30
2806,Pune,Organic,2026-02,3,2026-02-17
2807,Bengaluru,App Store Search,2025-11,2,2025-11-13
2808,Mumbai,App Store Search,2025-12,6,2025-12-29
2809,Bengaluru,App Store Search,2025-10,3,2025-10-31
2810,Mumbai,App Store Search,2026-07,10,2026-09-04
2811,Hyderabad,App Store Search,2025-09,3,2025-09-08
2812,Delhi NCR,Influencer,2025-10,4,2025-10-27
2813,Mumbai,Referral,2026-08,5,2026-09-05
2814,Mumbai,Influencer,2025-09,2,2025-09-22
2815,Mumbai,Organic,2025-04,6,2025-05-25
2816,Pune,Referral,2025-09,4,2025-10-10
2817,Delhi NCR,Paid Social,2025-12,6,2025-12-31
2818,Bengaluru,App Store Search,2026-08,5,2026-08-28
2819,Bengaluru,Paid Social,2026-03,9,2026-04-26
2820,Chennai,Paid Social,2026-04,6,2026-05-28
2821,Hyderabad,Paid Social,2025-11,1,2025-11-01
2822,Bengaluru,Paid Social,2026-05,2,2026-05-19
2823,Chennai,Organic,2026-04,8,2026-05-28
2824,Pune,Referral,2026-07,7,2026-08-27
2825,Pune,Referral,2025-11,3,2025-11-28
2826,Bengaluru,Influencer,2025-10,5,2025-11-18
2827,Delhi NCR,Organic,2025-11,1,2025-11-13
2828,Hyderabad,Organic,2025-10,6,2025-12-28
2829,Bengaluru,Paid Social,2025-04,4,2025-04-26
2830,Chennai,Paid Social,2026-04,15,2026-07-26
2831,Pune,App Store Search,2026-04,6,2026-05-09
2832,Delhi NCR,Referral,2026-04,9,2026-05-31
2833,Pune,App Store Search,2026-06,9,2026-09-04
2834,Bengaluru,App Store Search,2026-05,5,2026-07-07
2835,Bengaluru,Paid Social,2026-08,1,2026-08-10
2836,Bengaluru,Organic,2026-08,3,2026-09-05
2837,Mumbai,Influencer,2026-01,6,2026-04-12
2839,Delhi NCR,App Store Search,2026-08,5,2026-09-05
2840,Mumbai,Paid Social,2026-08,4,2026-09-11
2841,Bengaluru,Referral,2025-11,13,2026-03-26
2842,Bengaluru,Paid Social,2026-04,7,2026-05-31
2843,Mumbai,App Store Search,2025-04,2,2025-04-16
2844,Mumbai,Paid Social,2025-09,5,2025-10-19
2845,Mumbai,Paid Social,2026-05,11,2026-07-19
2846,Bengaluru,Paid Social,2026-08,3,2026-08-26
2847,Bengaluru,Referral,2026-06,8,2026-08-12
2848,Delhi NCR,Paid Social,2026-02,2,2026-02-11
2849,Mumbai,Organic,2025-06,4,2025-06-24
2850,Chennai,Paid Social,2026-06,2,2026-06-19
2851,Bengaluru,Organic,2026-06,5,2026-07-25
2852,Bengaluru,Referral,2025-09,3,2025-10-25
2853,Delhi NCR,Organic,2025-07,7,2025-07-19
2854,Delhi NCR,Referral,2026-04,10,2026-07-24
2855,Bengaluru,Influencer,2026-06,12,2026-07-23
2856,Delhi NCR,Referral,2025-10,14,2026-02-28
2857,Mumbai,Paid Social,2025-06,2,2025-06-29
2858,Hyderabad,App Store Search,2026-03,1,2026-03-02
2859,Mumbai,Organic,2026-03,5,2026-04-29
2860,Delhi NCR,Paid Social,2025-08,2,2025-09-11
2861,Bengaluru,Paid Social,2026-01,4,2026-02-21
2862,Bengaluru,Partnerships,2025-12,2,2025-12-29
2864,Mumbai,Organic,2026-05,6,2026-06-20
2865,Mumbai,Paid Social,2026-05,3,2026-05-29
2866,Hyderabad,Organic,2026-09,2,2026-09-13
2867,Mumbai,Organic,2025-10,2,2025-10-10
2868,Mumbai,Paid Social,2026-04,5,2026-05-28
2869,Bengaluru,Partnerships,2025-12,2,2025-12-17
2870,Hyderabad,Referral,2025-10,4,2025-10-30
2871,Mumbai,Referral,2026-05,11,2026-09-09
2872,Hyderabad,Paid Social,2025-09,5,2025-10-28
2873,Chennai,Organic,2026-02,9,2026-04-26
2874,Delhi NCR,Referral,2026-07,5,2026-08-10
2875,Pune,Organic,2026-06,6,2026-07-19
2876,Delhi NCR,App Store Search,2026-07,7,2026-09-01
2877,Bengaluru,App Store Search,2025-09,4,2025-09-26
2878,Bengaluru,App Store Search,2025-06,3,2025-07-09
2879,Mumbai,Organic,2025-12,8,2026-02-28
2880,Bengaluru,Paid Social,2026-07,6,2026-08-29
2881,Bengaluru,Organic,2026-01,17,2026-05-31
2882,Bengaluru,Paid Social,2025-12,5,2026-01-24
2883,Bengaluru,Paid Social,2026-01,3,2026-01-22
2884,Mumbai,Organic,2025-09,13,2025-12-29
2885,Bengaluru,Referral,2026-01,2,2026-01-26
2886,Bengaluru,Referral,2026-07,10,2026-09-14
2887,Bengaluru,Organic,2025-05,6,2025-05-26
2888,Bengaluru,Organic,2026-03,2,2026-03-14
2889,Pune,Referral,2026-03,3,2026-03-29
2890,Pune,Influencer,2026-03,10,2026-05-28
2891,Chennai,Organic,2026-04,9,2026-06-24
2892,Mumbai,Paid Social,2025-11,9,2026-02-28
2893,Mumbai,App Store Search,2026-03,3,2026-03-20
2894,Bengaluru,Paid Social,2026-04,4,2026-04-23
2895,Pune,Organic,2026-05,4,2026-05-22
2896,Delhi NCR,Referral,2025-10,3,2025-10-17
2897,Delhi NCR,Referral,2026-02,3,2026-02-18
2898,Pune,Paid Social,2026-07,4,2026-07-28
2899,Delhi NCR,App Store Search,2026-02,7,2026-03-21
2900,Pune,Organic,2025-09,2,2025-09-15
2901,Bengaluru,Paid Social,2025-09,3,2025-09-12
2902,Bengaluru,Organic,2026-04,1,2026-04-21
2903,Bengaluru,Paid Social,2026-05,2,2026-05-27
2904,Mumbai,Partnerships,2026-07,3,2026-07-21
2905,Delhi NCR,Organic,2025-07,3,2025-07-26
2906,Chennai,App Store Search,2026-07,1,2026-07-22
2907,Delhi NCR,Paid Social,2025-10,6,2025-11-18
2908,Pune,Organic,2026-08,6,2026-09-13
2909,Delhi NCR,Partnerships,2025-09,4,2025-10-25
2910,Bengaluru,Organic,2026-06,11,2026-08-27
2911,Delhi NCR,Paid Social,2026-05,11,2026-08-17
2912,Pune,App Store Search,2026-08,2,2026-08-29
2913,Bengaluru,Paid Social,2026-06,4,2026-07-30
2914,Delhi NCR,Referral,2026-03,1,2026-03-12
2915,Bengaluru,Organic,2026-02,1,2026-02-11
2916,Bengaluru,Organic,2025-09,5,2025-10-29
2917,Pune,Organic,2026-04,2,2026-05-20
2918,Pune,Influencer,2026-08,4,2026-09-13
2919,Pune,Referral,2026-09,2,2026-09-12
2920,Chennai,Paid Social,2026-09,1,2026-09-06
2921,Hyderabad,App Store Search,2026-07,2,2026-07-27
2922,Hyderabad,Paid Social,2026-03,4,2026-04-22
2923,Delhi NCR,App Store Search,2026-06,12,2026-08-27
2924,Hyderabad,Partnerships,2026-06,4,2026-06-25
2925,Bengaluru,Organic,2026-08,4,2026-08-20
2926,Mumbai,Paid Social,2025-08,2,2025-08-21
2927,Mumbai,Referral,2025-07,3,2025-08-15
2928,Delhi NCR,Referral,2025-10,2,2025-10-15
2930,Delhi NCR,Referral,2026-07,2,2026-07-19
2931,Pune,App Store Search,2026-04,6,2026-04-20
2932,Chennai,Organic,2026-04,3,2026-05-28
2933,Bengaluru,Paid Social,2026-04,12,2026-06-28
2934,Bengaluru,Partnerships,2026-08,4,2026-08-28
2935,Bengaluru,Organic,2025-10,3,2025-10-24
2936,Mumbai,Referral,2026-07,5,2026-07-29
2937,Bengaluru,Organic,2026-03,7,2026-04-30
2938,Mumbai,Referral,2026-02,10,2026-07-11
2939,Mumbai,Organic,2026-08,2,2026-08-15
2940,Pune,Paid Social,2025-05,9,2025-06-26
2941,Hyderabad,Organic,2026-06,6,2026-08-23
2942,Mumbai,Influencer,2026-06,9,2026-07-21
2943,Delhi NCR,Paid Social,2025-05,1,2025-05-03
2944,Bengaluru,Referral,2025-06,5,2025-07-30
2945,Pune,App Store Search,2025-06,2,2025-06-11
2946,Delhi NCR,Organic,2026-06,10,2026-08-10
2947,Mumbai,Organic,2025-08,1,2025-08-03
2948,Bengaluru,Organic,2025-12,5,2026-01-07
2949,Bengaluru,App Store Search,2026-08,6,2026-09-02
2950,Mumbai,Organic,2026-08,2,2026-08-31
2951,Mumbai,Paid Social,2026-07,2,2026-07-21
2952,Bengaluru,Paid Social,2026-01,6,2026-01-20
2953,Delhi NCR,Paid Social,2026-02,5,2026-04-06
2954,Bengaluru,Organic,2026-04,3,2026-04-25
2955,Hyderabad,Paid Social,2026-07,3,2026-07-24
2956,Pune,Paid Social,2025-04,10,2025-06-23
2957,Mumbai,App Store Search,2026-03,9,2026-05-31
2958,Chennai,Paid Social,2026-04,8,2026-06-30
2959,Delhi NCR,Organic,2025-12,8,2026-02-23
2960,Chennai,Partnerships,2026-08,4,2026-09-11
2961,Bengaluru,Paid Social,2025-05,5,2025-05-27
2962,Hyderabad,Organic,2025-11,3,2025-11-28
2963,Bengaluru,App Store Search,2026-06,9,2026-09-15
2964,Delhi NCR,Referral,2025-07,2,2025-07-20
2965,Mumbai,Organic,2025-09,45,2026-09-04
2966,Mumbai,Partnerships,2025-12,4,2026-01-05
2967,Mumbai,Referral,2026-01,4,2026-01-20
2968,Delhi NCR,Referral,2025-04,6,2025-05-29
2969,Bengaluru,Referral,2026-01,3,2026-01-21
2971,Mumbai,Influencer,2025-12,7,2026-01-28
2972,Mumbai,Paid Social,2026-08,5,2026-09-13
2973,Pune,Organic,2025-07,8,2025-08-21
2974,Bengaluru,Influencer,2025-06,2,2025-06-22
2975,Delhi NCR,Paid Social,2026-05,7,2026-06-28
2976,Delhi NCR,App Store Search,2026-05,6,2026-06-26
2977,Delhi NCR,Organic,2026-06,4,2026-08-27
2978,Chennai,Paid Social,2025-11,2,2025-11-22
2979,Hyderabad,Organic,2025-12,4,2025-12-19
2980,Mumbai,Influencer,2026-02,7,2026-03-25
2981,Pune,Partnerships,2026-03,14,2026-07-19
2983,Mumbai,Organic,2025-06,4,2025-06-26
2984,Delhi NCR,Paid Social,2025-08,3,2025-08-31
2985,Delhi NCR,Paid Social,2025-06,3,2025-06-14
2986,Delhi NCR,Organic,2026-08,3,2026-08-19
2987,Chennai,Referral,2026-08,4,2026-09-13
2989,Bengaluru,Influencer,2026-09,1,2026-09-03
2990,Mumbai,Paid Social,2026-06,4,2026-06-24
2991,Pune,Organic,2026-07,2,2026-07-09
2992,Bengaluru,Influencer,2026-01,8,2026-02-28
2993,Mumbai,Paid Social,2026-08,1,2026-08-10
2994,Bengaluru,Paid Social,2026-08,5,2026-09-08
2995,Mumbai,Organic,2025-06,3,2025-06-09
2996,Bengaluru,Referral,2026-01,15,2026-04-27
2997,Bengaluru,Organic,2025-07,2,2025-07-20
2998,Mumbai,Paid Social,2026-09,0,
2999,Bengaluru,Influencer,2026-04,3,2026-04-23
3000,Pune,Influencer,2026-07,12,2026-08-30
3002,Pune,Influencer,2026-07,8,2026-08-29
3003,Mumbai,Organic,2026-07,2,2026-07-25
3004,Delhi NCR,Referral,2026-01,6,2026-03-28
3005,Delhi NCR,Organic,2026-01,4,2026-01-14
3006,Bengaluru,Referral,2026-05,4,2026-06-28
3007,Pune,App Store Search,2025-09,9,2025-11-26
3008,Delhi NCR,Paid Social,2025-06,3,2025-06-18
3009,Mumbai,Organic,2026-01,14,2026-04-29
3010,Bengaluru,Organic,2025-05,7,2025-06-21
3011,Bengaluru,Paid Social,2026-07,3,2026-07-26
3012,Mumbai,Paid Social,2026-05,6,2026-05-30
3013,Bengaluru,Organic,2025-11,3,2025-11-12
3014,Delhi NCR,Paid Social,2026-03,6,2026-05-23
3015,Mumbai,Paid Social,2026-09,1,2026-09-09
3016,Mumbai,Referral,2026-03,9,2026-06-22
3017,Delhi NCR,Organic,2026-06,7,2026-07-28
3018,Mumbai,Paid Social,2026-07,12,2026-08-26
3019,Chennai,Paid Social,2026-04,2,2026-04-27
3020,Mumbai,App Store Search,2026-02,9,2026-04-23
3021,Bengaluru,Referral,2026-04,13,2026-06-22
3022,Pune,Partnerships,2026-05,1,2026-05-01
3023,Hyderabad,App Store Search,2026-02,4,2026-02-22
3024,Chennai,Referral,2026-03,9,2026-05-09
3025,Bengaluru,Organic,2026-05,15,2026-09-13
3026,Delhi NCR,Referral,2026-02,15,2026-06-27
3028,Delhi NCR,Organic,2025-12,18,2026-06-06
3029,Mumbai,Organic,2026-08,7,2026-09-13
3030,Delhi NCR,Referral,2025-06,10,2025-08-23
3031,Bengaluru,Paid Social,2026-02,2,2026-02-27
3032,Bengaluru,Paid Social,2026-01,3,2026-01-30
3033,Mumbai,Paid Social,2026-09,0,
3034,Hyderabad,Organic,2026-04,4,2026-05-17
3035,Bengaluru,Paid Social,2026-02,2,2026-02-21
3036,Hyderabad,Paid Social,2026-06,7,2026-07-30
3037,Mumbai,Referral,2026-01,10,2026-05-30
3038,Bengaluru,Paid Social,2025-09,8,2025-10-07
3039,Bengaluru,Organic,2026-05,3,2026-05-28
3040,Bengaluru,Partnerships,2026-08,3,2026-09-01
3041,Mumbai,App Store Search,2026-03,3,2026-03-23
3042,Bengaluru,Organic,2026-02,7,2026-04-30
3043,Mumbai,App Store Search,2026-09,2,2026-09-15
3044,Chennai,Referral,2026-07,3,2026-07-24
3046,Bengaluru,Organic,2026-03,4,2026-03-29
3047,Mumbai,Paid Social,2025-09,8,2025-11-24
3048,Bengaluru,Paid Social,2025-12,2,2025-12-18
3049,Bengaluru,Paid Social,2026-09,0,
3050,Mumbai,App Store Search,2025-06,5,2025-06-24
3051,Delhi NCR,Organic,2026-02,10,2026-05-30
3052,Pune,Paid Social,2026-08,3,2026-08-25
3053,Bengaluru,Organic,2025-08,6,2025-08-25
3054,Pune,Partnerships,2026-09,0,
3055,Pune,Partnerships,2025-09,10,2025-11-23
3056,Bengaluru,Referral,2026-01,19,2026-08-14
3057,Bengaluru,Partnerships,2026-07,6,2026-08-25
3058,Pune,Paid Social,2026-07,3,2026-07-30
3059,Bengaluru,Referral,2026-07,3,2026-08-16
3060,Hyderabad,Paid Social,2025-10,4,2025-10-22
3061,Mumbai,App Store Search,2026-05,3,2026-05-31
3062,Chennai,Paid Social,2026-03,2,2026-03-31
3063,Bengaluru,Paid Social,2025-11,5,2025-11-29
3064,Delhi NCR,Paid Social,2026-03,3,2026-03-29
3065,Delhi NCR,Organic,2026-07,6,2026-07-23
3066,Mumbai,App Store Search,2026-06,7,2026-07-25
3067,Pune,Paid Social,2025-10,3,2025-10-28
3068,Hyderabad,Paid Social,2026-03,7,2026-04-30
3069,Chennai,Referral,2026-01,10,2026-03-28
3070,Pune,Referral,2025-09,5,2025-11-03
3071,Mumbai,Influencer,2026-07,8,2026-08-31
3072,Hyderabad,App Store Search,2025-09,4,2025-10-17
3073,Hyderabad,Referral,2026-05,16,2026-09-11
3074,Bengaluru,Organic,2026-07,6,2026-08-24
3075,Bengaluru,Influencer,2026-08,4,2026-08-22
3076,Chennai,Organic,2026-05,7,2026-06-20
3077,Mumbai,App Store Search,2025-08,10,2025-10-30
3078,Delhi NCR,Organic,2026-02,7,2026-02-24
3079,Mumbai,Referral,2026-08,7,2026-09-09
3080,Bengaluru,Paid Social,2025-09,3,2025-09-21
3081,Bengaluru,Referral,2026-08,4,2026-09-04
3082,Bengaluru,Paid Social,2026-07,5,2026-07-23
3083,Bengaluru,Organic,2026-04,8,2026-05-26
3084,Mumbai,Influencer,2026-07,5,2026-08-30
3085,Mumbai,Organic,2026-05,3,2026-06-28
3086,Delhi NCR,Paid Social,2025-11,10,2026-02-17
3087,Bengaluru,Influencer,2026-08,1,2026-08-01
3088,Bengaluru,Organic,2026-07,2,2026-07-02
3089,Pune,Organic,2025-12,16,2026-05-21
3090,Delhi NCR,Paid Social,2026-03,10,2026-04-29
3091,Mumbai,Organic,2025-07,1,2025-07-19
3092,Delhi NCR,Organic,2026-05,3,2026-06-26
3093,Mumbai,Referral,2026-05,2,2026-05-15
3095,Delhi NCR,Organic,2025-12,6,2025-12-25
3096,Bengaluru,Organic,2026-07,5,2026-09-13
3097,Delhi NCR,Paid Social,2026-04,1,2026-04-29
3098,Pune,Organic,2026-06,8,2026-09-09
3099,Pune,Paid Social,2026-03,4,2026-03-16
3100,Delhi NCR,Paid Social,2026-05,15,2026-08-26
3101,Chennai,Referral,2026-06,7,2026-08-08
3102,Bengaluru,Paid Social,2025-12,2,2025-12-11
3103,Delhi NCR,App Store Search,2026-03,6,2026-04-17
3104,Bengaluru,App Store Search,2026-06,7,2026-07-26
3105,Pune,Influencer,2026-06,9,2026-07-10
3106,Bengaluru,Partnerships,2026-06,1,2026-06-24
3107,Delhi NCR,Partnerships,2025-10,4,2025-10-13
3108,Bengaluru,Organic,2026-01,7,2026-01-31
3109,Mumbai,Paid Social,2026-02,4,2026-02-17
3110,Hyderabad,Paid Social,2026-04,3,2026-04-27
3111,Hyderabad,Organic,2026-07,6,2026-09-09
3112,Bengaluru,App Store Search,2026-05,12,2026-09-10
3113,Mumbai,App Store Search,2025-10,3,2025-10-29
3114,Delhi NCR,App Store Search,2026-04,15,2026-08-11
3115,Pune,Referral,2026-05,10,2026-08-17
3116,Delhi NCR,Paid Social,2026-03,4,2026-03-19
3117,Delhi NCR,Paid Social,2026-05,4,2026-05-25
3118,Bengaluru,Referral,2026-06,2,2026-06-27
3119,Mumbai,Organic,2026-01,14,2026-07-15
3120,Chennai,Paid Social,2026-08,3,2026-08-29
3121,Mumbai,Paid Social,2026-06,5,2026-06-29
3123,Delhi NCR,Referral,2025-10,4,2025-10-30
3124,Pune,Paid Social,2025-09,3,2025-09-30
3125,Delhi NCR,Paid Social,2026-07,2,2026-07-27
3126,Bengaluru,Paid Social,2026-04,3,2026-04-30
3127,Pune,Organic,2026-04,8,2026-05-14
3128,Pune,Organic,2026-03,13,2026-09-04
3129,Delhi NCR,Referral,2026-08,1,2026-08-25
3130,Bengaluru,Organic,2026-06,3,2026-06-30
3131,Mumbai,Organic,2026-03,3,2026-03-16
3132,Mumbai,Organic,2026-08,3,2026-09-08
3133,Pune,Paid Social,2026-05,7,2026-06-19
3134,Bengaluru,Organic,2025-10,5,2025-11-17
3135,Delhi NCR,App Store Search,2026-09,2,2026-09-09
3136,Bengaluru,Organic,2025-12,1,2025-12-23
3137,Chennai,Organic,2026-02,13,2026-04-29
3138,Delhi NCR,Organic,2026-04,4,2026-04-30
3139,Delhi NCR,Organic,2025-08,3,2025-08-26
3140,Bengaluru,Partnerships,2026-01,3,2026-01-28
3141,Mumbai,Paid Social,2026-06,13,2026-09-09
3142,Delhi NCR,Paid Social,2026-09,1,2026-09-07
3143,Chennai,App Store Search,2026-06,2,2026-06-09
3144,Bengaluru,Paid Social,2026-05,3,2026-05-30
3145,Chennai,Paid Social,2026-08,3,2026-08-29
3146,Hyderabad,Referral,2026-08,3,2026-08-26
3147,Bengaluru,Organic,2025-09,4,2025-10-20
3148,Bengaluru,Organic,2026-09,1,2026-09-02
3149,Delhi NCR,Referral,2026-05,8,2026-08-16
3150,Bengaluru,Referral,2026-04,6,2026-06-28
3151,Delhi NCR,Referral,2025-10,19,2026-04-14
3152,Bengaluru,Paid Social,2026-04,2,2026-04-23
3153,Bengaluru,Organic,2026-07,4,2026-07-29
3154,Hyderabad,Paid Social,2026-08,5,2026-08-29
3155,Bengaluru,Influencer,2025-09,1,2025-09-03
3156,Delhi NCR,Paid Social,2025-06,15,2025-10-29
3157,Bengaluru,Paid Social,2026-04,11,2026-07-28
3158,Bengaluru,Organic,2026-07,4,2026-08-16
3159,Mumbai,Partnerships,2026-05,9,2026-09-13
3160,Mumbai,Paid Social,2026-08,3,2026-08-14
3161,Pune,Referral,2025-11,1,2025-11-03
3162,Bengaluru,Partnerships,2026-09,3,2026-09-11
3163,Mumbai,Referral,2026-03,12,2026-06-25
3164,Bengaluru,Referral,2026-05,16,2026-09-06
3165,Mumbai,Influencer,2025-09,6,2025-09-30
3166,Bengaluru,Organic,2026-05,2,2026-05-09
3167,Bengaluru,Paid Social,2025-05,5,2025-06-12
3168,Delhi NCR,Referral,2026-03,19,2026-07-29
3169,Delhi NCR,Organic,2025-09,21,2026-02-27
3170,Delhi NCR,Paid Social,2026-05,2,2026-05-20
3171,Bengaluru,Organic,2026-07,3,2026-07-31
3172,Delhi NCR,Referral,2025-08,3,2025-08-28
3173,Mumbai,Organic,2026-06,9,2026-08-30
3174,Mumbai,Referral,2025-09,7,2025-11-18
3175,Bengaluru,Referral,2025-07,24,2026-04-02
3176,Bengaluru,App Store Search,2025-11,6,2025-12-15
3177,Pune,Paid Social,2026-07,4,2026-07-21
3178,Mumbai,Organic,2026-06,4,2026-07-24
3179,Delhi NCR,Influencer,2025-08,21,2025-12-26
3180,Delhi NCR,Paid Social,2026-03,2,2026-03-31
3181,Bengaluru,Referral,2026-01,7,2026-03-21
3183,Delhi NCR,Organic,2026-01,5,2026-02-17
3184,Hyderabad,Paid Social,2026-04,8,2026-06-07
3185,Chennai,Influencer,2026-04,11,2026-07-16
3186,Delhi NCR,Organic,2026-05,11,2026-07-24
3187,Bengaluru,Organic,2026-02,9,2026-04-14
3188,Bengaluru,Referral,2026-04,6,2026-04-27
3189,Bengaluru,Influencer,2026-06,9,2026-08-14
3190,Pune,Referral,2026-07,1,2026-07-04
3191,Bengaluru,Influencer,2026-01,1,2026-01-09
3192,Delhi NCR,Partnerships,2026-07,3,2026-07-27
3193,Bengaluru,Referral,2025-12,6,2026-01-02
3194,Bengaluru,App Store Search,2026-04,3,2026-04-23
3195,Delhi NCR,Referral,2025-12,2,2025-12-18
3196,Bengaluru,Organic,2026-08,5,2026-08-25
3197,Hyderabad,Paid Social,2026-04,19,2026-09-07
3198,Mumbai,Paid Social,2025-10,2,2025-10-30
3199,Pune,Organic,2026-07,7,2026-08-22
3200,Delhi NCR,App Store Search,2026-07,5,2026-08-30
3201,Mumbai,Influencer,2025-06,6,2025-07-23
3202,Mumbai,App Store Search,2026-01,8,2026-03-26
3203,Bengaluru,Organic,2026-07,8,2026-08-28
3204,Pune,Partnerships,2026-09,1,2026-09-12
3205,Hyderabad,Organic,2026-08,3,2026-09-05
3206,Chennai,Paid Social,2026-08,7,2026-09-12
3207,Mumbai,Referral,2025-08,21,2026-02-26
3208,Delhi NCR,Paid Social,2026-02,5,2026-02-21
3209,Delhi NCR,Partnerships,2025-06,5,2025-07-07
3210,Bengaluru,Organic,2025-09,3,2025-10-10
3211,Pune,Organic,2026-08,2,2026-09-12
3212,Bengaluru,Organic,2026-02,8,2026-03-31
3213,Delhi NCR,Paid Social,2025-07,5,2025-07-30
3214,Mumbai,Paid Social,2026-03,8,2026-04-11
3215,Bengaluru,Organic,2025-11,6,2025-12-27
3216,Bengaluru,Organic,2026-09,1,2026-09-05
3217,Bengaluru,App Store Search,2025-09,1,2025-09-23
3218,Hyderabad,Referral,2026-07,3,2026-07-29
3219,Pune,App Store Search,2026-02,4,2026-02-21
3220,Pune,Paid Social,2025-04,6,2025-05-30
3221,Bengaluru,App Store Search,2025-08,5,2025-09-07
3222,Bengaluru,Partnerships,2026-06,9,2026-07-31
3223,Mumbai,Referral,2026-01,11,2026-03-25
3224,Pune,Organic,2025-11,4,2026-01-19
3225,Delhi NCR,Organic,2026-08,3,2026-08-21
3226,Mumbai,Organic,2026-09,1,2026-09-10
3227,Bengaluru,Organic,2026-04,6,2026-06-02
3228,Bengaluru,Referral,2026-05,12,2026-09-09
3229,Mumbai,Paid Social,2026-01,6,2026-01-30
3230,Delhi NCR,App Store Search,2026-07,4,2026-08-26
3231,Delhi NCR,App Store Search,2026-08,4,2026-08-23
3232,Bengaluru,Influencer,2026-09,1,2026-09-09
3233,Bengaluru,Referral,2025-05,3,2025-06-08
3234,Mumbai,Paid Social,2026-06,11,2026-09-11
3235,Bengaluru,Influencer,2025-11,4,2025-11-26
3236,Bengaluru,Organic,2026-06,12,2026-09-09
3237,Mumbai,Organic,2026-03,20,2026-07-30
3238,Delhi NCR,Organic,2026-06,3,2026-06-23
3239,Mumbai,Referral,2026-06,15,2026-09-15
3240,Mumbai,Organic,2026-07,5,2026-08-20
3241,Bengaluru,Referral,2026-05,4,2026-06-04
3242,Pune,Paid Social,2025-10,2,2025-10-15
3243,Delhi NCR,Paid Social,2025-11,3,2025-11-25
3244,Delhi NCR,Paid Social,2025-10,2,2025-10-18
3245,Bengaluru,Organic,2026-08,3,2026-09-08
3247,Bengaluru,Organic,2026-04,4,2026-05-21
3248,Bengaluru,Paid Social,2025-07,6,2025-08-31
3249,Bengaluru,Referral,2026-04,6,2026-06-24
3250,Delhi NCR,App Store Search,2025-11,10,2026-01-24
3251,Delhi NCR,Paid Social,2025-07,3,2025-08-28
3253,Delhi NCR,Partnerships,2025-07,8,2025-08-26
3254,Bengaluru,Organic,2025-05,3,2025-05-30
3255,Mumbai,App Store Search,2026-08,2,2026-08-22
3256,Hyderabad,Paid Social,2026-04,1,2026-04-01
3257,Mumbai,Influencer,2025-06,2,2025-06-30
3258,Mumbai,Paid Social,2026-02,6,2026-03-20
3259,Pune,Referral,2025-11,2,2025-11-20
3260,Delhi NCR,Organic,2026-07,2,2026-07-29
3261,Bengaluru,App Store Search,2026-03,2,2026-03-23
3262,Chennai,Organic,2026-06,7,2026-08-29
3263,Bengaluru,Organic,2026-05,8,2026-08-27
3264,Mumbai,Paid Social,2026-07,4,2026-08-09
3265,Mumbai,Organic,2025-06,1,2025-06-24
3266,Delhi NCR,Organic,2026-01,5,2026-02-27
3267,Bengaluru,Referral,2025-08,5,2025-09-23
3268,Delhi NCR,Paid Social,2026-03,5,2026-04-28
3269,Bengaluru,Organic,2026-03,3,2026-03-30
3270,Hyderabad,Paid Social,2025-09,8,2025-11-24
3271,Bengaluru,Organic,2026-07,4,2026-08-21
3272,Hyderabad,App Store Search,2025-09,1,2025-09-10
3273,Delhi NCR,Organic,2025-11,6,2025-12-30
3274,Mumbai,App Store Search,2026-07,8,2026-08-10
3275,Bengaluru,Organic,2026-01,4,2026-01-24
3276,Bengaluru,Paid Social,2026-05,5,2026-06-30
3277,Bengaluru,App Store Search,2026-08,3,2026-08-30
3278,Pune,Influencer,2025-06,16,2025-11-19
3279,Delhi NCR,Organic,2026-03,2,2026-03-22
3280,Hyderabad,App Store Search,2026-05,4,2026-06-22
3281,Delhi NCR,Referral,2026-07,4,2026-07-27
3282,Hyderabad,Organic,2025-12,3,2025-12-30
3283,Delhi NCR,Referral,2026-03,16,2026-07-23
3284,Delhi NCR,App Store Search,2026-04,11,2026-07-28
3285,Bengaluru,Organic,2026-07,4,2026-07-28
3286,Delhi NCR,Organic,2026-08,4,2026-09-07
3287,Bengaluru,Paid Social,2025-12,3,2025-12-25
3288,Mumbai,Influencer,2025-08,2,2025-08-13
3289,Bengaluru,Referral,2026-04,1,2026-04-30
3290,Bengaluru,Partnerships,2025-08,12,2025-09-30
3291,Delhi NCR,App Store Search,2025-06,5,2025-07-06
3292,Mumbai,Referral,2025-07,17,2026-02-22
3294,Bengaluru,Organic,2025-12,4,2026-01-22
3295,Pune,Influencer,2026-06,6,2026-06-28
3296,Bengaluru,Paid Social,2026-07,3,2026-07-25
3297,Bengaluru,App Store Search,2025-06,4,2025-06-30
3298,Bengaluru,Paid Social,2026-05,3,2026-06-22
3299,Bengaluru,App Store Search,2026-09,3,2026-09-15
3300,Mumbai,Paid Social,2026-05,2,2026-05-27
3301,Pune,Paid Social,2025-09,6,2025-10-29
3302,Bengaluru,Paid Social,2026-02,5,2026-02-27
3303,Bengaluru,Organic,2026-09,1,2026-09-05
3304,Bengaluru,Referral,2026-01,15,2026-04-06
3305,Bengaluru,Referral,2026-03,8,2026-04-20
3306,Bengaluru,Paid Social,2026-09,3,2026-09-06
3307,Delhi NCR,Referral,2025-08,14,2025-12-26
3308,Pune,Organic,2025-08,27,2026-06-25
3309,Bengaluru,Partnerships,2025-05,13,2025-09-13
3310,Delhi NCR,Partnerships,2026-04,2,2026-04-13
3311,Pune,Paid Social,2026-07,4,2026-09-06
3313,Mumbai,Paid Social,2025-09,8,2025-10-22
3314,Mumbai,Organic,2025-12,17,2026-03-25
3315,Mumbai,Referral,2026-03,23,2026-08-27
3316,Delhi NCR,Organic,2025-10,7,2025-12-19
3317,Bengaluru,Paid Social,2025-09,4,2025-09-22
3318,Chennai,Paid Social,2026-02,4,2026-02-20
3319,Delhi NCR,Organic,2026-03,8,2026-03-26
3320,Bengaluru,Organic,2026-08,3,2026-09-11
3321,Delhi NCR,Organic,2026-07,5,2026-07-28
3322,Delhi NCR,Organic,2025-10,11,2025-12-28
3323,Bengaluru,Organic,2026-09,3,2026-09-13
3324,Bengaluru,Organic,2026-08,3,2026-08-26
3325,Hyderabad,Paid Social,2026-06,6,2026-07-26
3326,Pune,Organic,2026-06,7,2026-09-14
3327,Chennai,Influencer,2026-09,0,
3328,Delhi NCR,Paid Social,2026-03,11,2026-06-29
3329,Bengaluru,Referral,2026-03,6,2026-05-25
3330,Delhi NCR,Paid Social,2025-12,14,2026-04-28
3331,Delhi NCR,Partnerships,2026-02,24,2026-09-12
3332,Delhi NCR,Organic,2025-04,3,2025-04-29
3333,Delhi NCR,App Store Search,2026-02,7,2026-04-29
3334,Bengaluru,Paid Social,2025-05,3,2025-05-17
3335,Delhi NCR,Influencer,2026-09,0,
3336,Mumbai,Organic,2026-07,9,2026-08-31
3337,Delhi NCR,Paid Social,2026-08,2,2026-08-22
3338,Chennai,Organic,2026-02,6,2026-03-13
3339,Mumbai,Paid Social,2026-08,4,2026-08-31
3340,Pune,App Store Search,2025-10,6,2025-11-23
3341,Mumbai,Referral,2025-10,9,2026-01-26
3342,Delhi NCR,Organic,2026-03,5,2026-04-26
3343,Bengaluru,Referral,2026-09,0,
3344,Pune,App Store Search,2026-06,5,2026-07-30
3345,Bengaluru,Referral,2026-03,6,2026-04-19
3346,Bengaluru,Referral,2025-09,5,2025-10-26
3347,Hyderabad,Organic,2026-06,11,2026-08-27
3348,Chennai,Organic,2026-01,2,2026-01-18
3349,Chennai,Influencer,2026-07,5,2026-09-01
3350,Pune,Organic,2026-05,5,2026-06-26
3351,Bengaluru,App Store Search,2026-08,2,2026-08-31
3352,Mumbai,Organic,2026-01,12,2026-05-13
3353,Bengaluru,Organic,2026-07,4,2026-07-18
3354,Mumbai,Paid Social,2026-08,3,2026-08-29
3355,Mumbai,Organic,2025-12,23,2026-05-27
3356,Bengaluru,Organic,2025-08,3,2025-08-20
3358,Chennai,Paid Social,2026-01,5,2026-02-06
3359,Hyderabad,Paid Social,2025-10,16,2026-02-18
3360,Pune,Organic,2026-04,7,2026-05-20
3361,Delhi NCR,Paid Social,2026-05,4,2026-05-23
3362,Bengaluru,App Store Search,2025-04,3,2025-04-17
3363,Bengaluru,Paid Social,2025-09,5,2025-10-19
3364,Hyderabad,Organic,2025-07,10,2025-09-24
3365,Mumbai,Paid Social,2026-05,2,2026-05-20
3366,Hyderabad,Paid Social,2025-09,6,2025-10-25
3367,Mumbai,Paid Social,2026-01,22,2026-05-27
3368,Pune,App Store Search,2025-12,2,2025-12-14
3369,Bengaluru,Paid Social,2026-04,1,2026-04-29
3370,Mumbai,Partnerships,2025-08,9,2025-10-30
3371,Hyderabad,Influencer,2026-07,8,2026-09-14
3372,Bengaluru,Paid Social,2026-03,2,2026-03-18
3373,Hyderabad,Organic,2025-12,20,2026-06-01
3374,Delhi NCR,App Store Search,2025-08,2,2025-08-26
3375,Bengaluru,App Store Search,2026-05,5,2026-06-26
3376,Delhi NCR,Organic,2025-10,10,2025-11-27
3377,Bengaluru,Paid Social,2025-08,4,2025-08-18
3378,Mumbai,Organic,2025-11,3,2025-11-18
3379,Hyderabad,Paid Social,2025-10,30,2026-09-14
3380,Mumbai,Influencer,2025-04,2,2025-04-30
3381,Bengaluru,Referral,2026-05,2,2026-05-26
3382,Pune,App Store Search,2026-05,6,2026-06-26
3383,Mumbai,Referral,2026-03,2,2026-03-18
3384,Delhi NCR,Organic,2026-03,4,2026-03-25
3385,Bengaluru,Organic,2026-01,7,2026-02-19
3386,Mumbai,Paid Social,2025-04,3,2025-05-29
3387,Delhi NCR,Referral,2026-04,4,2026-04-21
3388,Bengaluru,Referral,2025-07,9,2025-09-28
3389,Pune,Referral,2026-06,9,2026-09-07
3390,Delhi NCR,Referral,2026-06,6,2026-08-05
3391,Delhi NCR,Organic,2025-07,5,2025-07-17
3392,Mumbai,App Store Search,2026-03,1,2026-03-14
3393,Bengaluru,App Store Search,2025-12,15,2026-05-17
3394,Bengaluru,Organic,2026-07,2,2026-07-26
3395,Mumbai,Organic,2026-02,18,2026-06-19
3396,Bengaluru,Paid Social,2025-11,2,2025-11-28
3397,Bengaluru,Organic,2026-07,5,2026-09-09
3398,Mumbai,Influencer,2025-06,2,2025-06-15
3399,Pune,Influencer,2026-09,1,2026-09-11
3400,Bengaluru,Paid Social,2026-06,5,2026-06-26
3401,Hyderabad,Paid Social,2026-03,5,2026-03-29
3402,Hyderabad,Partnerships,2026-08,2,2026-08-18
3403,Bengaluru,Paid Social,2025-11,4,2025-11-30
3404,Mumbai,Organic,2026-03,4,2026-04-30
3405,Pune,Referral,2025-11,19,2026-05-31
3406,Pune,Paid Social,2026-04,7,2026-05-29
3407,Bengaluru,App Store Search,2025-09,2,2025-09-15
3409,Delhi NCR,Paid Social,2026-07,5,2026-07-31
3410,Chennai,Organic,2026-02,1,2026-02-24
3411,Hyderabad,Paid Social,2026-08,3,2026-08-18
3412,Bengaluru,App Store Search,2025-12,5,2026-01-30
3413,Pune,Organic,2026-01,4,2026-02-21
3414,Delhi NCR,Paid Social,2026-06,9,2026-09-06
3415,Delhi NCR,Organic,2026-09,4,2026-09-15
3416,Delhi NCR,Paid Social,2026-05,9,2026-06-26
3417,Hyderabad,Paid Social,2026-05,13,2026-08-24
3418,Bengaluru,Organic,2026-06,7,2026-09-11
3419,Bengaluru,Paid Social,2026-03,4,2026-04-19
3420,Chennai,App Store Search,2026-07,7,2026-08-29
3422,Mumbai,Paid Social,2026-07,3,2026-07-26
3423,Bengaluru,Organic,2026-04,6,2026-04-29
3424,Bengaluru,Organic,2025-11,3,2025-11-26
3425,Mumbai,Paid Social,2026-08,1,2026-08-16
3426,Pune,Organic,2026-04,10,2026-06-23
3427,Bengaluru,Referral,2026-08,3,2026-08-23
3428,Hyderabad,Referral,2026-02,2,2026-02-21
3429,Pune,Organic,2026-09,0,
3430,Chennai,App Store Search,2026-04,15,2026-08-23
3431,Mumbai,Paid Social,2026-04,6,2026-06-24
3432,Pune,Paid Social,2025-11,3,2025-11-23
3433,Delhi NCR,Paid Social,2026-06,4,2026-06-29
3434,Delhi NCR,Referral,2026-03,12,2026-06-25
3435,Delhi NCR,App Store Search,2026-06,3,2026-06-30
3436,Mumbai,Referral,2025-10,12,2026-01-29
3437,Bengaluru,App Store Search,2025-10,3,2025-10-25
3438,Mumbai,Partnerships,2026-03,6,2026-04-30
3439,Bengaluru,Organic,2025-05,6,2025-06-25
3440,Bengaluru,App Store Search,2026-06,7,2026-08-18
3441,Delhi NCR,Paid Social,2025-11,7,2026-01-27
3442,Bengaluru,Referral,2026-05,4,2026-05-29
3443,Bengaluru,App Store Search,2026-07,5,2026-08-17
3444,Bengaluru,Referral,2026-05,1,2026-05-17
3445,Bengaluru,Referral,2025-10,5,2025-10-29
3446,Hyderabad,Paid Social,2026-05,10,2026-08-12
3447,Delhi NCR,Organic,2026-02,11,2026-04-28
3448,Mumbai,App Store Search,2026-08,2,2026-08-25
3449,Hyderabad,Paid Social,2025-11,10,2026-02-19
3450,Delhi NCR,Organic,2025-10,3,2025-10-12
3451,Pune,Referral,2026-05,6,2026-06-17
3452,Bengaluru,Organic,2026-03,5,2026-04-14
3453,Bengaluru,Paid Social,2026-03,9,2026-04-30
3454,Chennai,Organic,2026-05,1,2026-05-21
3455,Bengaluru,Organic,2026-06,15,2026-09-09
3456,Bengaluru,Organic,2026-02,3,2026-02-25
3457,Delhi NCR,Organic,2026-03,14,2026-07-19
3458,Pune,Referral,2026-02,1,2026-02-17
3459,Bengaluru,Organic,2026-05,3,2026-06-30
3460,Mumbai,Partnerships,2025-12,6,2026-01-25
3461,Bengaluru,Influencer,2026-08,2,2026-08-13
3462,Mumbai,Paid Social,2025-12,2,2025-12-22
3463,Chennai,Paid Social,2026-06,11,2026-09-01
3464,Bengaluru,Organic,2026-07,5,2026-09-14
3465,Bengaluru,Paid Social,2025-12,4,2026-01-28
3466,Hyderabad,Organic,2026-07,6,2026-08-21
3468,Bengaluru,Referral,2026-01,9,2026-03-29
3469,Chennai,Organic,2026-06,7,2026-07-11
3470,Delhi NCR,App Store Search,2025-11,4,2025-11-27
3471,Mumbai,Paid Social,2025-10,5,2025-10-29
3472,Bengaluru,Paid Social,2025-11,6,2025-11-26
3473,Pune,Paid Social,2026-07,8,2026-08-31
3474,Bengaluru,Paid Social,2026-03,9,2026-04-17
3477,Bengaluru,Organic,2026-05,9,2026-08-31
3478,Bengaluru,Referral,2026-09,1,2026-09-11
3479,Bengaluru,Partnerships,2026-02,4,2026-03-14
3480,Mumbai,App Store Search,2026-08,2,2026-08-27
3481,Mumbai,Referral,2026-06,13,2026-08-29
3482,Pune,Organic,2026-01,2,2026-01-29
3483,Bengaluru,App Store Search,2026-05,4,2026-06-01
3484,Pune,Organic,2026-04,7,2026-05-31
3485,Bengaluru,Paid Social,2026-07,6,2026-08-26
3486,Pune,Paid Social,2025-09,14,2025-12-15
3487,Hyderabad,Organic,2025-12,1,2025-12-10
3488,Delhi NCR,Partnerships,2026-04,18,2026-09-12
3489,Hyderabad,Organic,2026-07,2,2026-07-23
3490,Mumbai,Paid Social,2026-08,4,2026-08-14
3491,Chennai,Organic,2026-06,10,2026-08-02
3492,Mumbai,Organic,2026-06,8,2026-08-05
3493,Mumbai,Organic,2026-06,3,2026-06-28
3494,Mumbai,App Store Search,2026-05,9,2026-06-28
3495,Mumbai,Influencer,2026-09,3,2026-09-15
3496,Mumbai,App Store Search,2025-09,16,2026-01-31
3497,Bengaluru,Referral,2026-07,9,2026-08-29
3498,Mumbai,Paid Social,2026-04,5,2026-05-10
3499,Hyderabad,Influencer,2025-12,3,2025-12-30
3500,Bengaluru,Influencer,2026-06,4,2026-06-30
3501,Mumbai,App Store Search,2025-07,5,2025-07-31
3502,Pune,Paid Social,2026-01,2,2026-01-21
3503,Pune,Referral,2025-10,5,2025-11-19
3504,Mumbai,App Store Search,2025-10,8,2025-10-30
3505,Bengaluru,Paid Social,2026-08,4,2026-08-31
3506,Mumbai,Paid Social,2026-02,0,
3507,Pune,App Store Search,2026-05,11,2026-08-24
3508,Mumbai,Organic,2025-11,2,2025-11-24
3509,Pune,Paid Social,2026-02,10,2026-04-15
3510,Mumbai,Referral,2026-02,18,2026-07-18
3512,Delhi NCR,App Store Search,2025-07,17,2025-11-17
3513,Delhi NCR,App Store Search,2026-02,6,2026-03-25
3514,Mumbai,Paid Social,2025-11,3,2025-11-24
3515,Bengaluru,App Store Search,2026-08,1,2026-08-12
3516,Pune,App Store Search,2026-08,2,2026-09-12
3517,Mumbai,Paid Social,2025-08,18,2025-11-15
3518,Hyderabad,App Store Search,2026-09,0,
3519,Bengaluru,App Store Search,2025-10,2,2025-10-24
3520,Bengaluru,Paid Social,2026-04,7,2026-05-27
3521,Bengaluru,Partnerships,2026-05,11,2026-07-15
3522,Pune,Paid Social,2026-03,6,2026-03-23
3523,Hyderabad,Paid Social,2026-05,4,2026-06-20
3524,Delhi NCR,Organic,2025-11,5,2025-11-21
3525,Pune,Organic,2026-04,2,2026-04-14
3526,Bengaluru,Referral,2026-09,5,2026-09-13
3527,Delhi NCR,Partnerships,2025-07,2,2025-07-08
3528,Hyderabad,Paid Social,2026-05,7,2026-07-25
3529,Delhi NCR,App Store Search,2026-07,4,2026-08-12
3530,Chennai,Paid Social,2026-06,8,2026-07-21
3531,Mumbai,Organic,2026-07,7,2026-08-30
3532,Bengaluru,Paid Social,2026-06,2,2026-06-28
3533,Pune,Paid Social,2025-09,5,2025-10-24
3534,Bengaluru,App Store Search,2026-06,5,2026-06-28
3535,Mumbai,Organic,2026-03,17,2026-09-11
3536,Delhi NCR,App Store Search,2026-09,1,2026-09-11
3537,Bengaluru,Organic,2026-05,2,2026-05-20
3538,Bengaluru,Organic,2025-10,17,2026-02-23
3539,Bengaluru,Organic,2026-07,9,2026-08-25
3540,Pune,Paid Social,2026-08,7,2026-09-05
3541,Mumbai,Organic,2026-06,2,2026-06-13
3542,Mumbai,App Store Search,2026-03,16,2026-06-29
3543,Pune,Referral,2026-07,3,2026-07-29
3544,Mumbai,App Store Search,2026-07,2,2026-07-28
3545,Mumbai,App Store Search,2026-09,1,2026-09-13
3546,Mumbai,Organic,2025-07,2,2025-07-30
3547,Pune,Paid Social,2025-08,18,2025-11-30
3548,Delhi NCR,App Store Search,2026-08,7,2026-09-09
3549,Pune,Organic,2026-02,18,2026-06-18
3550,Delhi NCR,Paid Social,2025-10,6,2025-12-30
3551,Chennai,Referral,2026-06,7,2026-09-10
3552,Delhi NCR,Paid Social,2026-07,3,2026-07-31
3553,Mumbai,Referral,2025-10,12,2025-12-14
3554,Bengaluru,App Store Search,2026-03,2,2026-03-29
3555,Bengaluru,Organic,2026-04,5,2026-04-29
3556,Bengaluru,Organic,2025-06,3,2025-06-27
3557,Chennai,Referral,2026-09,0,
3558,Delhi NCR,Influencer,2026-07,11,2026-09-10
3559,Mumbai,Referral,2025-06,13,2025-08-31
3560,Chennai,Paid Social,2026-03,4,2026-03-31
3561,Mumbai,Referral,2026-01,7,2026-03-07
3562,Mumbai,App Store Search,2026-08,5,2026-09-08
3563,Bengaluru,App Store Search,2026-07,2,2026-07-31
3564,Mumbai,App Store Search,2026-03,10,2026-05-11
3565,Mumbai,Paid Social,2025-09,4,2025-09-23
3566,Bengaluru,Organic,2026-05,4,2026-05-30
3567,Delhi NCR,App Store Search,2026-03,7,2026-04-30
3568,Mumbai,Influencer,2026-08,5,2026-08-18
3569,Bengaluru,Organic,2026-05,3,2026-05-15
3570,Pune,Organic,2026-05,15,2026-08-26
3571,Bengaluru,App Store Search,2026-02,1,2026-02-26
3572,Pune,Paid Social,2025-06,7,2025-07-19
3573,Mumbai,Organic,2026-04,15,2026-08-24
3574,Bengaluru,Paid Social,2026-08,2,2026-08-23
3575,Pune,Paid Social,2026-03,10,2026-05-31
3576,Delhi NCR,Organic,2025-11,16,2026-04-27
3577,Chennai,App Store Search,2026-08,2,2026-08-07
3578,Bengaluru,Organic,2025-06,3,2025-06-25
3579,Hyderabad,Paid Social,2026-07,9,2026-09-01
3580,Chennai,Paid Social,2026-01,5,2026-02-19
3581,Bengaluru,Influencer,2025-12,3,2025-12-27
3582,Hyderabad,Organic,2025-10,4,2025-10-31
3583,Delhi NCR,Paid Social,2025-07,5,2025-08-09
3584,Delhi NCR,Organic,2025-12,8,2026-02-02
3585,Bengaluru,Paid Social,2026-08,3,2026-09-11
3586,Delhi NCR,Referral,2025-12,8,2026-01-19
3587,Bengaluru,App Store Search,2025-07,12,2025-10-12
3588,Delhi NCR,Paid Social,2025-11,4,2025-11-30
3589,Chennai,Organic,2025-12,4,2025-12-29
3590,Mumbai,Referral,2025-12,7,2026-01-27
3591,Delhi NCR,Referral,2026-03,12,2026-06-13
3592,Mumbai,Organic,2026-06,8,2026-09-08
3593,Bengaluru,Paid Social,2026-05,1,2026-05-04
3594,Bengaluru,Referral,2026-01,2,2026-01-25
3595,Bengaluru,App Store Search,2026-06,5,2026-08-25
3596,Delhi NCR,App Store Search,2025-11,4,2025-12-04
3597,Bengaluru,Referral,2026-08,2,2026-09-07
3598,Bengaluru,Paid Social,2026-07,5,2026-08-08
3599,Mumbai,Referral,2026-02,21,2026-07-23
3600,Delhi NCR,Organic,2026-08,3,2026-08-19
3601,Delhi NCR,Referral,2026-05,9,2026-07-18
3602,Mumbai,App Store Search,2026-01,6,2026-01-30
3603,Bengaluru,Paid Social,2025-10,2,2025-10-27
3604,Bengaluru,Organic,2025-06,2,2025-06-16
3605,Delhi NCR,Paid Social,2026-09,2,2026-09-12
3606,Bengaluru,Organic,2026-07,5,2026-07-29
3607,Chennai,Organic,2026-06,6,2026-08-24
3608,Mumbai,App Store Search,2026-01,4,2026-01-26
3609,Bengaluru,App Store Search,2026-07,8,2026-09-03
3610,Hyderabad,Organic,2026-08,3,2026-09-11
3611,Mumbai,Paid Social,2026-07,6,2026-08-27
3612,Bengaluru,Organic,2025-12,7,2026-02-12
3613,Hyderabad,Referral,2026-04,13,2026-09-13
3614,Chennai,App Store Search,2026-03,8,2026-05-27
3615,Bengaluru,Organic,2025-08,2,2025-08-09
3616,Bengaluru,Paid Social,2026-02,3,2026-02-24
3617,Bengaluru,Referral,2025-07,16,2026-01-26
3618,Bengaluru,Influencer,2026-07,4,2026-07-27
3619,Delhi NCR,Referral,2026-04,3,2026-04-15
3620,Delhi NCR,Partnerships,2026-08,3,2026-08-24
3621,Mumbai,App Store Search,2026-05,10,2026-06-30
3622,Bengaluru,Referral,2026-03,3,2026-03-23
3623,Delhi NCR,Organic,2026-01,8,2026-03-19
3624,Bengaluru,Influencer,2026-04,4,2026-04-29
3625,Hyderabad,Organic,2026-02,10,2026-05-28
3626,Pune,Paid Social,2026-06,1,2026-06-18
3627,Mumbai,App Store Search,2025-08,3,2025-08-31
3628,Delhi NCR,Influencer,2026-01,13,2026-05-24
3629,Delhi NCR,Paid Social,2026-08,1,2026-08-21
3630,Mumbai,Partnerships,2026-08,2,2026-08-26
3631,Chennai,Paid Social,2026-08,2,2026-09-14
3632,Bengaluru,Influencer,2026-01,5,2026-01-25
3633,Mumbai,Influencer,2026-06,6,2026-08-25
3634,Chennai,Paid Social,2026-09,0,
3635,Mumbai,Organic,2026-09,1,2026-09-07
3636,Bengaluru,Referral,2026-09,2,2026-09-10
3637,Mumbai,Paid Social,2025-09,8,2025-11-16
3638,Hyderabad,Paid Social,2026-05,8,2026-07-12
3639,Mumbai,Influencer,2026-08,1,2026-08-01
3641,Mumbai,Paid Social,2025-11,1,2025-11-28
3642,Delhi NCR,Organic,2026-01,4,2026-02-17
3643,Bengaluru,Referral,2025-09,8,2025-11-13
3644,Bengaluru,Partnerships,2025-08,2,2025-08-23
3645,Bengaluru,Referral,2026-08,4,2026-09-13
3646,Delhi NCR,Organic,2026-04,8,2026-07-31
3647,Pune,Paid Social,2026-07,5,2026-07-31
3648,Pune,Influencer,2026-04,1,2026-04-11
3649,Pune,App Store Search,2025-06,2,2025-06-24
3650,Chennai,Organic,2026-07,2,2026-07-12
3651,Pune,Paid Social,2026-05,4,2026-05-31
3652,Hyderabad,App Store Search,2026-05,2,2026-05-03
3653,Delhi NCR,Partnerships,2025-12,2,2025-12-31
3654,Delhi NCR,Paid Social,2026-03,3,2026-03-25
3655,Bengaluru,Paid Social,2026-05,2,2026-05-19
3656,Hyderabad,App Store Search,2026-09,2,2026-09-15
3657,Bengaluru,Organic,2026-06,3,2026-06-26
3658,Pune,Influencer,2026-03,2,2026-03-21
3659,Mumbai,Partnerships,2025-11,9,2026-03-30
3660,Mumbai,Influencer,2026-08,4,2026-08-31
3661,Mumbai,Paid Social,2026-02,2,2026-02-23
3662,Pune,Paid Social,2026-09,3,2026-09-15
3664,Pune,Paid Social,2026-08,5,2026-09-09
3665,Mumbai,Organic,2025-11,4,2025-11-19
3666,Mumbai,Paid Social,2026-08,4,2026-09-14
3667,Bengaluru,Organic,2026-06,6,2026-07-26
3668,Bengaluru,Organic,2026-08,5,2026-08-20
3669,Mumbai,Organic,2026-04,1,2026-04-16
3670,Bengaluru,Paid Social,2025-11,5,2025-11-27
3671,Hyderabad,Paid Social,2026-03,5,2026-03-26
3672,Mumbai,Organic,2026-09,1,2026-09-08
3673,Hyderabad,Partnerships,2026-02,17,2026-06-07
3674,Bengaluru,Paid Social,2025-07,3,2025-07-25
3675,Bengaluru,Referral,2026-06,2,2026-06-21
3676,Delhi NCR,Referral,2025-10,11,2026-01-29
3677,Bengaluru,App Store Search,2026-09,1,2026-09-09
3678,Delhi NCR,Referral,2026-08,6,2026-09-12
3679,Mumbai,Referral,2025-11,9,2026-01-30
3680,Mumbai,App Store Search,2025-06,4,2025-06-29
3681,Bengaluru,Organic,2026-05,5,2026-06-14
3682,Mumbai,Organic,2026-07,6,2026-08-28
3683,Delhi NCR,App Store Search,2026-05,10,2026-07-24
3684,Bengaluru,Paid Social,2026-07,3,2026-07-26
3685,Mumbai,Paid Social,2026-01,12,2026-06-21
3686,Mumbai,Paid Social,2025-08,2,2025-08-27
3687,Delhi NCR,Organic,2026-03,17,2026-07-27
3688,Mumbai,Referral,2026-02,6,2026-03-17
3689,Hyderabad,Referral,2026-05,5,2026-06-13
3690,Bengaluru,Paid Social,2026-08,1,2026-08-10
3691,Mumbai,Organic,2025-11,29,2026-08-15
3692,Pune,Organic,2025-11,3,2025-11-29
3693,Bengaluru,App Store Search,2026-09,0,
3694,Hyderabad,Influencer,2026-08,10,2026-09-15
3695,Mumbai,Paid Social,2025-10,3,2025-11-16
3696,Bengaluru,Organic,2026-06,8,2026-07-20
3697,Bengaluru,Organic,2026-05,1,2026-05-23
3698,Bengaluru,Referral,2025-08,3,2025-08-30
3699,Bengaluru,Organic,2025-09,6,2025-09-28
3700,Pune,Organic,2025-10,5,2025-10-20
3701,Hyderabad,Organic,2026-08,1,2026-08-25
3702,Bengaluru,Referral,2025-10,34,2026-06-29
3703,Bengaluru,App Store Search,2026-08,4,2026-09-11
3704,Delhi NCR,Influencer,2025-05,6,2025-06-24
3705,Delhi NCR,Organic,2026-07,7,2026-08-14
3706,Delhi NCR,Partnerships,2026-07,4,2026-08-31
3707,Delhi NCR,Paid Social,2026-03,7,2026-05-31
3708,Delhi NCR,Referral,2026-08,4,2026-08-20
3709,Bengaluru,Referral,2025-05,4,2025-06-14
3710,Hyderabad,Paid Social,2025-09,2,2025-09-27
3711,Hyderabad,Organic,2026-04,4,2026-04-17
3712,Mumbai,Organic,2026-02,10,2026-03-28
3713,Delhi NCR,Referral,2026-04,1,2026-04-18
3714,Delhi NCR,Organic,2025-05,2,2025-05-30
3715,Bengaluru,App Store Search,2025-08,4,2025-09-26
3716,Bengaluru,Organic,2026-05,8,2026-07-30
3717,Bengaluru,Paid Social,2025-09,2,2025-09-17
3718,Delhi NCR,Organic,2026-07,2,2026-07-18
3719,Delhi NCR,Paid Social,2026-07,6,2026-08-26
3720,Bengaluru,Organic,2025-09,9,2025-11-28
3721,Hyderabad,Paid Social,2026-03,8,2026-05-14
3722,Pune,Referral,2026-01,10,2026-04-28
3723,Bengaluru,Organic,2026-03,19,2026-09-11
3724,Bengaluru,Referral,2025-12,8,2026-02-14
3725,Delhi NCR,Organic,2026-06,9,2026-09-11
3726,Chennai,App Store Search,2025-11,2,2025-11-25
3727,Pune,Paid Social,2026-04,3,2026-04-27
3728,Pune,Organic,2026-06,11,2026-08-19
3729,Pune,Paid Social,2025-07,12,2025-09-30
3730,Delhi NCR,Paid Social,2026-07,6,2026-09-13
3731,Bengaluru,Organic,2026-03,8,2026-06-28
3732,Mumbai,App Store Search,2026-03,4,2026-03-27
3733,Bengaluru,Paid Social,2025-10,5,2025-10-23
3734,Bengaluru,Paid Social,2025-11,6,2025-11-29
3735,Mumbai,Paid Social,2025-11,11,2026-01-27
3736,Hyderabad,Organic,2026-05,9,2026-08-25
3737,Bengaluru,Paid Social,2025-09,9,2025-11-26
3738,Delhi NCR,Organic,2025-06,4,2025-07-05
3739,Bengaluru,Partnerships,2025-12,12,2026-02-28
3740,Bengaluru,Paid Social,2025-07,5,2025-08-13
3741,Bengaluru,Paid Social,2025-09,6,2025-09-30
3742,Bengaluru,Referral,2025-08,1,2025-08-07
3743,Mumbai,App Store Search,2025-07,3,2025-07-27
3744,Bengaluru,Influencer,2026-09,1,2026-09-03
3745,Mumbai,App Store Search,2025-11,19,2026-06-25
3746,Mumbai,Paid Social,2025-09,8,2025-10-19
3747,Mumbai,Referral,2026-07,7,2026-09-10
3748,Hyderabad,Referral,2026-07,1,2026-07-04
3749,Mumbai,Partnerships,2026-09,0,
3750,Pune,Paid Social,2026-07,9,2026-09-13
3751,Bengaluru,Organic,2026-08,2,2026-08-28
3752,Bengaluru,Referral,2026-02,3,2026-02-21
3753,Delhi NCR,Organic,2025-10,7,2025-12-30
3754,Bengaluru,Organic,2026-01,1,2026-01-25
3755,Delhi NCR,Paid Social,2025-11,3,2025-11-18
3756,Bengaluru,App Store Search,2026-03,7,2026-04-28
3757,Bengaluru,Referral,2026-01,9,2026-03-24
3758,Bengaluru,Partnerships,2026-07,4,2026-08-05
3759,Delhi NCR,Paid Social,2026-08,3,2026-08-30
3760,Mumbai,Organic,2025-08,2,2025-08-24
3761,Bengaluru,Paid Social,2026-03,1,2026-03-29
3762,Bengaluru,Organic,2026-05,10,2026-07-15
3763,Bengaluru,Referral,2025-10,4,2025-10-26
3764,Mumbai,Organic,2026-06,9,2026-09-13
3765,Mumbai,Organic,2026-09,0,
3766,Mumbai,Organic,2025-06,24,2025-12-30
3767,Mumbai,Paid Social,2025-09,14,2025-11-20
3768,Hyderabad,Organic,2025-12,7,2026-02-04
3769,Pune,Influencer,2026-02,3,2026-02-26
3770,Bengaluru,Influencer,2026-05,2,2026-05-31
3772,Pune,Paid Social,2025-10,8,2025-12-25
3773,Bengaluru,Organic,2026-09,1,2026-09-11
3774,Bengaluru,Paid Social,2026-08,1,2026-08-20
3775,Delhi NCR,Referral,2025-12,18,2026-05-16
3776,Bengaluru,Paid Social,2026-02,3,2026-02-14
3777,Bengaluru,Organic,2025-11,5,2025-12-31
3778,Delhi NCR,Organic,2025-09,19,2026-03-13
3779,Bengaluru,Referral,2026-02,6,2026-04-29
3780,Mumbai,Referral,2026-08,3,2026-08-11
3781,Pune,Organic,2026-06,7,2026-08-31
3782,Chennai,Paid Social,2026-07,7,2026-09-10
3783,Bengaluru,Referral,2025-10,1,2025-10-23
3784,Mumbai,Paid Social,2026-05,1,2026-05-27
3785,Mumbai,Organic,2025-10,2,2025-10-31
3786,Bengaluru,Paid Social,2026-07,3,2026-08-09
3787,Hyderabad,App Store Search,2026-07,5,2026-09-09
3788,Mumbai,Influencer,2026-07,2,2026-07-27
3789,Delhi NCR,Referral,2025-08,11,2025-10-18
3790,Bengaluru,Referral,2025-07,8,2025-08-25
3791,Pune,Organic,2025-09,29,2026-07-26
3793,Delhi NCR,Paid Social,2026-07,1,2026-07-11
3794,Mumbai,Organic,2026-01,6,2026-03-24
3795,Pune,Paid Social,2026-07,2,2026-07-09
3796,Bengaluru,Organic,2025-11,6,2026-01-29
3797,Bengaluru,App Store Search,2025-05,3,2025-06-07
3798,Bengaluru,Paid Social,2026-05,4,2026-05-31
3799,Pune,Paid Social,2026-09,4,2026-09-14
3800,Bengaluru,Organic,2026-06,2,2026-06-25
3801,Bengaluru,Influencer,2025-07,15,2025-11-29
3802,Bengaluru,Paid Social,2026-03,5,2026-03-26
3803,Delhi NCR,App Store Search,2025-12,4,2025-12-24
3805,Pune,Paid Social,2026-06,3,2026-08-26
3806,Mumbai,Organic,2025-06,13,2025-09-23
3807,Bengaluru,Organic,2025-05,8,2025-07-13
3808,Pune,App Store Search,2026-07,3,2026-07-31
3809,Delhi NCR,Organic,2026-05,6,2026-07-25
3810,Delhi NCR,Paid Social,2025-12,4,2026-01-17
3811,Chennai,Organic,2026-08,3,2026-09-13
3812,Delhi NCR,Organic,2025-08,6,2025-08-31
3813,Bengaluru,Referral,2025-10,5,2025-10-21
3814,Mumbai,Partnerships,2025-05,11,2025-08-25
3815,Mumbai,Paid Social,2026-01,4,2026-01-27
3816,Mumbai,Referral,2026-03,2,2026-03-27
3817,Hyderabad,Paid Social,2026-01,14,2026-09-09
3818,Bengaluru,Paid Social,2026-07,2,2026-07-29
3819,Bengaluru,Referral,2026-09,2,2026-09-10
3820,Bengaluru,Paid Social,2025-11,0,
3821,Chennai,Organic,2026-04,11,2026-08-20
3822,Delhi NCR,Organic,2026-02,5,2026-03-31
3823,Hyderabad,Influencer,2025-08,7,2025-10-26
3824,Pune,Referral,2025-07,3,2025-07-21
3826,Bengaluru,Referral,2025-07,7,2025-08-26
3827,Bengaluru,Paid Social,2025-11,8,2026-01-14
3828,Bengaluru,App Store Search,2026-07,6,2026-09-14
3829,Pune,Paid Social,2025-06,7,2025-08-28
3830,Pune,Referral,2026-01,10,2026-03-30
3831,Delhi NCR,Organic,2026-01,7,2026-03-26
3832,Delhi NCR,App Store Search,2025-09,19,2026-01-24
3833,Delhi NCR,Referral,2025-08,10,2025-10-05
3834,Mumbai,Partnerships,2025-10,16,2026-01-08
3835,Delhi NCR,App Store Search,2026-04,4,2026-05-04
3836,Mumbai,Organic,2026-02,9,2026-05-22
3837,Bengaluru,Paid Social,2026-02,5,2026-03-30
3838,Delhi NCR,Referral,2026-02,6,2026-03-31
3839,Pune,Paid Social,2026-09,1,2026-09-01
3840,Hyderabad,Organic,2026-07,4,2026-07-18
3841,Bengaluru,Referral,2025-10,17,2026-02-26
3842,Mumbai,App Store Search,2026-03,12,2026-06-20
3843,Bengaluru,App Store Search,2026-01,2,2026-01-31
3844,Chennai,Organic,2026-07,2,2026-07-09
3845,Bengaluru,Paid Social,2025-10,8,2025-12-05
3846,Bengaluru,Referral,2026-08,4,2026-09-08
3847,Mumbai,Paid Social,2025-12,7,2026-02-26
3848,Mumbai,Organic,2026-06,7,2026-08-15
3849,Pune,Organic,2025-09,1,2025-09-24
3850,Chennai,Organic,2026-02,9,2026-05-30
3851,Delhi NCR,Organic,2026-01,2,2026-01-10
3852,Bengaluru,Paid Social,2025-07,3,2025-08-27
3853,Bengaluru,App Store Search,2026-07,3,2026-07-17
3854,Bengaluru,Organic,2026-01,3,2026-01-24
3855,Bengaluru,App Store Search,2025-11,5,2025-11-20
3856,Mumbai,Referral,2026-03,11,2026-05-23
3857,Pune,Organic,2025-12,8,2026-02-08
3858,Chennai,Referral,2026-03,13,2026-06-30
3859,Delhi NCR,Organic,2026-03,10,2026-05-27
3860,Bengaluru,Paid Social,2026-03,3,2026-03-28
3861,Pune,Influencer,2026-06,11,2026-07-31
3862,Chennai,Organic,2026-07,6,2026-08-19
3863,Mumbai,Referral,2026-05,5,2026-06-16
3864,Bengaluru,Paid Social,2026-04,3,2026-04-22
3865,Bengaluru,Paid Social,2026-07,2,2026-07-22
3866,Mumbai,Paid Social,2026-04,0,
3867,Bengaluru,Paid Social,2026-04,3,2026-04-27
3868,Delhi NCR,Partnerships,2025-09,6,2025-09-23
3869,Pune,Paid Social,2026-02,1,2026-02-12
3870,Mumbai,Referral,2026-06,15,2026-09-08
3872,Delhi NCR,Referral,2026-02,8,2026-03-29
3873,Mumbai,Organic,2026-07,6,2026-08-21
3874,Bengaluru,Influencer,2025-12,2,2025-12-18
3875,Mumbai,Paid Social,2026-01,11,2026-03-31
3876,Mumbai,Partnerships,2026-08,4,2026-09-03
3877,Pune,Organic,2026-07,1,2026-07-26
3878,Bengaluru,Referral,2026-04,13,2026-09-07
3879,Bengaluru,Organic,2026-06,8,2026-09-12
3880,Bengaluru,App Store Search,2025-12,8,2026-01-24
3881,Delhi NCR,App Store Search,2026-03,6,2026-05-26
3882,Pune,App Store Search,2026-01,6,2026-02-25
3883,Bengaluru,Organic,2026-03,7,2026-05-12
3884,Mumbai,Organic,2026-03,3,2026-03-27
3885,Mumbai,Referral,2026-05,3,2026-05-11
3886,Bengaluru,Paid Social,2025-08,3,2025-08-17
3887,Pune,Paid Social,2026-08,2,2026-09-01
3888,Delhi NCR,Partnerships,2026-04,4,2026-05-21
3889,Bengaluru,Referral,2026-04,4,2026-04-27
3890,Bengaluru,Organic,2025-06,20,2025-11-27
3891,Mumbai,Referral,2026-06,7,2026-08-17
3892,Bengaluru,Paid Social,2026-07,2,2026-07-29
3893,Chennai,App Store Search,2026-01,4,2026-02-21
3895,Mumbai,Paid Social,2026-06,6,2026-08-07
3896,Mumbai,Organic,2026-09,1,2026-09-09
3897,Mumbai,Organic,2026-08,6,2026-09-10
3898,Bengaluru,App Store Search,2025-12,1,2025-12-21
3899,Pune,Referral,2025-08,2,2025-08-07
3900,Delhi NCR,Referral,2026-05,6,2026-06-29
3901,Chennai,Organic,2026-04,15,2026-09-15
3902,Delhi NCR,Paid Social,2026-02,5,2026-03-28
3903,Bengaluru,Influencer,2025-09,13,2025-11-24
3904,Bengaluru,App Store Search,2026-04,2,2026-04-05
3905,Bengaluru,Paid Social,2025-11,2,2025-11-17
3906,Mumbai,Referral,2026-01,5,2026-02-22
3907,Bengaluru,Organic,2025-05,5,2025-06-16
3908,Mumbai,Influencer,2026-01,5,2026-01-31
3909,Bengaluru,Paid Social,2026-03,1,2026-03-03
3910,Delhi NCR,Organic,2026-05,1,2026-05-23
3911,Delhi NCR,App Store Search,2025-12,3,2025-12-26
3912,Bengaluru,Referral,2026-06,3,2026-06-12
3913,Delhi NCR,Referral,2025-10,12,2026-01-29
3914,Delhi NCR,Paid Social,2026-03,12,2026-06-18
3915,Bengaluru,App Store Search,2025-12,2,2025-12-10
3917,Delhi NCR,Referral,2026-05,10,2026-08-17
3918,Mumbai,App Store Search,2025-10,8,2025-12-12
3919,Chennai,Influencer,2026-05,2,2026-05-19
3920,Chennai,Referral,2026-05,12,2026-09-15
3921,Delhi NCR,Organic,2025-11,5,2025-12-21
3922,Mumbai,Paid Social,2026-07,11,2026-08-16
3923,Pune,Referral,2026-05,2,2026-05-28
3924,Bengaluru,Organic,2026-03,2,2026-03-18
3925,Bengaluru,Organic,2025-08,8,2025-10-29
3926,Bengaluru,Paid Social,2026-04,2,2026-04-17
3927,Bengaluru,Paid Social,2026-07,5,2026-08-12
3928,Hyderabad,Organic,2026-06,1,2026-06-09
3929,Hyderabad,Referral,2026-08,2,2026-08-19
3930,Mumbai,Paid Social,2026-02,4,2026-02-22
3931,Pune,Organic,2026-03,11,2026-06-23
3932,Bengaluru,Organic,2025-09,16,2026-01-29
3933,Mumbai,Organic,2026-08,3,2026-08-25
3934,Bengaluru,Paid Social,2025-11,14,2026-01-25
3935,Delhi NCR,Partnerships,2026-03,3,2026-03-26
3936,Chennai,App Store Search,2026-08,4,2026-09-12
3937,Mumbai,Paid Social,2026-04,8,2026-05-18
3938,Pune,Organic,2025-10,4,2025-11-26
3939,Bengaluru,Referral,2026-05,18,2026-08-20
3940,Bengaluru,Paid Social,2026-03,2,2026-03-01
3941,Pune,Organic,2025-06,4,2025-06-18
3942,Delhi NCR,App Store Search,2026-04,4,2026-04-27
3943,Delhi NCR,Paid Social,2026-08,4,2026-09-07
3944,Mumbai,Organic,2026-09,2,2026-09-13
3945,Pune,Paid Social,2025-05,11,2025-08-27
3946,Bengaluru,App Store Search,2026-04,20,2026-09-12
3947,Bengaluru,Paid Social,2025-09,2,2025-09-29
3948,Bengaluru,Partnerships,2026-01,16,2026-06-07
3949,Bengaluru,Paid Social,2026-02,2,2026-02-11
3950,Bengaluru,Referral,2025-12,3,2025-12-29
3951,Delhi NCR,Paid Social,2026-07,2,2026-07-18
3952,Delhi NCR,App Store Search,2026-08,2,2026-08-17
3953,Hyderabad,Partnerships,2026-01,16,2026-04-28
3954,Pune,Referral,2026-07,6,2026-08-22
3955,Chennai,App Store Search,2026-05,20,2026-09-15
3956,Delhi NCR,App Store Search,2026-06,7,2026-08-24
3957,Bengaluru,Paid Social,2026-01,1,2026-01-10
3958,Pune,App Store Search,2026-06,3,2026-06-30
3959,Pune,Organic,2026-04,13,2026-07-26
3960,Delhi NCR,Referral,2026-08,3,2026-08-30
3961,Hyderabad,Paid Social,2026-09,1,2026-09-05
3962,Delhi NCR,Paid Social,2026-04,1,2026-04-11
3963,Bengaluru,Organic,2025-11,3,2025-11-30
3964,Delhi NCR,Paid Social,2025-09,3,2025-09-28
3965,Mumbai,App Store Search,2026-02,7,2026-04-23
3966,Mumbai,Partnerships,2025-07,24,2026-02-16
3967,Pune,App Store Search,2026-05,4,2026-06-15
3968,Bengaluru,Organic,2026-06,8,2026-07-30
3969,Mumbai,App Store Search,2025-10,4,2025-10-27
3970,Bengaluru,Organic,2025-11,2,2025-11-15
3971,Delhi NCR,Paid Social,2025-12,4,2025-12-19
3972,Bengaluru,Organic,2026-07,2,2026-07-20
3973,Hyderabad,Organic,2026-02,3,2026-02-18
3974,Bengaluru,Paid Social,2025-07,7,2025-07-30
3975,Bengaluru,Paid Social,2026-08,6,2026-08-31
3976,Bengaluru,Organic,2026-02,13,2026-07-15
3977,Bengaluru,Organic,2025-12,5,2025-12-19
3978,Bengaluru,Referral,2026-08,3,2026-09-12
3979,Hyderabad,App Store Search,2026-01,10,2026-02-22
3980,Mumbai,App Store Search,2025-09,3,2025-09-30
3981,Bengaluru,App Store Search,2026-02,3,2026-02-14
3982,Delhi NCR,Paid Social,2026-03,3,2026-03-25
3983,Bengaluru,Organic,2026-09,1,2026-09-15
3984,Bengaluru,Influencer,2025-11,7,2026-01-13
3985,Pune,Partnerships,2026-02,9,2026-04-09
3986,Bengaluru,Organic,2026-08,6,2026-09-11
3987,Mumbai,Partnerships,2025-07,4,2025-08-24
3988,Hyderabad,Organic,2026-05,10,2026-06-30
3989,Bengaluru,Paid Social,2026-02,9,2026-04-02
3990,Bengaluru,Referral,2026-05,10,2026-07-28
3991,Hyderabad,Paid Social,2026-04,3,2026-04-23
3992,Mumbai,Referral,2025-10,12,2025-12-23
3993,Pune,Paid Social,2025-09,2,2025-09-25
3994,Hyderabad,Paid Social,2026-04,7,2026-06-16
3995,Delhi NCR,Organic,2026-04,9,2026-06-25
3996,Pune,Organic,2026-08,4,2026-09-08
3997,Bengaluru,Referral,2026-06,8,2026-08-24
3998,Mumbai,Referral,2026-04,12,2026-08-25
3999,Mumbai,Organic,2025-09,11,2025-12-20
4000,Mumbai,Paid Social,2026-08,3,2026-09-08
4001,Mumbai,Paid Social,2026-08,2,2026-08-23
4002,Mumbai,App Store Search,2025-08,7,2025-10-31
4003,Delhi NCR,Paid Social,2026-07,6,2026-07-31
4004,Mumbai,Partnerships,2025-09,9,2025-11-21
4005,Bengaluru,Referral,2026-05,3,2026-06-29
4006,Bengaluru,Organic,2026-01,11,2026-04-18
4007,Mumbai,Paid Social,2026-09,2,2026-09-11
4008,Chennai,Paid Social,2026-01,4,2026-01-26
4009,Hyderabad,Paid Social,2026-08,2,2026-08-12
4010,Delhi NCR,App Store Search,2026-08,2,2026-09-06
4011,Delhi NCR,Organic,2025-09,9,2025-12-24
4012,Delhi NCR,Organic,2026-03,6,2026-04-17
4013,Bengaluru,Paid Social,2026-01,4,2026-01-24
4014,Mumbai,Organic,2026-01,4,2026-01-24
4015,Hyderabad,Organic,2026-05,8,2026-06-20
4016,Mumbai,Referral,2026-02,10,2026-05-25
4017,Delhi NCR,Referral,2026-05,9,2026-08-01
4018,Bengaluru,Organic,2025-12,9,2026-03-31
4019,Mumbai,App Store Search,2026-02,10,2026-06-23
4020,Bengaluru,Paid Social,2026-05,2,2026-05-23
4021,Mumbai,Organic,2026-06,5,2026-07-20
4022,Mumbai,Referral,2026-01,2,2026-01-26
4023,Bengaluru,Partnerships,2026-08,3,2026-08-29
4024,Pune,Referral,2025-12,23,2026-04-30
4025,Bengaluru,Paid Social,2026-08,3,2026-08-28
4026,Bengaluru,App Store Search,2025-12,8,2026-01-07
4027,Hyderabad,Paid Social,2026-04,14,2026-07-30
4028,Pune,App Store Search,2026-07,2,2026-07-25
4029,Mumbai,App Store Search,2026-05,6,2026-05-21
4030,Bengaluru,Organic,2026-01,6,2026-02-02
4031,Mumbai,Organic,2026-06,4,2026-06-30
4032,Mumbai,Influencer,2025-06,1,2025-06-13
4033,Pune,Referral,2026-03,1,2026-03-21
4034,Bengaluru,Referral,2026-07,3,2026-07-31
4035,Bengaluru,Organic,2026-09,2,2026-09-14
4036,Delhi NCR,Referral,2025-10,4,2025-10-29
4037,Bengaluru,Paid Social,2025-07,3,2025-07-27
4038,Chennai,Referral,2026-03,2,2026-03-27
4039,Mumbai,Organic,2026-07,8,2026-09-03
4040,Mumbai,Paid Social,2026-08,2,2026-08-11
4041,Mumbai,Paid Social,2026-08,1,2026-08-17
4042,Mumbai,App Store Search,2025-12,2,2025-12-21
4043,Hyderabad,Referral,2026-05,15,2026-08-26
4044,Mumbai,Organic,2025-05,4,2025-05-20
4045,Bengaluru,Referral,2025-08,19,2026-01-27
4046,Bengaluru,Paid Social,2025-07,4,2025-07-27
4047,Bengaluru,Organic,2025-09,4,2025-10-20
4048,Bengaluru,App Store Search,2026-04,8,2026-06-27
4049,Pune,Referral,2026-06,3,2026-06-10
4050,Hyderabad,Referral,2026-04,6,2026-05-28
4052,Bengaluru,Organic,2026-07,5,2026-08-18
4053,Delhi NCR,Paid Social,2026-08,6,2026-09-04
4054,Bengaluru,Paid Social,2026-02,1,2026-02-06
4055,Chennai,Referral,2026-07,5,2026-09-08
4057,Bengaluru,Organic,2025-11,9,2026-01-31
4058,Mumbai,Referral,2026-08,3,2026-08-27
4059,Mumbai,Organic,2026-08,7,2026-09-11
4060,Bengaluru,Influencer,2026-08,2,2026-08-21
4061,Delhi NCR,Partnerships,2025-11,3,2025-11-13
4062,Pune,Organic,2026-05,5,2026-05-26
4063,Mumbai,App Store Search,2026-07,6,2026-09-14
4064,Delhi NCR,Referral,2026-03,11,2026-08-08
4065,Mumbai,Organic,2026-02,4,2026-02-25
4066,Bengaluru,Organic,2026-06,2,2026-07-01
4067,Bengaluru,Referral,2026-08,6,2026-09-14
4069,Mumbai,Paid Social,2026-03,2,2026-03-25
4070,Bengaluru,Organic,2026-06,1,2026-06-21
4071,Mumbai,Organic,2025-10,4,2025-10-26
4072,Bengaluru,Organic,2026-08,3,2026-08-23
4073,Bengaluru,App Store Search,2025-09,2,2025-09-19
4074,Mumbai,Referral,2026-08,3,2026-09-02
4075,Mumbai,Organic,2026-05,5,2026-06-27
4076,Chennai,Organic,2026-09,0,
4077,Delhi NCR,Paid Social,2025-10,5,2025-11-25
4078,Pune,Paid Social,2026-08,3,2026-08-17
4079,Delhi NCR,Organic,2026-06,8,2026-08-20
4080,Delhi NCR,App Store Search,2026-05,3,2026-05-26
4081,Chennai,Organic,2025-11,18,2026-03-25
4082,Bengaluru,Paid Social,2025-09,9,2025-10-31
4083,Hyderabad,Referral,2026-03,16,2026-06-19
4084,Mumbai,App Store Search,2025-12,2,2025-12-26
4085,Delhi NCR,Influencer,2026-01,3,2026-01-25
4086,Mumbai,Paid Social,2025-10,10,2025-12-09
4087,Delhi NCR,App Store Search,2026-01,3,2026-02-25
4088,Mumbai,App Store Search,2026-03,9,2026-05-31
4089,Mumbai,Organic,2026-02,10,2026-04-28
4090,Mumbai,Organic,2026-01,2,2026-01-31
4091,Delhi NCR,Organic,2025-09,4,2025-09-25
4092,Delhi NCR,Referral,2025-11,5,2025-11-23
4093,Delhi NCR,Organic,2025-12,28,2026-07-30
4094,Mumbai,Paid Social,2025-08,5,2025-10-13
4095,Delhi NCR,Paid Social,2026-05,10,2026-08-16
4096,Hyderabad,Influencer,2025-10,10,2025-12-27
4097,Pune,Organic,2026-02,2,2026-02-14
4098,Bengaluru,Organic,2026-08,2,2026-08-24
4099,Hyderabad,Paid Social,2026-04,8,2026-05-27
4100,Delhi NCR,Paid Social,2025-10,1,2025-10-06
4101,Hyderabad,Influencer,2026-01,3,2026-01-27
4102,Chennai,Paid Social,2025-11,1,2025-11-12
4103,Bengaluru,Partnerships,2026-05,14,2026-09-12
4104,Hyderabad,Organic,2026-08,5,2026-09-08
4105,Mumbai,Influencer,2025-11,3,2025-11-30
4106,Bengaluru,Organic,2025-09,17,2026-02-20
4107,Bengaluru,Organic,2025-10,2,2025-10-27
4108,Hyderabad,Organic,2026-07,3,2026-08-01
4109,Pune,App Store Search,2026-02,1,2026-02-28
4110,Bengaluru,Paid Social,2026-04,3,2026-04-25
4111,Bengaluru,App Store Search,2026-04,1,2026-04-13
4112,Pune,Paid Social,2026-01,1,2026-01-29
4113,Pune,Organic,2025-07,2,2025-07-23
4114,Mumbai,Paid Social,2025-11,7,2026-01-30
4115,Bengaluru,Referral,2026-04,3,2026-04-21
4116,Pune,Paid Social,2026-05,5,2026-05-25
4117,Hyderabad,Paid Social,2026-06,5,2026-07-07
4118,Bengaluru,Referral,2026-05,9,2026-08-11
4119,Delhi NCR,Influencer,2026-07,7,2026-08-15
4120,Hyderabad,Partnerships,2026-05,7,2026-06-28
4121,Hyderabad,Referral,2025-07,4,2025-07-28
4122,Bengaluru,Organic,2025-12,19,2026-06-14
4123,Mumbai,Organic,2025-05,11,2025-08-18
4124,Bengaluru,Influencer,2026-05,10,2026-08-31
4125,Chennai,Organic,2026-05,2,2026-05-07
4126,Pune,Partnerships,2025-08,2,2025-08-19
4127,Delhi NCR,Organic,2026-03,2,2026-03-03
4128,Bengaluru,Paid Social,2026-04,1,2026-04-21
4129,Pune,Paid Social,2026-05,4,2026-05-31
4130,Bengaluru,Organic,2026-03,6,2026-05-28
4131,Delhi NCR,App Store Search,2026-04,5,2026-04-26
4132,Mumbai,App Store Search,2025-12,10,2026-01-11
4133,Delhi NCR,Paid Social,2026-06,9,2026-09-08
4134,Hyderabad,Paid Social,2025-12,4,2025-12-29
4135,Pune,App Store Search,2025-09,2,2025-09-24
4136,Mumbai,Organic,2025-09,9,2025-11-14
4137,Pune,Organic,2026-07,4,2026-07-21
4138,Bengaluru,Organic,2025-11,9,2026-01-28
4139,Delhi NCR,Organic,2025-10,3,2025-10-25
4140,Bengaluru,Referral,2026-04,9,2026-06-30
4141,Delhi NCR,Partnerships,2026-04,4,2026-04-22
4142,Mumbai,Referral,2026-07,7,2026-09-14
4143,Bengaluru,Referral,2026-07,8,2026-09-10
4144,Delhi NCR,Paid Social,2025-10,6,2025-11-21
4145,Hyderabad,Organic,2025-12,19,2026-06-23
4146,Bengaluru,App Store Search,2026-03,2,2026-03-25
4147,Delhi NCR,Paid Social,2026-08,5,2026-09-14
4148,Mumbai,Organic,2025-11,2,2025-11-28
4149,Delhi NCR,Organic,2025-07,19,2025-11-22
4150,Hyderabad,Organic,2026-05,13,2026-09-08
4151,Delhi NCR,App Store Search,2026-03,5,2026-04-12
4152,Delhi NCR,Organic,2025-04,3,2025-04-18
4154,Pune,Paid Social,2026-03,7,2026-03-12
4155,Bengaluru,Paid Social,2025-10,3,2025-10-21
4157,Delhi NCR,Referral,2025-09,3,2025-10-14
4158,Bengaluru,Organic,2026-05,7,2026-05-29
4159,Bengaluru,Paid Social,2026-04,4,2026-04-26
4160,Mumbai,Partnerships,2025-12,4,2025-12-31
4161,Bengaluru,App Store Search,2026-04,19,2026-09-10
4162,Delhi NCR,Paid Social,2025-12,0,
4163,Bengaluru,Paid Social,2026-04,3,2026-04-12
4164,Pune,Organic,2026-07,4,2026-09-08
4165,Bengaluru,Paid Social,2026-01,4,2026-01-31
4166,Mumbai,Paid Social,2026-05,6,2026-06-22
4167,Hyderabad,Organic,2026-03,6,2026-05-18
4168,Bengaluru,Organic,2026-04,4,2026-04-28
4169,Bengaluru,App Store Search,2026-01,3,2026-02-10
4170,Hyderabad,Organic,2026-02,6,2026-03-26
4172,Mumbai,Influencer,2026-05,12,2026-09-13
4173,Delhi NCR,Referral,2025-11,4,2025-12-26
4174,Mumbai,Partnerships,2026-02,1,2026-02-23
4175,Bengaluru,Organic,2026-03,6,2026-05-03
4176,Bengaluru,App Store Search,2026-04,3,2026-04-29
4177,Delhi NCR,Organic,2025-12,6,2026-01-18
4178,Mumbai,App Store Search,2026-03,4,2026-03-21
4179,Delhi NCR,App Store Search,2026-08,1,2026-08-18
4180,Mumbai,App Store Search,2026-05,5,2026-06-28
4181,Chennai,Referral,2026-04,15,2026-08-30
4182,Mumbai,Influencer,2026-06,6,2026-07-25
4183,Hyderabad,Organic,2025-11,2,2025-11-30
4184,Pune,Influencer,2026-05,8,2026-06-23
4185,Bengaluru,Referral,2026-07,8,2026-08-31
4186,Bengaluru,Referral,2025-09,10,2026-01-17
4187,Bengaluru,Paid Social,2026-07,1,2026-07-23
4188,Mumbai,Partnerships,2025-12,8,2026-02-19
4189,Delhi NCR,App Store Search,2026-07,8,2026-09-11
4190,Delhi NCR,Referral,2026-08,5,2026-09-03
4191,Mumbai,Organic,2025-12,10,2026-02-19
4192,Delhi NCR,Referral,2026-01,12,2026-03-28
4193,Chennai,Organic,2026-05,2,2026-05-31
4194,Delhi NCR,App Store Search,2025-05,2,2025-05-30
4195,Mumbai,Paid Social,2026-03,2,2026-03-27
4196,Mumbai,Organic,2025-12,1,2025-12-19
4197,Mumbai,Organic,2026-08,6,2026-08-31
4198,Bengaluru,Paid Social,2025-10,4,2025-11-25
4199,Bengaluru,Organic,2026-06,14,2026-08-24
4200,Delhi NCR,Paid Social,2025-11,1,2025-11-03
4201,Bengaluru,Influencer,2026-06,3,2026-06-29
4202,Bengaluru,Paid Social,2026-08,4,2026-08-27
4203,Mumbai,Organic,2026-06,8,2026-07-31
4204,Mumbai,Referral,2025-07,5,2025-07-20
4205,Mumbai,Organic,2026-08,6,2026-09-13
4206,Hyderabad,Referral,2025-11,6,2026-01-23
4207,Bengaluru,Organic,2025-10,3,2025-10-31
4208,Delhi NCR,Paid Social,2025-11,3,2025-11-29
4209,Chennai,Organic,2026-03,6,2026-04-28
4210,Bengaluru,Paid Social,2025-08,4,2025-08-26
4211,Pune,Organic,2025-12,3,2026-01-27
4212,Delhi NCR,Paid Social,2025-12,3,2025-12-13
4213,Hyderabad,Paid Social,2026-01,12,2026-04-17
4214,Pune,App Store Search,2026-06,9,2026-09-06
4215,Pune,Paid Social,2026-04,3,2026-05-30
4216,Delhi NCR,Referral,2026-06,3,2026-06-29
4217,Mumbai,Organic,2026-07,7,2026-07-31
4218,Bengaluru,Organic,2026-01,5,2026-02-16
4219,Delhi NCR,Referral,2025-11,16,2026-03-15
4220,Mumbai,Organic,2025-09,8,2025-10-16
4221,Mumbai,Paid Social,2026-06,8,2026-09-14
4222,Bengaluru,Organic,2025-12,11,2026-03-31
4223,Bengaluru,Organic,2026-09,3,2026-09-14
4225,Mumbai,Influencer,2026-05,5,2026-05-24
4226,Bengaluru,App Store Search,2025-11,3,2025-11-28
4227,Pune,Paid Social,2026-09,2,2026-09-09
4228,Hyderabad,Referral,2026-02,13,2026-04-30
4229,Hyderabad,Organic,2025-11,2,2025-11-30
4230,Delhi NCR,Organic,2026-07,8,2026-09-15
4231,Pune,Paid Social,2026-01,2,2026-01-14
4232,Bengaluru,Organic,2026-08,3,2026-08-31
4233,Delhi NCR,Influencer,2025-09,1,2025-09-08
4234,Pune,Organic,2025-11,5,2025-11-19
4235,Mumbai,App Store Search,2026-02,2,2026-02-17
4236,Delhi NCR,Referral,2026-02,8,2026-04-11
4238,Bengaluru,Organic,2026-04,6,2026-05-17
4239,Mumbai,Referral,2025-11,3,2025-11-21
4240,Bengaluru,Organic,2026-03,3,2026-03-21
4241,Bengaluru,Paid Social,2025-05,3,2025-05-20
4242,Pune,App Store Search,2025-08,4,2025-08-26
4243,Delhi NCR,Referral,2026-03,9,2026-06-12
4244,Bengaluru,App Store Search,2026-06,6,2026-07-22
4245,Pune,Referral,2025-11,20,2026-08-30
4246,Bengaluru,Organic,2026-03,6,2026-04-17
4247,Bengaluru,App Store Search,2026-05,1,2026-05-07
4248,Bengaluru,Referral,2026-04,5,2026-06-26
4249,Hyderabad,Organic,2026-06,4,2026-06-30
4250,Bengaluru,Organic,2026-05,3,2026-05-14
4251,Hyderabad,Influencer,2026-08,3,2026-08-27
4252,Bengaluru,Referral,2026-06,4,2026-07-15
4253,Bengaluru,Organic,2025-11,4,2025-12-26
4254,Mumbai,App Store Search,2026-08,2,2026-08-20
4255,Bengaluru,Organic,2026-03,3,2026-03-23
4256,Bengaluru,Referral,2025-07,4,2025-08-27
4257,Delhi NCR,App Store Search,2026-07,6,2026-07-28
4258,Bengaluru,Organic,2026-06,2,2026-06-29
4259,Mumbai,Organic,2026-03,2,2026-03-22
4261,Hyderabad,Paid Social,2026-01,2,2026-01-15
4262,Chennai,Paid Social,2026-06,2,2026-06-24
4263,Hyderabad,Organic,2025-12,8,2026-03-11
4264,Mumbai,App Store Search,2026-02,6,2026-02-14
4265,Bengaluru,Referral,2026-05,14,2026-08-13
4266,Chennai,Organic,2026-01,24,2026-08-26
4267,Hyderabad,Organic,2026-05,7,2026-06-29
4268,Bengaluru,Paid Social,2026-07,3,2026-07-27
4269,Delhi NCR,Organic,2026-08,1,2026-08-29
4270,Bengaluru,Influencer,2026-05,13,2026-08-31
4271,Bengaluru,Organic,2026-05,3,2026-05-15
4272,Bengaluru,Organic,2026-08,2,2026-08-19
4273,Bengaluru,Paid Social,2026-07,4,2026-07-29
4274,Mumbai,Organic,2026-07,6,2026-08-15
4275,Delhi NCR,Organic,2025-12,16,2026-05-25
4276,Delhi NCR,App Store Search,2025-12,7,2026-01-31
4277,Hyderabad,Paid Social,2026-08,2,2026-08-11
4278,Bengaluru,Paid Social,2026-08,3,2026-08-23
4279,Delhi NCR,Organic,2026-07,1,2026-07-02
4280,Bengaluru,Referral,2026-05,3,2026-05-13
4281,Bengaluru,App Store Search,2026-04,6,2026-05-25
4283,Pune,Organic,2026-08,3,2026-08-28
4285,Bengaluru,Paid Social,2025-05,6,2025-06-24
4286,Bengaluru,Influencer,2025-12,4,2025-12-22
4287,Bengaluru,Paid Social,2026-08,4,2026-09-12
4288,Pune,Referral,2025-12,14,2026-05-27
4289,Mumbai,Organic,2026-08,3,2026-08-24
4290,Bengaluru,Organic,2026-08,7,2026-09-10
4291,Delhi NCR,Organic,2025-07,3,2025-07-18
4292,Delhi NCR,Paid Social,2026-04,1,2026-04-16
4293,Mumbai,Partnerships,2026-06,2,2026-06-27
4294,Bengaluru,Paid Social,2025-12,11,2026-03-26
4295,Pune,Referral,2026-01,11,2026-04-30
4296,Mumbai,App Store Search,2026-04,6,2026-05-25
4297,Mumbai,Organic,2026-03,6,2026-05-25
4298,Mumbai,App Store Search,2025-11,16,2026-02-15
4299,Mumbai,Organic,2025-09,18,2025-11-25
4300,Mumbai,Paid Social,2026-08,3,2026-08-26
4301,Bengaluru,Partnerships,2026-02,1,2026-02-24
4302,Pune,Referral,2025-09,8,2025-11-30
4303,Pune,Paid Social,2026-06,4,2026-06-30
4304,Delhi NCR,Organic,2026-04,4,2026-04-30
4305,Bengaluru,Organic,2026-01,2,2026-01-20
4306,Mumbai,App Store Search,2026-07,4,2026-07-31
4307,Bengaluru,Referral,2025-07,8,2025-08-24
4308,Mumbai,App Store Search,2025-09,5,2025-09-29
4309,Bengaluru,App Store Search,2025-07,3,2025-07-25
4310,Delhi NCR,Referral,2026-01,2,2026-01-19
4311,Hyderabad,Referral,2025-08,8,2025-10-30
4312,Bengaluru,Paid Social,2026-03,8,2026-04-30
4313,Mumbai,App Store Search,2025-10,4,2025-10-26
4314,Mumbai,Paid Social,2026-08,4,2026-08-25
4315,Pune,Paid Social,2026-04,2,2026-04-23
4316,Delhi NCR,Paid Social,2026-07,7,2026-08-12
4317,Mumbai,Referral,2026-04,5,2026-05-26
4318,Mumbai,Paid Social,2026-06,6,2026-07-07
4319,Mumbai,Partnerships,2026-04,3,2026-04-29
4320,Bengaluru,Organic,2025-11,10,2026-03-24
4321,Delhi NCR,Paid Social,2026-02,6,2026-02-25
4322,Bengaluru,Paid Social,2026-08,1,2026-08-14
4323,Delhi NCR,Organic,2025-08,6,2025-09-23
4324,Bengaluru,Paid Social,2026-01,3,2026-02-13
4325,Bengaluru,Organic,2026-01,14,2026-04-27
4326,Mumbai,Organic,2025-08,2,2025-08-30
4327,Bengaluru,Influencer,2026-06,14,2026-09-13
4328,Delhi NCR,Partnerships,2025-08,9,2025-11-06
4329,Chennai,Organic,2026-05,5,2026-06-28
4330,Delhi NCR,App Store Search,2026-09,1,2026-09-01
4331,Delhi NCR,Partnerships,2026-05,11,2026-09-12
4332,Bengaluru,App Store Search,2025-09,4,2025-10-09
4333,Bengaluru,Organic,2026-01,1,2026-01-31
4334,Bengaluru,Paid Social,2025-05,2,2025-05-29
4335,Mumbai,Paid Social,2026-04,6,2026-05-29
4336,Hyderabad,Partnerships,2026-05,8,2026-06-23
4337,Mumbai,App Store Search,2025-04,2,2025-04-29
4338,Pune,Referral,2025-07,5,2025-07-27
4339,Delhi NCR,Paid Social,2025-09,5,2025-10-24
4340,Bengaluru,App Store Search,2025-05,16,2025-09-25
4341,Mumbai,Referral,2026-07,5,2026-09-10
4342,Chennai,Paid Social,2026-05,3,2026-05-25
4343,Bengaluru,Paid Social,2026-05,4,2026-06-08
4344,Delhi NCR,Organic,2026-01,8,2026-02-27
4345,Hyderabad,Paid Social,2026-07,5,2026-07-18
4346,Delhi NCR,App Store Search,2026-03,5,2026-03-24
4347,Mumbai,Organic,2026-04,6,2026-06-30
4348,Bengaluru,Paid Social,2026-07,2,2026-07-10
4349,Bengaluru,Paid Social,2025-09,2,2025-09-28
4350,Delhi NCR,App Store Search,2026-01,5,2026-03-29
4351,Pune,App Store Search,2026-01,6,2026-03-21
4352,Bengaluru,Organic,2026-02,9,2026-03-17
4353,Bengaluru,Organic,2025-07,9,2025-08-27
4354,Pune,Influencer,2026-04,3,2026-05-10
4355,Mumbai,Organic,2026-05,3,2026-06-22
4356,Mumbai,Influencer,2026-01,15,2026-06-25
4357,Hyderabad,Referral,2025-12,29,2026-08-20
4358,Delhi NCR,Organic,2026-04,19,2026-08-25
4359,Delhi NCR,Paid Social,2026-07,3,2026-07-09
4360,Mumbai,Influencer,2025-08,9,2025-10-07
4361,Bengaluru,Organic,2025-10,1,2025-10-28
4362,Pune,Organic,2026-06,1,2026-06-08
4363,Bengaluru,Paid Social,2026-06,4,2026-06-29
4364,Bengaluru,Organic,2026-09,1,2026-09-01
4365,Mumbai,App Store Search,2025-11,3,2025-11-23
4366,Pune,Referral,2026-01,3,2026-01-21
4367,Hyderabad,Paid Social,2026-07,1,2026-07-03
4368,Mumbai,Organic,2026-08,2,2026-09-07
4369,Bengaluru,App Store Search,2025-10,6,2025-11-09
4370,Bengaluru,Referral,2025-12,4,2025-12-21
4371,Bengaluru,Paid Social,2025-12,12,2026-03-24
4372,Bengaluru,Organic,2026-09,1,2026-09-05
4373,Pune,Organic,2026-03,5,2026-04-26
4374,Bengaluru,Paid Social,2026-03,1,2026-03-30
4375,Bengaluru,Paid Social,2026-09,1,2026-09-11
4376,Hyderabad,Organic,2025-11,3,2025-11-21
4377,Delhi NCR,Organic,2025-11,18,2026-03-28
4378,Bengaluru,App Store Search,2025-07,4,2025-08-11
4379,Bengaluru,Organic,2026-09,0,
4380,Mumbai,Paid Social,2026-01,2,2026-01-21
4381,Hyderabad,Organic,2026-07,2,2026-07-16
4382,Mumbai,Organic,2026-07,8,2026-08-16
4383,Mumbai,Paid Social,2025-11,8,2025-12-26
4384,Mumbai,Influencer,2026-01,3,2026-01-21
4385,Mumbai,Referral,2026-08,2,2026-08-12
4386,Mumbai,Paid Social,2026-03,5,2026-04-15
4387,Pune,Influencer,2025-10,1,2025-10-08
4388,Delhi NCR,Paid Social,2026-05,11,2026-07-31
4389,Mumbai,Referral,2026-05,17,2026-09-14
4390,Bengaluru,Paid Social,2026-04,3,2026-05-24
4391,Delhi NCR,Organic,2026-04,4,2026-05-31
4392,Delhi NCR,Paid Social,2026-02,6,2026-03-22
4393,Delhi NCR,App Store Search,2026-05,10,2026-07-30
4394,Bengaluru,Referral,2025-08,7,2025-10-24
4395,Bengaluru,Organic,2025-08,2,2025-08-16
4396,Bengaluru,Organic,2026-09,4,2026-09-06
4397,Bengaluru,Partnerships,2026-08,3,2026-08-31
4398,Bengaluru,Organic,2026-08,5,2026-08-26
4399,Pune,Paid Social,2025-05,2,2025-05-20
4400,Bengaluru,Organic,2026-06,3,2026-06-30
4401,Mumbai,Organic,2026-06,1,2026-06-23
4402,Hyderabad,Organic,2026-02,2,2026-02-19
4403,Bengaluru,Organic,2026-01,11,2026-03-30
4404,Mumbai,Paid Social,2026-05,3,2026-05-30
4405,Mumbai,Paid Social,2026-07,4,2026-07-28
4406,Delhi NCR,Organic,2026-08,4,2026-09-13
4407,Delhi NCR,Paid Social,2026-08,5,2026-09-11
4408,Chennai,Paid Social,2026-03,10,2026-04-30
4409,Bengaluru,Partnerships,2025-04,2,2025-04-30
4410,Bengaluru,Referral,2026-09,2,2026-09-07
4411,Hyderabad,Paid Social,2026-09,0,
4412,Chennai,Paid Social,2026-07,5,2026-08-22
4413,Delhi NCR,Organic,2025-10,4,2025-11-10
4414,Bengaluru,Organic,2026-02,11,2026-06-29
4415,Mumbai,Referral,2026-05,4,2026-05-21
4416,Hyderabad,Influencer,2026-09,1,2026-09-09
4417,Delhi NCR,Influencer,2025-10,3,2025-10-16
4419,Delhi NCR,Organic,2026-05,13,2026-09-05
4420,Pune,Organic,2025-10,2,2025-10-12
4421,Bengaluru,App Store Search,2025-12,2,2025-12-29
4422,Bengaluru,Organic,2025-10,10,2025-12-17
4423,Pune,Referral,2026-09,1,2026-09-05
4424,Delhi NCR,Organic,2026-08,3,2026-08-22
4425,Bengaluru,Organic,2026-03,2,2026-03-09
4426,Mumbai,Paid Social,2026-02,12,2026-04-22
4427,Mumbai,Organic,2026-01,10,2026-02-21
4428,Hyderabad,Organic,2026-06,2,2026-06-28
4429,Bengaluru,Organic,2025-08,9,2025-09-24
4430,Bengaluru,App Store Search,2025-09,10,2025-11-10
4431,Pune,Referral,2026-07,4,2026-07-30
4432,Delhi NCR,Influencer,2026-06,3,2026-06-10
4433,Delhi NCR,App Store Search,2026-06,8,2026-07-27
4434,Mumbai,Organic,2025-10,10,2025-12-13
4435,Mumbai,Organic,2025-08,10,2025-09-25
4436,Bengaluru,Partnerships,2025-12,1,2025-12-16
4437,Mumbai,Paid Social,2025-11,20,2026-06-21
4438,Bengaluru,Referral,2026-05,2,2026-05-30
4439,Bengaluru,Organic,2026-03,5,2026-05-30
4440,Delhi NCR,Influencer,2026-08,7,2026-09-12
4441,Bengaluru,App Store Search,2026-06,1,2026-06-24
4442,Hyderabad,Paid Social,2026-01,7,2026-02-27
4443,Bengaluru,Referral,2025-05,4,2025-06-12
4444,Mumbai,App Store Search,2025-11,9,2026-01-31
4445,Mumbai,App Store Search,2026-09,1,2026-09-11
4446,Hyderabad,Organic,2026-07,9,2026-09-15
4447,Bengaluru,Organic,2026-08,6,2026-09-13
4448,Mumbai,Organic,2026-05,2,2026-05-03
4449,Bengaluru,Paid Social,2026-03,1,2026-03-26
4450,Delhi NCR,Paid Social,2025-07,13,2025-10-31
4451,Bengaluru,Organic,2026-04,14,2026-07-29
4452,Bengaluru,Organic,2026-07,1,2026-08-15
4453,Delhi NCR,Organic,2025-12,8,2026-03-18
4454,Bengaluru,Paid Social,2026-08,4,2026-08-23
4455,Bengaluru,Paid Social,2026-04,2,2026-04-25
4456,Pune,Paid Social,2026-09,3,2026-09-07
4457,Mumbai,Partnerships,2026-01,12,2026-03-26
4458,Mumbai,Partnerships,2025-10,2,2025-10-31
4459,Chennai,Paid Social,2026-05,16,2026-08-27
4460,Delhi NCR,Paid Social,2026-07,11,2026-08-17
4461,Bengaluru,Paid Social,2025-12,4,2025-12-26
4462,Bengaluru,Organic,2026-07,6,2026-09-06
4463,Mumbai,Paid Social,2026-07,5,2026-08-23
4464,Bengaluru,Organic,2026-08,7,2026-08-30
4465,Hyderabad,Paid Social,2025-09,36,2026-07-29
4466,Delhi NCR,Paid Social,2026-01,10,2026-03-27
4467,Bengaluru,Organic,2026-04,2,2026-04-29
4468,Pune,Paid Social,2026-04,7,2026-05-31
4469,Bengaluru,Paid Social,2026-03,2,2026-03-15
4470,Bengaluru,Organic,2026-05,18,2026-09-14
4471,Bengaluru,Organic,2026-06,3,2026-06-22
4472,Bengaluru,Referral,2026-05,8,2026-07-22
4473,Bengaluru,Paid Social,2025-09,1,2025-09-25
4474,Delhi NCR,Referral,2026-02,5,2026-03-17
4475,Pune,Paid Social,2026-08,2,2026-08-22
4476,Bengaluru,Organic,2025-11,2,2025-11-26
4477,Mumbai,Paid Social,2026-08,2,2026-08-06
4478,Bengaluru,Partnerships,2026-03,3,2026-03-31
4479,Bengaluru,App Store Search,2026-07,4,2026-08-20
4480,Mumbai,Paid Social,2026-05,2,2026-05-25
4481,Bengaluru,Organic,2026-02,10,2026-05-27
4482,Delhi NCR,Paid Social,2026-07,7,2026-09-08
4483,Delhi NCR,Organic,2025-11,4,2025-11-28
4484,Delhi NCR,App Store Search,2025-09,5,2025-10-20
4485,Bengaluru,Paid Social,2026-07,6,2026-08-28
4486,Mumbai,Paid Social,2026-06,11,2026-08-29
4487,Bengaluru,Paid Social,2026-07,0,
4488,Bengaluru,Paid Social,2026-02,8,2026-03-15
4489,Delhi NCR,Paid Social,2026-07,10,2026-09-15
4490,Bengaluru,Organic,2025-11,6,2025-12-19
4491,Delhi NCR,Referral,2025-08,3,2025-08-29
4493,Bengaluru,Paid Social,2026-08,2,2026-08-26
4494,Mumbai,Influencer,2026-06,9,2026-09-04
4495,Bengaluru,Organic,2026-08,4,2026-09-10
4496,Chennai,Organic,2026-01,18,2026-05-28
4497,Bengaluru,Partnerships,2026-07,7,2026-09-05
4498,Bengaluru,Organic,2025-12,7,2026-01-29
4499,Bengaluru,Organic,2026-07,4,2026-07-30
4500,Chennai,Organic,2026-08,3,2026-09-12
4501,Mumbai,App Store Search,2026-09,1,2026-09-14
4502,Delhi NCR,Organic,2025-05,6,2025-06-25
4503,Pune,Referral,2026-01,1,2026-01-30
4504,Delhi NCR,Organic,2026-02,5,2026-03-24
4505,Mumbai,Paid Social,2026-08,7,2026-09-08
4506,Bengaluru,Referral,2026-09,1,2026-09-10
4507,Mumbai,Paid Social,2026-07,4,2026-08-26
4508,Chennai,Organic,2026-08,1,2026-08-04
4509,Mumbai,Referral,2025-12,12,2026-02-25
4510,Delhi NCR,Partnerships,2026-03,2,2026-03-21
4511,Mumbai,Referral,2026-07,7,2026-08-26
4512,Mumbai,Referral,2025-06,3,2025-06-29
4513,Delhi NCR,App Store Search,2025-08,2,2025-08-18
4514,Mumbai,App Store Search,2025-12,5,2026-01-27
4515,Mumbai,Referral,2026-05,11,2026-08-19
4516,Bengaluru,Organic,2026-02,1,2026-02-24
4517,Bengaluru,Organic,2026-05,2,2026-05-31
4518,Chennai,Organic,2026-04,9,2026-06-14
4519,Hyderabad,Referral,2026-04,4,2026-04-25
4520,Delhi NCR,Organic,2026-08,5,2026-09-10
4521,Bengaluru,Organic,2026-09,2,2026-09-12
4522,Delhi NCR,Paid Social,2026-05,1,2026-05-11
4523,Pune,Organic,2026-09,0,
4524,Delhi NCR,Paid Social,2026-06,2,2026-06-26
4525,Hyderabad,Organic,2026-04,5,2026-04-29
4526,Pune,Organic,2026-08,3,2026-09-10
4527,Pune,Organic,2025-10,8,2025-12-28
4528,Bengaluru,Organic,2026-07,7,2026-09-05
4529,Bengaluru,Paid Social,2026-06,3,2026-06-26
4530,Bengaluru,App Store Search,2025-11,1,2025-11-23
4531,Delhi NCR,Organic,2026-06,4,2026-06-21
4532,Mumbai,Organic,2026-07,6,2026-09-14
4534,Bengaluru,Paid Social,2026-08,2,2026-08-27
4535,Delhi NCR,Referral,2025-08,3,2025-08-26
4536,Mumbai,Paid Social,2026-08,0,
4537,Pune,Paid Social,2025-12,11,2026-05-05
4538,Hyderabad,Referral,2026-05,13,2026-08-20
4539,Hyderabad,Organic,2026-08,5,2026-09-08
4540,Bengaluru,Partnerships,2026-04,4,2026-04-28
4541,Mumbai,Paid Social,2025-12,6,2026-01-24
4542,Bengaluru,Organic,2025-10,8,2025-12-23
4543,Bengaluru,Paid Social,2026-06,4,2026-06-19
4545,Mumbai,Organic,2025-12,16,2026-04-02
4546,Delhi NCR,Organic,2025-08,5,2025-08-25
4547,Bengaluru,Organic,2025-12,9,2026-02-15
4548,Mumbai,Organic,2025-11,5,2025-12-08
4549,Hyderabad,Organic,2026-02,3,2026-02-25
4550,Mumbai,App Store Search,2025-08,15,2025-11-26
4551,Bengaluru,Influencer,2026-03,11,2026-04-29
4552,Bengaluru,Referral,2025-10,8,2025-11-29
4553,Chennai,Referral,2026-04,2,2026-04-17
4554,Bengaluru,Organic,2026-05,1,2026-06-24
4555,Delhi NCR,Paid Social,2025-08,2,2025-08-22
4556,Bengaluru,App Store Search,2026-05,8,2026-07-21
4557,Pune,Paid Social,2026-09,0,
4558,Delhi NCR,Influencer,2025-05,11,2025-08-02
4559,Delhi NCR,Paid Social,2026-02,1,2026-02-15
4560,Pune,App Store Search,2026-07,8,2026-08-30
4561,Mumbai,Influencer,2026-01,3,2026-01-31
4562,Delhi NCR,Referral,2026-04,2,2026-04-27
4563,Delhi NCR,Paid Social,2026-06,1,2026-06-10
4564,Hyderabad,Paid Social,2026-08,2,2026-09-14
4565,Bengaluru,Referral,2026-04,14,2026-09-10
4566,Mumbai,Organic,2026-08,5,2026-09-09
4567,Bengaluru,Influencer,2026-08,5,2026-09-07
4568,Mumbai,Paid Social,2025-10,2,2025-10-27
4569,Mumbai,Organic,2026-03,5,2026-04-04
4570,Bengaluru,Referral,2026-05,7,2026-07-14
4571,Delhi NCR,Paid Social,2026-01,4,2026-01-30
4572,Mumbai,Paid Social,2026-08,6,2026-09-12
4573,Delhi NCR,App Store Search,2026-03,4,2026-03-18
4574,Mumbai,App Store Search,2026-02,9,2026-03-29
4575,Bengaluru,Paid Social,2026-04,11,2026-06-10
4576,Chennai,Organic,2026-07,2,2026-07-14
4577,Pune,Paid Social,2026-06,3,2026-06-24
4578,Bengaluru,Referral,2025-09,24,2026-02-10
4579,Mumbai,Organic,2026-07,11,2026-09-12
4580,Delhi NCR,Referral,2025-11,17,2026-03-16
4581,Bengaluru,Organic,2026-01,7,2026-02-16
4582,Delhi NCR,App Store Search,2025-12,6,2025-12-24
4583,Bengaluru,Referral,2026-04,6,2026-06-12
4584,Bengaluru,Paid Social,2025-06,3,2025-06-25
4585,Delhi NCR,Organic,2026-09,3,2026-09-14
4586,Delhi NCR,Referral,2026-06,2,2026-06-20
4588,Pune,App Store Search,2025-11,2,2025-12-09
4589,Chennai,Paid Social,2026-08,6,2026-09-13
4590,Pune,Referral,2025-08,5,2025-08-29
4591,Mumbai,Paid Social,2026-05,3,2026-05-23
4592,Bengaluru,Organic,2025-11,5,2025-11-21
4593,Mumbai,App Store Search,2026-07,9,2026-08-28
4594,Pune,Paid Social,2026-07,8,2026-08-30
4595,Mumbai,Organic,2026-03,7,2026-05-31
4596,Delhi NCR,Referral,2026-06,1,2026-06-25
4597,Pune,App Store Search,2025-08,13,2025-12-20
4598,Bengaluru,Organic,2026-08,6,2026-09-13
4599,Mumbai,Organic,2026-03,3,2026-03-18
4600,Mumbai,Paid Social,2025-10,7,2025-12-17
4601,Hyderabad,Paid Social,2026-02,19,2026-07-28
4602,Hyderabad,App Store Search,2026-04,3,2026-05-23
4603,Mumbai,Organic,2026-02,19,2026-07-22
4604,Bengaluru,App Store Search,2026-05,13,2026-07-30
4605,Bengaluru,Paid Social,2026-08,5,2026-08-22
4606,Mumbai,Influencer,2026-08,4,2026-09-13
4607,Mumbai,Organic,2025-12,4,2026-02-22
4608,Bengaluru,Paid Social,2026-07,3,2026-07-23
4609,Delhi NCR,Paid Social,2025-10,6,2025-11-23
4610,Mumbai,Paid Social,2026-03,3,2026-03-30
4611,Chennai,Referral,2026-08,6,2026-09-10
4612,Bengaluru,Influencer,2026-08,5,2026-09-15
4613,Hyderabad,Organic,2026-04,7,2026-04-21
4614,Pune,Paid Social,2026-01,23,2026-07-28
4615,Mumbai,Paid Social,2026-04,1,2026-04-10
4616,Delhi NCR,Paid Social,2026-05,2,2026-05-31
4617,Bengaluru,Paid Social,2026-08,2,2026-08-23
4618,Mumbai,Paid Social,2026-02,1,2026-02-17
4619,Delhi NCR,App Store Search,2025-05,12,2025-09-20
4620,Bengaluru,Referral,2026-09,1,2026-09-07
4621,Bengaluru,Paid Social,2026-04,4,2026-04-19
4622,Chennai,Paid Social,2026-07,3,2026-07-29
4623,Mumbai,Referral,2026-09,3,2026-09-13
4624,Mumbai,Paid Social,2026-02,16,2026-06-13
4625,Delhi NCR,App Store Search,2026-04,4,2026-05-23
4626,Mumbai,Paid Social,2026-04,5,2026-05-27
4627,Pune,App Store Search,2026-02,13,2026-06-18
4628,Bengaluru,Influencer,2026-06,6,2026-08-25
4629,Pune,Referral,2026-01,5,2026-01-30
4630,Bengaluru,App Store Search,2025-07,2,2025-07-28
4631,Pune,Influencer,2025-05,3,2025-06-22
4632,Mumbai,App Store Search,2026-08,3,2026-08-18
4633,Hyderabad,Partnerships,2026-07,6,2026-08-27
4634,Delhi NCR,Paid Social,2025-11,2,2025-11-17
4635,Pune,Influencer,2025-09,8,2025-10-05
4636,Bengaluru,Paid Social,2026-08,4,2026-09-11
4637,Pune,Paid Social,2026-09,2,2026-09-01
4638,Delhi NCR,App Store Search,2025-11,4,2025-11-27
4639,Pune,Organic,2025-12,6,2025-12-26
4640,Mumbai,App Store Search,2025-10,8,2026-01-19
4641,Bengaluru,Partnerships,2026-08,3,2026-09-10
4642,Hyderabad,Organic,2026-05,2,2026-05-07
4643,Pune,Partnerships,2026-06,8,2026-08-21
4644,Mumbai,Partnerships,2025-07,10,2025-10-25
4645,Pune,Referral,2025-11,12,2026-02-27
4646,Bengaluru,Paid Social,2026-04,3,2026-04-17
4647,Mumbai,Organic,2025-11,9,2026-02-19
4648,Mumbai,Paid Social,2025-11,3,2025-12-30
4649,Delhi NCR,Referral,2026-06,5,2026-06-29
4650,Bengaluru,App Store Search,2025-06,2,2025-06-19
4651,Hyderabad,Partnerships,2026-09,0,
4652,Delhi NCR,Paid Social,2026-08,1,2026-08-28
4653,Pune,App Store Search,2026-08,3,2026-08-30
4654,Mumbai,Organic,2026-01,11,2026-03-21
4655,Mumbai,Referral,2026-07,5,2026-08-27
4656,Bengaluru,Paid Social,2026-06,6,2026-07-30
4657,Mumbai,Paid Social,2026-01,4,2026-01-31
4658,Delhi NCR,App Store Search,2026-06,6,2026-08-27
4659,Mumbai,Organic,2026-05,13,2026-08-23
4660,Mumbai,Referral,2026-04,5,2026-04-30
4662,Bengaluru,App Store Search,2026-04,6,2026-04-29
4663,Delhi NCR,App Store Search,2026-07,8,2026-09-04
4664,Bengaluru,Influencer,2026-09,1,2026-09-13
4665,Mumbai,Paid Social,2025-06,1,2025-06-01
4666,Pune,App Store Search,2026-08,4,2026-09-13
4667,Mumbai,Paid Social,2025-07,17,2025-11-26
4669,Bengaluru,App Store Search,2025-10,10,2026-01-28
4670,Mumbai,Referral,2026-02,7,2026-04-17
4671,Chennai,Referral,2026-07,3,2026-08-18
4672,Pune,Referral,2026-06,12,2026-09-11
4673,Mumbai,Paid Social,2026-04,7,2026-05-25
4674,Mumbai,Paid Social,2025-11,7,2025-12-19
4675,Mumbai,Paid Social,2026-04,4,2026-04-29
4676,Bengaluru,Paid Social,2026-01,3,2026-01-24
4677,Delhi NCR,Organic,2025-12,2,2025-12-20
4678,Bengaluru,Organic,2026-03,7,2026-04-25
4679,Mumbai,Influencer,2026-04,2,2026-04-23
4680,Delhi NCR,Paid Social,2025-06,4,2025-07-18
4681,Pune,Influencer,2025-11,2,2025-11-30
4682,Mumbai,Organic,2025-08,5,2025-09-21
4683,Hyderabad,App Store Search,2026-09,1,2026-09-07
4684,Bengaluru,Organic,2026-06,2,2026-06-29
4685,Mumbai,Partnerships,2026-06,4,2026-07-29
4686,Mumbai,Organic,2026-03,4,2026-03-14
4687,Mumbai,App Store Search,2025-07,4,2025-07-07
4688,Bengaluru,Organic,2026-05,10,2026-08-29
4689,Mumbai,Paid Social,2025-12,4,2026-01-31
4690,Mumbai,Influencer,2026-05,6,2026-08-26
4691,Bengaluru,Influencer,2026-04,6,2026-06-30
4692,Bengaluru,Partnerships,2026-08,4,2026-08-18
4693,Pune,Referral,2026-04,5,2026-04-30
4694,Mumbai,Partnerships,2026-04,6,2026-05-30
4695,Bengaluru,Paid Social,2026-07,4,2026-07-23
4696,Bengaluru,App Store Search,2026-05,7,2026-07-28
4697,Delhi NCR,Paid Social,2026-07,7,2026-08-30
4698,Hyderabad,App Store Search,2026-06,2,2026-06-27
4699,Bengaluru,Influencer,2026-02,3,2026-02-23
4700,Bengaluru,App Store Search,2026-02,3,2026-03-07
4701,Pune,App Store Search,2026-07,4,2026-08-28
4702,Hyderabad,Referral,2026-04,9,2026-06-13
4703,Pune,Organic,2026-06,0,
4704,Mumbai,App Store Search,2026-04,1,2026-04-06
4705,Mumbai,App Store Search,2026-07,1,2026-07-10
4706,Bengaluru,Paid Social,2026-05,7,2026-06-29
4707,Bengaluru,Paid Social,2026-03,5,2026-03-28
4708,Pune,Organic,2026-03,3,2026-03-29
4709,Mumbai,Paid Social,2026-07,9,2026-08-27
4710,Bengaluru,Organic,2026-08,4,2026-08-30
4711,Bengaluru,App Store Search,2026-02,7,2026-02-22
4712,Pune,App Store Search,2025-07,3,2025-07-25
4713,Delhi NCR,Influencer,2026-08,6,2026-09-13
4714,Pune,Paid Social,2025-10,3,2025-10-30
4715,Hyderabad,Paid Social,2026-05,12,2026-08-10
4716,Hyderabad,Referral,2026-08,4,2026-09-08
4717,Hyderabad,App Store Search,2025-10,1,2025-10-08
4718,Chennai,Organic,2025-11,8,2026-01-25
4719,Pune,Organic,2026-03,19,2026-09-09
4720,Bengaluru,Paid Social,2025-12,3,2026-01-21
4721,Hyderabad,App Store Search,2026-06,4,2026-07-26
4722,Bengaluru,Paid Social,2026-02,5,2026-02-27
4723,Pune,Paid Social,2026-08,2,2026-08-23
4724,Chennai,Paid Social,2025-10,16,2026-02-28
4725,Pune,Influencer,2026-01,15,2026-05-22
4726,Bengaluru,Organic,2026-07,2,2026-07-30
4727,Bengaluru,Influencer,2026-02,9,2026-03-11
4728,Delhi NCR,Organic,2026-05,5,2026-06-23
4729,Bengaluru,App Store Search,2025-07,4,2025-07-22
4730,Bengaluru,Referral,2025-12,8,2026-02-19
4731,Delhi NCR,Organic,2026-02,4,2026-02-21
4732,Mumbai,Organic,2026-06,12,2026-09-06
4733,Delhi NCR,Influencer,2025-05,4,2025-05-28
4734,Chennai,Paid Social,2025-10,10,2025-11-28
4735,Mumbai,Paid Social,2026-07,2,2026-07-13
4736,Delhi NCR,Organic,2025-10,7,2025-12-19
4737,Delhi NCR,App Store Search,2026-05,1,2026-05-08
4738,Pune,Paid Social,2026-05,1,2026-05-03
4739,Hyderabad,Influencer,2026-07,7,2026-09-10
4740,Chennai,Referral,2026-04,2,2026-04-13
4741,Delhi NCR,Referral,2025-10,10,2026-01-16
4742,Mumbai,Organic,2026-02,2,2026-02-22
4743,Pune,Paid Social,2026-06,1,2026-06-21
4744,Bengaluru,Organic,2026-04,16,2026-09-10
4745,Bengaluru,Influencer,2026-01,6,2026-01-30
4746,Mumbai,App Store Search,2026-04,3,2026-04-24
4747,Mumbai,Organic,2026-08,2,2026-08-29
4748,Mumbai,Paid Social,2025-08,11,2025-09-29
4749,Chennai,Referral,2026-06,12,2026-08-28
4750,Bengaluru,Paid Social,2026-08,4,2026-08-31
4751,Bengaluru,Paid Social,2026-09,0,
4752,Mumbai,Organic,2025-06,2,2025-06-29
4753,Pune,Partnerships,2026-03,9,2026-04-16
4754,Bengaluru,Referral,2026-05,2,2026-05-29
4755,Delhi NCR,Paid Social,2026-03,2,2026-03-30
4756,Delhi NCR,Paid Social,2026-08,5,2026-08-18
4757,Mumbai,Paid Social,2026-05,3,2026-06-05
4758,Bengaluru,Organic,2026-09,2,2026-09-11
4759,Bengaluru,Organic,2026-05,2,2026-05-21
4760,Bengaluru,Organic,2025-07,9,2025-10-17
4761,Mumbai,Paid Social,2026-07,2,2026-07-31
4762,Mumbai,Paid Social,2026-04,3,2026-04-27
4763,Mumbai,Paid Social,2026-01,15,2026-05-27
4764,Mumbai,Influencer,2025-05,4,2025-06-26
4765,Chennai,Organic,2026-08,1,2026-08-10
4766,Pune,Organic,2026-04,6,2026-05-29
4767,Hyderabad,Organic,2026-07,8,2026-09-10
4768,Chennai,Paid Social,2026-01,12,2026-03-31
4769,Bengaluru,Partnerships,2025-09,3,2025-09-28
4770,Delhi NCR,App Store Search,2025-11,9,2025-12-31
4771,Hyderabad,Influencer,2026-08,2,2026-08-29
4772,Hyderabad,Paid Social,2026-06,2,2026-06-28
4773,Hyderabad,Organic,2025-11,6,2025-12-19
4774,Mumbai,Referral,2025-12,7,2026-01-31
4775,Hyderabad,Paid Social,2026-04,8,2026-06-20
4776,Mumbai,Organic,2026-06,2,2026-06-23
4777,Bengaluru,Paid Social,2026-05,2,2026-05-20
4778,Mumbai,Organic,2026-01,8,2026-03-08
4779,Delhi NCR,Paid Social,2026-02,0,
4780,Hyderabad,Organic,2026-07,5,2026-09-01
4781,Delhi NCR,Organic,2025-09,2,2025-10-05
4782,Delhi NCR,Organic,2025-09,5,2025-09-30
4783,Hyderabad,Influencer,2026-07,2,2026-07-20
4784,Hyderabad,Referral,2026-02,11,2026-04-20
4785,Mumbai,Paid Social,2026-06,4,2026-06-21
4786,Bengaluru,App Store Search,2025-08,6,2025-09-29
4787,Bengaluru,App Store Search,2026-04,3,2026-04-22
4788,Pune,Organic,2026-02,12,2026-03-29
4789,Hyderabad,Paid Social,2026-05,7,2026-08-20
4790,Hyderabad,Paid Social,2025-12,5,2026-01-24
4791,Bengaluru,Paid Social,2025-08,3,2025-08-16
4792,Delhi NCR,Referral,2026-01,3,2026-02-28
4793,Pune,Organic,2026-08,7,2026-09-14
4794,Pune,Referral,2025-09,5,2025-10-26
4795,Mumbai,Organic,2026-06,6,2026-07-25
4796,Delhi NCR,Organic,2025-09,2,2025-09-28
4797,Delhi NCR,Referral,2026-01,3,2026-01-26
4798,Delhi NCR,App Store Search,2026-05,2,2026-05-16
4799,Pune,Organic,2026-08,4,2026-08-19
4800,Delhi NCR,Organic,2026-06,4,2026-08-10
4801,Bengaluru,Paid Social,2025-11,4,2025-11-15
4802,Mumbai,Referral,2026-05,5,2026-06-20
4803,Delhi NCR,App Store Search,2025-11,1,2025-11-29
4804,Delhi NCR,Organic,2025-09,1,2025-09-28
4805,Bengaluru,Paid Social,2026-08,2,2026-08-29
4806,Bengaluru,Organic,2025-09,12,2025-11-27
4807,Mumbai,Paid Social,2026-07,8,2026-09-11
4808,Pune,Paid Social,2025-06,3,2025-06-30
4809,Pune,App Store Search,2026-05,10,2026-06-25
4810,Bengaluru,Referral,2026-03,11,2026-06-26
4811,Bengaluru,Paid Social,2026-07,2,2026-07-23
4812,Bengaluru,Referral,2026-06,2,2026-06-06
4813,Hyderabad,Organic,2026-08,4,2026-09-12
4814,Delhi NCR,Organic,2026-09,1,2026-09-04
4815,Mumbai,Organic,2026-08,2,2026-08-27
4816,Hyderabad,Influencer,2026-04,5,2026-07-19
4817,Delhi NCR,App Store Search,2026-05,4,2026-06-11
4818,Bengaluru,Influencer,2026-05,2,2026-05-24
4819,Chennai,Referral,2026-09,3,2026-09-13
4820,Delhi NCR,Referral,2026-04,2,2026-04-16
4821,Delhi NCR,Organic,2025-06,13,2025-11-28
4822,Delhi NCR,Paid Social,2025-12,5,2025-12-23
4823,Bengaluru,Partnerships,2026-07,7,2026-08-24
4824,Delhi NCR,Influencer,2026-08,4,2026-08-17
4825,Bengaluru,Organic,2025-09,2,2025-09-22
4826,Bengaluru,Organic,2026-04,21,2026-08-26
4827,Hyderabad,Paid Social,2026-05,6,2026-06-11
4828,Chennai,App Store Search,2026-09,0,
4829,Pune,Referral,2026-09,1,2026-09-10
4830,Hyderabad,Paid Social,2025-09,5,2025-09-28
4831,Mumbai,Organic,2025-06,9,2025-07-25
4832,Bengaluru,Organic,2025-12,8,2026-03-20
4833,Mumbai,Referral,2026-07,6,2026-09-15
4834,Delhi NCR,App Store Search,2025-06,3,2025-07-16
4835,Bengaluru,Paid Social,2025-12,4,2025-12-16
4836,Hyderabad,App Store Search,2026-09,1,2026-09-01
4837,Delhi NCR,Referral,2026-03,8,2026-06-19
4838,Bengaluru,Partnerships,2025-11,7,2025-12-26
4839,Chennai,Organic,2026-03,2,2026-03-29
4840,Bengaluru,Organic,2026-03,7,2026-03-29
4841,Delhi NCR,Organic,2025-07,3,2025-07-15
4842,Bengaluru,Paid Social,2026-07,1,2026-07-10
4843,Mumbai,App Store Search,2026-05,5,2026-06-25
4844,Bengaluru,Organic,2026-06,3,2026-07-02
4845,Delhi NCR,Influencer,2026-02,9,2026-04-21
4846,Chennai,Influencer,2026-07,3,2026-07-14
4847,Bengaluru,Organic,2026-05,13,2026-07-30
4848,Bengaluru,App Store Search,2026-03,10,2026-05-18
4849,Delhi NCR,Paid Social,2026-08,2,2026-08-20
4850,Hyderabad,App Store Search,2026-08,2,2026-08-21
4851,Bengaluru,App Store Search,2026-03,10,2026-05-23
4852,Chennai,Paid Social,2025-10,4,2025-11-23
4853,Mumbai,App Store Search,2025-12,2,2025-12-30
4854,Bengaluru,Referral,2026-01,4,2026-01-28
4855,Mumbai,Referral,2025-09,17,2026-02-28
4856,Mumbai,App Store Search,2026-09,0,
4857,Chennai,App Store Search,2026-02,8,2026-03-31
4859,Bengaluru,App Store Search,2025-06,4,2025-06-27
4860,Pune,Referral,2025-09,6,2025-10-15
4861,Delhi NCR,Paid Social,2026-04,5,2026-06-22
4862,Hyderabad,Referral,2026-06,10,2026-09-02
4863,Delhi NCR,Organic,2026-06,4,2026-06-26
4864,Hyderabad,App Store Search,2026-01,15,2026-03-31
4865,Hyderabad,Referral,2026-06,3,2026-06-06
4866,Bengaluru,Referral,2026-02,4,2026-02-26
4867,Bengaluru,Partnerships,2025-08,3,2025-09-13
4868,Bengaluru,Organic,2026-01,5,2026-01-31
4869,Delhi NCR,App Store Search,2026-03,2,2026-03-24
4870,Mumbai,Paid Social,2025-05,3,2025-05-31
4871,Bengaluru,Organic,2026-07,2,2026-07-28
4872,Bengaluru,Organic,2026-02,7,2026-05-13
4873,Mumbai,Partnerships,2026-03,6,2026-04-30
4874,Bengaluru,Referral,2026-04,16,2026-07-29
4875,Bengaluru,App Store Search,2026-05,1,2026-05-29
4876,Pune,Referral,2026-08,4,2026-09-10
4877,Mumbai,Organic,2026-08,1,2026-08-09
4878,Delhi NCR,App Store Search,2026-06,2,2026-06-15
4879,Hyderabad,Referral,2025-10,6,2025-10-28
4880,Bengaluru,Referral,2026-07,8,2026-09-05
4881,Bengaluru,Paid Social,2026-07,4,2026-07-25
4882,Mumbai,Referral,2026-09,1,2026-09-15
4883,Delhi NCR,Organic,2025-05,4,2025-05-13
4884,Bengaluru,Paid Social,2026-01,8,2026-03-30
4885,Mumbai,Organic,2026-05,1,2026-05-07
4886,Delhi NCR,Organic,2026-08,3,2026-09-05
4887,Delhi NCR,Paid Social,2025-06,16,2026-02-28
4888,Pune,Paid Social,2025-06,2,2025-06-30
4889,Hyderabad,Referral,2025-12,8,2026-02-10
4890,Delhi NCR,App Store Search,2025-09,3,2025-10-08
4891,Mumbai,Influencer,2025-08,3,2025-09-05
4892,Mumbai,Organic,2026-06,12,2026-09-15
4893,Bengaluru,Referral,2026-06,10,2026-09-10
4894,Bengaluru,Paid Social,2026-06,7,2026-06-29
4895,Mumbai,Referral,2026-07,8,2026-09-09
4896,Mumbai,Paid Social,2026-06,7,2026-07-24
4897,Hyderabad,Paid Social,2026-07,10,2026-09-07
4898,Mumbai,Influencer,2026-09,2,2026-09-09
4899,Bengaluru,Paid Social,2025-12,4,2025-12-31
4900,Hyderabad,App Store Search,2026-08,6,2026-09-15
4901,Bengaluru,Organic,2026-08,4,2026-09-03
4902,Mumbai,Paid Social,2026-01,4,2026-02-12
4903,Delhi NCR,Organic,2025-11,6,2025-11-27
4904,Pune,Paid Social,2025-07,3,2025-07-24
4905,Bengaluru,Organic,2025-12,6,2026-02-24
4906,Delhi NCR,Organic,2026-02,23,2026-09-07
4907,Pune,App Store Search,2025-07,13,2025-10-28
4908,Bengaluru,Organic,2026-08,4,2026-08-27
4909,Mumbai,Paid Social,2026-05,3,2026-06-28
4910,Pune,Paid Social,2025-08,3,2025-08-30
4911,Hyderabad,Paid Social,2026-08,2,2026-08-22
4912,Mumbai,App Store Search,2026-06,2,2026-06-30
4913,Hyderabad,Paid Social,2026-08,4,2026-08-30
4914,Delhi NCR,Organic,2026-03,6,2026-04-24
4915,Pune,Organic,2026-04,9,2026-06-04
4916,Delhi NCR,Organic,2025-12,7,2026-02-09
4917,Delhi NCR,Paid Social,2026-06,6,2026-07-11
4918,Bengaluru,Organic,2026-04,10,2026-07-29
4919,Hyderabad,App Store Search,2026-01,25,2026-08-27
4921,Pune,Paid Social,2026-08,6,2026-09-08
4922,Mumbai,Referral,2025-06,10,2025-10-24
4923,Mumbai,Paid Social,2026-08,7,2026-09-12
4924,Pune,Organic,2026-07,8,2026-09-12
4925,Mumbai,Paid Social,2026-08,3,2026-08-25
4926,Delhi NCR,Organic,2026-08,3,2026-09-11
4927,Hyderabad,Referral,2026-03,19,2026-08-24
4928,Bengaluru,Organic,2026-03,3,2026-04-17
4929,Bengaluru,Paid Social,2026-02,2,2026-02-19
4930,Delhi NCR,Organic,2025-06,1,2025-06-02
4931,Bengaluru,Organic,2026-02,3,2026-03-08
4932,Bengaluru,App Store Search,2026-04,3,2026-04-18
4933,Delhi NCR,App Store Search,2025-12,1,2025-12-24
4934,Delhi NCR,Organic,2026-05,6,2026-07-08
4935,Bengaluru,Organic,2026-03,2,2026-03-30
4936,Delhi NCR,Organic,2025-12,6,2026-01-24
4937,Bengaluru,Paid Social,2025-09,2,2025-09-20
4938,Bengaluru,Organic,2026-04,11,2026-08-25
4939,Mumbai,App Store Search,2026-08,5,2026-08-28
4940,Delhi NCR,Referral,2026-02,5,2026-02-24
4941,Hyderabad,Organic,2026-04,18,2026-09-14
4942,Pune,App Store Search,2025-05,7,2025-06-23
4943,Bengaluru,App Store Search,2025-08,5,2025-09-24
4944,Delhi NCR,App Store Search,2026-04,5,2026-04-17
4945,Pune,Partnerships,2026-02,11,2026-05-10
4946,Mumbai,App Store Search,2025-10,2,2025-10-24
4947,Mumbai,Organic,2026-08,3,2026-08-22
4948,Bengaluru,Referral,2025-06,14,2025-09-30
4949,Pune,Organic,2026-02,5,2026-02-23
4950,Mumbai,Referral,2026-01,12,2026-04-22
4951,Delhi NCR,Paid Social,2025-08,9,2025-10-30
4952,Delhi NCR,Paid Social,2025-11,1,2025-11-29
4953,Delhi NCR,Organic,2026-02,4,2026-03-20
4954,Bengaluru,Organic,2026-07,6,2026-08-03
4955,Pune,Paid Social,2026-03,17,2026-09-06
4956,Pune,Organic,2026-01,7,2026-04-28
4957,Bengaluru,Paid Social,2026-05,3,2026-05-31
4958,Pune,Paid Social,2026-02,4,2026-02-27
4959,Bengaluru,App Store Search,2025-10,4,2025-11-18
4960,Bengaluru,Organic,2026-08,1,2026-08-17
4961,Mumbai,App Store Search,2025-07,9,2025-08-30
4962,Bengaluru,Influencer,2026-04,2,2026-04-16
4963,Delhi NCR,App Store Search,2025-10,2,2025-10-29
4964,Mumbai,Paid Social,2025-05,4,2025-05-31
4965,Pune,App Store Search,2026-02,1,2026-02-28
4966,Delhi NCR,Paid Social,2026-02,2,2026-02-27
4967,Delhi NCR,Organic,2026-01,2,2026-01-26
4968,Bengaluru,Organic,2026-08,4,2026-09-12
4969,Bengaluru,Organic,2025-09,1,2025-09-10
4970,Chennai,Referral,2026-05,6,2026-06-30
4971,Pune,App Store Search,2026-01,4,2026-01-22
4972,Chennai,Referral,2026-07,14,2026-09-15
4973,Mumbai,Organic,2026-07,9,2026-09-15
4974,Pune,Paid Social,2026-01,6,2026-02-21
4975,Hyderabad,Organic,2026-05,3,2026-05-28
4976,Delhi NCR,Referral,2026-08,5,2026-08-28
4977,Hyderabad,App Store Search,2026-07,4,2026-07-23
4978,Mumbai,App Store Search,2026-03,4,2026-04-27
4979,Hyderabad,Organic,2025-11,21,2026-02-24
4980,Mumbai,App Store Search,2026-06,3,2026-06-28
4981,Delhi NCR,Paid Social,2025-08,6,2025-09-25
4982,Pune,Organic,2026-01,4,2026-02-17
4983,Bengaluru,Paid Social,2026-07,2,2026-07-18
4984,Bengaluru,Partnerships,2025-12,5,2026-01-29
4985,Mumbai,Organic,2026-02,1,2026-02-18
4986,Bengaluru,App Store Search,2026-07,2,2026-07-29
4987,Mumbai,Paid Social,2026-08,4,2026-08-25
4988,Hyderabad,Paid Social,2025-08,7,2025-09-28
4989,Pune,App Store Search,2026-08,8,2026-09-14
4990,Delhi NCR,Referral,2026-07,3,2026-07-08
4991,Bengaluru,Referral,2026-03,8,2026-04-28
4992,Delhi NCR,Paid Social,2026-08,5,2026-08-27
4993,Bengaluru,App Store Search,2025-10,5,2025-10-25
4994,Bengaluru,Organic,2026-08,3,2026-09-13
4995,Mumbai,Paid Social,2026-07,2,2026-07-16
4996,Pune,Paid Social,2025-08,2,2025-08-28
4997,Delhi NCR,Organic,2026-08,4,2026-09-13
4998,Bengaluru,Partnerships,2026-05,4,2026-06-18
4999,Pune,Paid Social,2026-07,4,2026-07-18
5000,Delhi NCR,App Store Search,2026-07,10,2026-08-10
5001,Pune,App Store Search,2026-07,8,2026-09-13
5002,Bengaluru,Partnerships,2025-12,9,2026-02-15
5003,Mumbai,Paid Social,2025-10,10,2025-11-18
5004,Delhi NCR,App Store Search,2026-07,5,2026-08-26
5005,Bengaluru,Organic,2026-02,1,2026-02-18
5006,Hyderabad,Referral,2025-12,1,2026-01-31
5007,Delhi NCR,Paid Social,2026-05,15,2026-08-28
5008,Delhi NCR,Organic,2026-05,2,2026-05-05
5009,Mumbai,Paid Social,2026-04,5,2026-05-18
5010,Pune,App Store Search,2025-12,12,2026-02-27
5011,Bengaluru,Organic,2026-06,10,2026-08-01
5012,Mumbai,Referral,2025-12,3,2026-01-23
5013,Bengaluru,Paid Social,2026-07,2,2026-08-20
5014,Chennai,Referral,2026-07,4,2026-08-02
5015,Pune,Referral,2025-11,6,2026-01-13
5016,Mumbai,Organic,2026-06,5,2026-07-15
5017,Mumbai,Paid Social,2026-05,15,2026-09-11
5018,Bengaluru,App Store Search,2026-03,13,2026-06-27
5019,Bengaluru,Partnerships,2026-01,9,2026-04-29
5020,Hyderabad,Paid Social,2025-08,2,2025-08-20
5021,Bengaluru,Paid Social,2026-08,5,2026-09-04
5022,Mumbai,Paid Social,2025-12,2,2025-12-28
5023,Bengaluru,Paid Social,2026-07,2,2026-07-13
5024,Delhi NCR,Organic,2026-07,4,2026-07-30
5025,Bengaluru,App Store Search,2026-02,2,2026-02-03
5026,Bengaluru,Paid Social,2026-07,4,2026-07-27
5027,Delhi NCR,Organic,2026-04,17,2026-08-28
5028,Bengaluru,Paid Social,2026-06,3,2026-06-27
5029,Delhi NCR,Organic,2026-08,2,2026-09-04
5030,Mumbai,Organic,2026-01,15,2026-05-31
5031,Chennai,Paid Social,2026-09,1,2026-09-14
5032,Hyderabad,Partnerships,2025-08,7,2025-10-31
5033,Pune,Referral,2025-10,6,2025-12-25
5034,Pune,Paid Social,2025-12,4,2025-12-30
5035,Delhi NCR,Organic,2025-09,2,2025-09-12
5036,Bengaluru,Paid Social,2026-06,2,2026-06-29
5037,Mumbai,Organic,2025-10,3,2025-10-27
5038,Delhi NCR,Referral,2025-08,11,2025-10-25
5039,Mumbai,Paid Social,2026-05,1,2026-05-15
5040,Pune,Influencer,2025-07,2,2025-07-09
5041,Bengaluru,Paid Social,2025-06,3,2025-06-25
5042,Bengaluru,App Store Search,2026-02,3,2026-02-27
5043,Pune,Partnerships,2026-04,10,2026-06-27
5044,Mumbai,App Store Search,2025-06,8,2025-07-30
5046,Bengaluru,Paid Social,2025-12,2,2025-12-26
5047,Delhi NCR,Influencer,2026-06,3,2026-06-24
5048,Bengaluru,Referral,2025-09,9,2025-10-29
5049,Bengaluru,Referral,2026-01,3,2026-02-03
5050,Pune,Referral,2025-10,20,2026-04-27
5051,Delhi NCR,Paid Social,2026-07,1,2026-07-01
5052,Pune,Organic,2026-06,9,2026-08-27
5053,Delhi NCR,Organic,2026-05,13,2026-07-17
5054,Mumbai,App Store Search,2026-02,3,2026-02-14
5055,Bengaluru,Organic,2026-03,18,2026-08-18
5056,Delhi NCR,Paid Social,2026-05,10,2026-08-26
5057,Mumbai,Paid Social,2025-12,3,2025-12-23
5058,Pune,App Store Search,2025-09,1,2025-09-22
5059,Delhi NCR,Organic,2026-08,3,2026-08-27
5060,Mumbai,Influencer,2025-06,8,2025-07-20
5061,Delhi NCR,App Store Search,2026-05,13,2026-08-06
5062,Bengaluru,App Store Search,2026-04,4,2026-05-23
5063,Bengaluru,Influencer,2026-09,3,2026-09-11
5064,Chennai,Organic,2026-08,2,2026-08-21
5065,Delhi NCR,App Store Search,2025-08,9,2025-11-13
5066,Bengaluru,Organic,2026-08,6,2026-09-11
5067,Bengaluru,Referral,2025-07,2,2025-07-21
5068,Bengaluru,Organic,2025-10,7,2025-11-26
5069,Bengaluru,Paid Social,2026-08,1,2026-08-10
5070,Bengaluru,Organic,2025-10,2,2025-10-10
5071,Mumbai,Organic,2025-08,4,2025-08-25
5072,Bengaluru,App Store Search,2025-12,14,2026-03-28
5073,Bengaluru,Referral,2026-05,9,2026-07-11
5074,Hyderabad,App Store Search,2025-12,3,2025-12-31
5075,Hyderabad,App Store Search,2026-09,3,2026-09-15
5076,Bengaluru,App Store Search,2026-08,2,2026-08-16
5077,Bengaluru,Influencer,2025-09,1,2025-09-07
5078,Bengaluru,Paid Social,2026-07,4,2026-08-13
5079,Delhi NCR,Referral,2025-08,5,2025-09-22
5080,Mumbai,Organic,2026-08,4,2026-08-26
5081,Bengaluru,Organic,2025-10,3,2025-10-30
5082,Chennai,Organic,2026-01,7,2026-03-04
5083,Pune,Organic,2025-11,8,2025-12-20
5084,Delhi NCR,App Store Search,2026-02,9,2026-03-29
5085,Delhi NCR,Referral,2025-12,32,2026-09-13
5086,Hyderabad,App Store Search,2026-02,2,2026-02-18
5087,Mumbai,App Store Search,2026-04,4,2026-04-16
5088,Bengaluru,Organic,2026-02,10,2026-06-19
5089,Delhi NCR,Paid Social,2026-04,5,2026-04-30
5090,Bengaluru,Paid Social,2026-08,2,2026-08-30
5091,Bengaluru,Paid Social,2025-08,6,2025-09-24
5092,Bengaluru,Referral,2026-07,8,2026-09-11
5093,Bengaluru,Organic,2026-04,2,2026-04-19
5094,Bengaluru,Organic,2026-05,1,2026-05-26
5095,Hyderabad,Organic,2026-05,5,2026-06-25
5096,Chennai,Organic,2026-05,12,2026-08-26
5097,Mumbai,Paid Social,2026-09,1,2026-09-05
5098,Mumbai,Organic,2026-03,4,2026-03-21
5099,Bengaluru,Influencer,2026-04,5,2026-04-20
5100,Delhi NCR,Paid Social,2025-08,3,2025-08-27
5101,Bengaluru,Referral,2025-12,14,2026-03-29
5102,Bengaluru,Paid Social,2026-07,4,2026-08-25
5103,Delhi NCR,Referral,2026-08,4,2026-08-26
5104,Hyderabad,Paid Social,2026-07,8,2026-09-13
5105,Bengaluru,App Store Search,2025-12,2,2025-12-29
5106,Bengaluru,Paid Social,2026-08,5,2026-08-29
5107,Delhi NCR,Partnerships,2025-12,3,2026-01-03
5108,Bengaluru,App Store Search,2026-01,3,2026-01-25
5109,Bengaluru,Influencer,2025-12,7,2026-03-26
5111,Bengaluru,Referral,2025-10,3,2025-10-17
5112,Bengaluru,Organic,2026-03,4,2026-03-28
5113,Pune,Organic,2026-04,13,2026-08-15
5114,Hyderabad,Organic,2026-07,9,2026-09-13
5115,Chennai,Organic,2026-03,13,2026-07-20
5116,Mumbai,Referral,2025-09,12,2026-02-28
5117,Mumbai,Organic,2026-08,6,2026-09-15
5118,Bengaluru,Organic,2026-01,2,2026-01-22
5119,Hyderabad,App Store Search,2026-06,8,2026-07-27
5120,Pune,Organic,2025-11,26,2026-06-25
5121,Mumbai,Paid Social,2026-07,6,2026-08-25
5122,Bengaluru,Organic,2026-05,9,2026-07-27
5123,Mumbai,Paid Social,2025-05,20,2025-10-21
5124,Mumbai,Referral,2026-08,1,2026-08-09
5125,Bengaluru,App Store Search,2026-07,7,2026-09-10
5126,Delhi NCR,App Store Search,2026-08,5,2026-08-28
5127,Bengaluru,Paid Social,2026-01,3,2026-01-29
5128,Mumbai,Referral,2026-08,5,2026-09-01
5129,Bengaluru,Referral,2026-08,3,2026-08-25
5130,Bengaluru,Paid Social,2026-08,2,2026-08-22
5131,Mumbai,Influencer,2026-03,7,2026-04-27
5132,Bengaluru,Referral,2026-01,2,2026-01-29
5133,Hyderabad,Organic,2025-10,4,2025-10-31
5134,Hyderabad,Paid Social,2026-07,2,2026-07-27
5135,Mumbai,Referral,2026-03,2,2026-03-30
5136,Delhi NCR,Organic,2026-07,3,2026-07-31
5137,Pune,Influencer,2025-07,12,2025-10-17
5138,Bengaluru,Organic,2025-09,12,2025-11-30
5139,Bengaluru,Referral,2026-02,4,2026-03-25
5140,Hyderabad,Paid Social,2026-04,4,2026-04-15
5141,Bengaluru,Organic,2026-07,2,2026-07-19
5142,Bengaluru,Organic,2025-08,17,2025-11-27
5143,Delhi NCR,Organic,2025-09,12,2025-11-28
5144,Pune,Referral,2025-08,12,2025-11-25
5145,Mumbai,Referral,2026-08,3,2026-09-11
5146,Bengaluru,Paid Social,2026-08,5,2026-08-18
5147,Bengaluru,Referral,2026-05,5,2026-05-31
5148,Bengaluru,Organic,2026-01,3,2026-01-24
5149,Delhi NCR,Paid Social,2026-09,3,2026-09-13
5150,Chennai,App Store Search,2026-02,15,2026-05-29
5151,Hyderabad,Organic,2026-06,6,2026-07-18
5152,Bengaluru,Referral,2025-07,18,2025-11-11
5153,Chennai,Organic,2026-04,3,2026-04-22
5154,Bengaluru,Paid Social,2026-04,4,2026-04-25
5155,Bengaluru,Organic,2026-06,14,2026-09-15
5156,Delhi NCR,Organic,2026-02,5,2026-02-24
5157,Delhi NCR,Paid Social,2026-05,11,2026-07-30
5158,Pune,Organic,2026-03,8,2026-05-03
5159,Chennai,Organic,2026-09,0,
5160,Hyderabad,Organic,2026-07,11,2026-09-14
5161,Mumbai,Referral,2025-06,3,2025-06-22
5162,Hyderabad,Paid Social,2026-02,2,2026-02-16
5163,Bengaluru,App Store Search,2026-04,2,2026-04-20
5164,Bengaluru,Paid Social,2026-04,4,2026-05-27
5165,Pune,Referral,2026-06,3,2026-06-28
5166,Mumbai,Referral,2026-04,3,2026-04-17
5167,Delhi NCR,App Store Search,2026-04,4,2026-04-20
5168,Bengaluru,Partnerships,2025-07,10,2025-09-25
5169,Bengaluru,Referral,2026-08,2,2026-09-02
5170,Hyderabad,App Store Search,2026-05,4,2026-05-29
5171,Delhi NCR,Paid Social,2026-03,2,2026-03-24
5172,Bengaluru,Partnerships,2025-11,2,2025-11-21
5173,Bengaluru,Paid Social,2026-06,5,2026-07-31
5174,Bengaluru,Organic,2026-09,1,2026-09-08
5175,Delhi NCR,Organic,2026-03,8,2026-04-26
5176,Bengaluru,Organic,2026-06,7,2026-08-20
5177,Pune,Organic,2026-05,3,2026-05-23
5178,Bengaluru,App Store Search,2025-09,1,2025-09-24
5179,Mumbai,Paid Social,2025-04,0,
5180,Mumbai,Organic,2026-05,3,2026-05-27
5181,Bengaluru,Referral,2026-01,9,2026-04-18
5182,Delhi NCR,Organic,2025-12,11,2026-01-25
5183,Delhi NCR,Paid Social,2025-06,4,2025-06-25
5184,Mumbai,Paid Social,2025-11,1,2025-11-25
5185,Bengaluru,Organic,2026-04,4,2026-05-20
5186,Mumbai,Organic,2026-03,16,2026-06-12
5187,Delhi NCR,Partnerships,2026-06,4,2026-06-27
5188,Bengaluru,Paid Social,2025-10,5,2025-10-31
5189,Hyderabad,Paid Social,2026-03,1,2026-03-22
5190,Pune,Paid Social,2025-06,3,2025-06-26
5191,Mumbai,App Store Search,2026-05,4,2026-05-26
5192,Bengaluru,Paid Social,2026-05,9,2026-07-17
5193,Bengaluru,App Store Search,2026-08,3,2026-09-15
5194,Hyderabad,Organic,2026-06,9,2026-09-08
5195,Mumbai,Organic,2026-01,2,2026-01-31
5196,Mumbai,Organic,2026-01,5,2026-02-08
5197,Pune,Paid Social,2025-09,4,2025-09-22
5198,Pune,Organic,2026-04,8,2026-05-30
5199,Delhi NCR,App Store Search,2026-06,5,2026-07-27
5200,Bengaluru,Referral,2025-06,45,2026-09-09
5201,Bengaluru,Referral,2026-07,8,2026-09-05
5202,Pune,Referral,2026-09,4,2026-09-14
5203,Hyderabad,Organic,2026-06,3,2026-08-02
5204,Pune,Partnerships,2026-06,2,2026-06-06
5205,Bengaluru,App Store Search,2026-01,6,2026-02-28
5206,Bengaluru,Paid Social,2026-05,5,2026-05-22
5207,Bengaluru,App Store Search,2025-09,2,2025-09-22
5208,Bengaluru,App Store Search,2026-06,8,2026-07-26
5209,Delhi NCR,Organic,2026-02,4,2026-02-19
5211,Hyderabad,Organic,2026-01,7,2026-02-19
5212,Chennai,Organic,2025-12,5,2025-12-22
5213,Mumbai,Influencer,2026-07,6,2026-09-01
5214,Pune,Organic,2026-09,1,2026-09-01
5215,Delhi NCR,Influencer,2025-08,5,2025-08-25
5216,Hyderabad,App Store Search,2026-02,3,2026-03-21
5217,Delhi NCR,Referral,2025-08,13,2025-10-26
5218,Chennai,Organic,2026-03,2,2026-03-26
5219,Chennai,Paid Social,2026-04,6,2026-05-27
5220,Delhi NCR,Paid Social,2026-04,2,2026-04-24
5221,Bengaluru,Paid Social,2026-07,8,2026-08-27
5222,Delhi NCR,Organic,2026-07,5,2026-08-28
5223,Pune,Influencer,2026-06,3,2026-06-23
5224,Bengaluru,Referral,2025-12,11,2026-02-28
5225,Hyderabad,Paid Social,2026-09,1,2026-09-08
5226,Mumbai,Referral,2025-10,3,2025-10-27
5227,Pune,Paid Social,2026-07,1,2026-07-07
5228,Chennai,Paid Social,2026-01,6,2026-03-15
5229,Mumbai,App Store Search,2026-04,8,2026-05-24
5230,Delhi NCR,Organic,2025-07,17,2025-12-25
5231,Mumbai,Paid Social,2026-06,8,2026-07-28
5232,Mumbai,App Store Search,2025-06,2,2025-06-30
5233,Mumbai,Paid Social,2026-04,6,2026-05-27
5234,Bengaluru,Organic,2025-12,5,2025-12-31
5235,Delhi NCR,Organic,2025-11,7,2025-12-22
5236,Chennai,Paid Social,2026-04,4,2026-05-19
5237,Mumbai,Organic,2025-12,5,2026-02-23
5238,Pune,Referral,2026-03,4,2026-03-27
5239,Chennai,Referral,2025-10,4,2025-10-31
5240,Bengaluru,App Store Search,2026-02,10,2026-05-28
5241,Bengaluru,Referral,2026-09,3,2026-09-15
5242,Mumbai,Referral,2025-05,15,2025-10-21
5243,Mumbai,Paid Social,2025-10,5,2025-11-27
5244,Bengaluru,Paid Social,2026-09,1,2026-09-13
5245,Mumbai,Referral,2026-07,4,2026-08-19
5246,Hyderabad,Organic,2026-08,3,2026-09-04
5247,Mumbai,Organic,2026-05,16,2026-08-13
5248,Delhi NCR,Influencer,2025-04,4,2025-05-16
5249,Delhi NCR,Paid Social,2026-04,9,2026-06-28
5250,Chennai,App Store Search,2026-07,4,2026-08-21
5251,Pune,Organic,2025-05,1,2025-05-14
5252,Bengaluru,Referral,2026-05,3,2026-06-20
5253,Bengaluru,Organic,2026-09,3,2026-09-14
5254,Pune,Paid Social,2026-03,7,2026-03-27
5255,Bengaluru,App Store Search,2026-06,4,2026-06-19
5256,Bengaluru,Referral,2026-03,11,2026-05-25
5257,Mumbai,Paid Social,2026-05,5,2026-06-21
5258,Hyderabad,Organic,2026-06,3,2026-06-29
5259,Pune,Influencer,2026-01,21,2026-07-10
5260,Delhi NCR,App Store Search,2025-06,16,2025-11-19
5261,Bengaluru,Influencer,2026-08,7,2026-09-10
5262,Delhi NCR,Referral,2026-03,6,2026-03-26
5263,Mumbai,Influencer,2025-07,7,2025-07-29
5264,Bengaluru,Organic,2025-12,3,2026-01-31
5265,Chennai,Paid Social,2026-09,3,2026-09-15
5266,Bengaluru,Paid Social,2026-07,2,2026-07-13
5267,Chennai,App Store Search,2026-08,4,2026-09-05
5268,Bengaluru,Partnerships,2026-06,9,2026-07-31
5269,Mumbai,Paid Social,2026-08,2,2026-09-01
5270,Chennai,Organic,2026-06,11,2026-09-14
5271,Mumbai,Paid Social,2025-06,1,2025-06-05
5273,Bengaluru,Partnerships,2026-05,3,2026-05-18
5274,Delhi NCR,Partnerships,2026-08,8,2026-09-15
5275,Delhi NCR,Organic,2026-07,8,2026-09-15
5276,Mumbai,App Store Search,2025-12,3,2025-12-27
5277,Delhi NCR,Influencer,2026-05,4,2026-05-24
5278,Bengaluru,Organic,2026-08,5,2026-08-18
5279,Mumbai,Paid Social,2026-05,5,2026-05-11
5280,Delhi NCR,App Store Search,2026-07,5,2026-08-18
5281,Bengaluru,Organic,2025-10,5,2025-10-31
5282,Mumbai,Paid Social,2025-09,7,2025-11-26
5283,Pune,App Store Search,2026-08,2,2026-09-14
5284,Bengaluru,Organic,2026-04,2,2026-04-24
5285,Mumbai,Influencer,2026-02,10,2026-05-10
5286,Delhi NCR,Referral,2025-11,17,2026-05-27
5287,Chennai,App Store Search,2025-12,9,2026-01-24
5288,Bengaluru,Influencer,2025-09,1,2025-09-26
5289,Bengaluru,Organic,2026-06,6,2026-07-31
5290,Delhi NCR,App Store Search,2026-05,9,2026-06-26
5291,Pune,Paid Social,2026-05,6,2026-07-05
5292,Bengaluru,Paid Social,2026-05,4,2026-06-24
5293,Bengaluru,Paid Social,2026-08,3,2026-09-09
5294,Bengaluru,Paid Social,2026-08,1,2026-08-12
5295,Delhi NCR,Paid Social,2025-09,4,2025-09-26
5296,Delhi NCR,Referral,2025-11,10,2026-02-05
5297,Bengaluru,Organic,2025-10,13,2026-02-25
5298,Bengaluru,App Store Search,2025-11,7,2025-12-28
5299,Delhi NCR,Paid Social,2025-10,5,2025-11-18
5300,Bengaluru,Influencer,2026-02,5,2026-03-10
5301,Delhi NCR,Organic,2026-05,2,2026-05-18
5302,Bengaluru,Paid Social,2026-06,5,2026-06-28
5303,Delhi NCR,Paid Social,2026-09,2,2026-09-15
5304,Pune,Organic,2026-04,5,2026-04-27
5305,Bengaluru,Organic,2026-05,3,2026-05-28
5306,Delhi NCR,Paid Social,2026-06,2,2026-06-04
5307,Mumbai,Paid Social,2026-05,8,2026-07-23
5308,Hyderabad,Partnerships,2025-10,7,2025-12-31
5309,Bengaluru,Referral,2025-10,5,2025-11-13
5310,Bengaluru,Organic,2025-11,6,2026-01-27
5311,Delhi NCR,Organic,2026-04,1,2026-04-25
5312,Mumbai,Partnerships,2025-10,4,2025-10-25
5313,Bengaluru,Paid Social,2026-04,3,2026-04-14
5314,Delhi NCR,Paid Social,2026-08,3,2026-09-13
5315,Pune,Referral,2026-02,7,2026-04-26
5316,Mumbai,Organic,2025-11,2,2025-12-21
5317,Bengaluru,App Store Search,2026-09,1,2026-09-03
5318,Bengaluru,Referral,2026-03,16,2026-09-06
5319,Mumbai,Referral,2026-02,4,2026-02-24
5320,Bengaluru,Organic,2026-03,5,2026-04-18
5321,Bengaluru,Referral,2026-05,8,2026-07-24
5322,Chennai,App Store Search,2026-02,4,2026-03-30
5323,Hyderabad,Partnerships,2026-06,8,2026-08-14
5324,Chennai,Partnerships,2026-08,6,2026-09-02
5325,Delhi NCR,Influencer,2026-03,1,2026-03-01
5326,Pune,Paid Social,2025-08,4,2025-08-15
5327,Bengaluru,Organic,2026-07,5,2026-08-23
5328,Bengaluru,Organic,2026-03,6,2026-03-22
5329,Chennai,Organic,2026-05,2,2026-05-21
5330,Bengaluru,Referral,2026-07,2,2026-07-26
5331,Mumbai,Influencer,2025-12,11,2026-02-21
5332,Pune,Paid Social,2026-06,8,2026-08-21
5333,Chennai,Paid Social,2026-07,4,2026-09-07
5334,Chennai,App Store Search,2026-08,5,2026-09-01
5335,Pune,Paid Social,2026-02,3,2026-02-18
5336,Bengaluru,Paid Social,2026-04,4,2026-04-26
5337,Mumbai,Organic,2026-08,4,2026-09-07
5338,Pune,Organic,2025-12,4,2025-12-19
5339,Bengaluru,Paid Social,2026-02,1,2026-02-14
5340,Bengaluru,Paid Social,2026-05,3,2026-05-25
5341,Bengaluru,Organic,2026-01,7,2026-03-04
5342,Bengaluru,Referral,2025-10,3,2025-11-03
5343,Delhi NCR,App Store Search,2026-07,4,2026-07-16
5344,Mumbai,Organic,2025-12,2,2025-12-27
5345,Delhi NCR,Organic,2025-12,4,2026-01-12
5346,Chennai,Organic,2026-01,25,2026-08-18
5347,Hyderabad,Paid Social,2026-02,2,2026-02-26
5348,Bengaluru,Partnerships,2026-02,3,2026-02-24
5349,Delhi NCR,Paid Social,2026-03,1,2026-03-24
5350,Mumbai,Organic,2026-05,11,2026-07-14
5351,Bengaluru,App Store Search,2026-06,2,2026-06-30
5352,Hyderabad,Paid Social,2026-08,3,2026-08-28
5353,Pune,Organic,2026-08,2,2026-08-28
5354,Mumbai,Partnerships,2025-10,1,2025-10-06
5355,Hyderabad,Organic,2026-07,8,2026-08-29
5356,Chennai,Organic,2025-11,6,2025-12-28
5357,Delhi NCR,Influencer,2026-07,3,2026-07-28
5358,Bengaluru,Paid Social,2026-01,7,2026-02-22
5359,Bengaluru,Paid Social,2026-08,1,2026-08-05
5360,Bengaluru,Referral,2026-02,6,2026-04-12
5361,Hyderabad,Organic,2025-12,19,2026-04-22
5362,Hyderabad,Paid Social,2026-05,15,2026-09-08
5363,Bengaluru,Referral,2026-09,0,
5364,Bengaluru,Organic,2025-08,8,2025-09-30
5365,Bengaluru,Organic,2025-08,3,2025-08-22
5366,Bengaluru,Paid Social,2026-01,1,2026-01-01
5367,Mumbai,Organic,2026-07,2,2026-07-17
5368,Hyderabad,Partnerships,2026-08,6,2026-08-28
5370,Bengaluru,Organic,2025-07,10,2025-10-11
5371,Delhi NCR,Organic,2026-07,9,2026-09-12
5372,Hyderabad,Organic,2026-07,9,2026-09-09
5373,Mumbai,Influencer,2025-07,16,2025-12-25
5374,Pune,Referral,2026-05,13,2026-09-08
5375,Bengaluru,Influencer,2026-08,3,2026-08-31
5376,Delhi NCR,Organic,2026-03,3,2026-03-22
5377,Bengaluru,Referral,2025-09,12,2026-01-18
5378,Pune,Organic,2026-08,4,2026-08-24
5379,Bengaluru,Partnerships,2025-07,6,2025-08-28
5380,Pune,Paid Social,2026-03,20,2026-08-24
5381,Delhi NCR,Organic,2025-11,4,2025-11-30
5382,Bengaluru,Paid Social,2025-11,3,2025-11-27
5383,Bengaluru,Paid Social,2026-06,2,2026-06-28
5384,Mumbai,Paid Social,2026-08,3,2026-09-07
5385,Delhi NCR,App Store Search,2025-04,2,2025-04-29
5386,Mumbai,Organic,2025-10,10,2025-12-20
5387,Delhi NCR,Referral,2026-05,13,2026-09-14
5388,Mumbai,Paid Social,2026-05,8,2026-06-24
5389,Bengaluru,Paid Social,2026-03,4,2026-03-20
5390,Pune,Paid Social,2026-02,4,2026-02-25
5391,Chennai,Organic,2026-08,3,2026-09-09
5392,Hyderabad,App Store Search,2025-11,19,2026-06-14
5393,Bengaluru,Partnerships,2026-02,6,2026-03-28
5394,Bengaluru,Paid Social,2026-07,2,2026-07-20
5395,Bengaluru,Paid Social,2026-08,3,2026-08-27
5396,Hyderabad,Organic,2026-08,3,2026-09-08
5397,Bengaluru,Paid Social,2026-01,4,2026-01-31
5398,Bengaluru,App Store Search,2026-01,3,2026-01-29
5399,Bengaluru,Paid Social,2026-06,3,2026-06-21
5400,Bengaluru,Organic,2025-10,7,2025-12-19
5401,Delhi NCR,App Store Search,2025-08,3,2025-08-31
5402,Pune,Influencer,2025-07,7,2025-08-18
5403,Chennai,Partnerships,2025-11,5,2025-12-26
5404,Bengaluru,Organic,2026-05,3,2026-05-18
5405,Pune,Partnerships,2026-07,12,2026-09-10
5406,Chennai,Referral,2025-12,7,2026-03-22
5407,Bengaluru,Organic,2025-09,7,2025-11-09
5408,Hyderabad,Organic,2026-06,14,2026-09-14
5409,Chennai,Paid Social,2026-08,4,2026-09-09
5410,Mumbai,Referral,2026-06,14,2026-09-09
5411,Mumbai,Organic,2026-03,12,2026-05-27
5412,Mumbai,Organic,2026-01,6,2026-02-22
5413,Bengaluru,Paid Social,2026-05,2,2026-05-24
5414,Mumbai,Partnerships,2025-09,19,2026-02-25
5415,Bengaluru,Organic,2026-02,12,2026-05-28
5416,Delhi NCR,Paid Social,2026-02,12,2026-04-30
5417,Hyderabad,Paid Social,2026-07,5,2026-09-10
5418,Mumbai,Partnerships,2026-09,3,2026-09-12
5419,Delhi NCR,Influencer,2026-06,7,2026-08-25
5420,Chennai,Partnerships,2025-12,4,2025-12-24
5421,Delhi NCR,Paid Social,2026-04,3,2026-04-20
5422,Bengaluru,Referral,2026-07,2,2026-07-22
5423,Bengaluru,Organic,2026-05,8,2026-07-14
5424,Mumbai,Referral,2026-04,10,2026-06-23
5425,Bengaluru,Organic,2025-08,1,2025-08-23
5426,Delhi NCR,App Store Search,2026-08,3,2026-08-22
5427,Pune,Organic,2025-12,12,2026-03-31
5428,Hyderabad,Organic,2026-04,6,2026-06-15
5429,Mumbai,Paid Social,2026-05,3,2026-05-30
5430,Bengaluru,Organic,2026-05,11,2026-07-20
5431,Mumbai,Partnerships,2026-07,9,2026-09-14
5432,Mumbai,Paid Social,2025-05,18,2025-10-13
5433,Bengaluru,Referral,2026-08,2,2026-08-10
5434,Mumbai,Paid Social,2026-06,2,2026-06-29
5435,Mumbai,Organic,2026-08,1,2026-08-11
5436,Bengaluru,Paid Social,2026-08,4,2026-09-08
5437,Bengaluru,Paid Social,2025-06,3,2025-06-27
5438,Mumbai,Organic,2026-02,15,2026-06-16
5439,Mumbai,Influencer,2026-05,3,2026-05-25
5440,Delhi NCR,App Store Search,2026-05,18,2026-09-07
5441,Bengaluru,Organic,2025-12,13,2026-03-07
5442,Mumbai,Paid Social,2026-09,0,
5443,Pune,Paid Social,2025-07,6,2025-08-31
5444,Mumbai,Paid Social,2025-10,11,2025-12-29
5445,Delhi NCR,App Store Search,2026-03,5,2026-05-02
5446,Hyderabad,Partnerships,2026-04,13,2026-07-22
5447,Bengaluru,Paid Social,2025-12,6,2026-01-26
5448,Delhi NCR,Paid Social,2026-04,5,2026-04-28
5449,Hyderabad,App Store Search,2026-01,6,2026-02-14
5450,Mumbai,Organic,2026-03,2,2026-03-14
5451,Bengaluru,App Store Search,2026-01,5,2026-02-02
5452,Mumbai,App Store Search,2025-09,4,2025-09-30
5453,Delhi NCR,Paid Social,2026-08,2,2026-08-14
5454,Delhi NCR,Referral,2026-03,6,2026-03-30
5455,Mumbai,Partnerships,2025-09,1,2025-09-11
5456,Delhi NCR,Paid Social,2026-04,5,2026-05-27
5457,Delhi NCR,Paid Social,2025-09,5,2025-10-30
5458,Bengaluru,Organic,2025-09,1,2025-09-05
5459,Pune,App Store Search,2025-11,4,2025-11-27
5460,Hyderabad,Referral,2025-11,11,2026-02-21
5461,Mumbai,Paid Social,2026-08,6,2026-08-31
5462,Mumbai,Influencer,2025-12,3,2025-12-26
5463,Bengaluru,Organic,2026-07,3,2026-07-25
5464,Delhi NCR,Organic,2026-02,12,2026-06-15
5465,Bengaluru,App Store Search,2025-12,7,2026-02-28
5466,Delhi NCR,Paid Social,2025-10,2,2025-10-15
5467,Bengaluru,App Store Search,2026-06,6,2026-06-27
5468,Hyderabad,Paid Social,2026-08,3,2026-09-14
5469,Bengaluru,Organic,2026-08,3,2026-08-28
5470,Bengaluru,App Store Search,2025-12,7,2026-01-14
5471,Delhi NCR,Paid Social,2026-09,2,2026-09-12
5472,Bengaluru,App Store Search,2026-01,1,2026-01-11
5473,Bengaluru,Paid Social,2026-08,3,2026-09-15
5474,Pune,Paid Social,2026-07,2,2026-07-26
5475,Pune,App Store Search,2026-01,9,2026-04-24
5476,Pune,Organic,2026-04,3,2026-04-26
5477,Chennai,Referral,2026-09,1,2026-09-13
5478,Chennai,Paid Social,2026-05,15,2026-09-15
5479,Mumbai,Paid Social,2025-06,10,2025-08-31
5480,Delhi NCR,Organic,2025-08,9,2025-10-29
5481,Delhi NCR,Partnerships,2026-07,12,2026-08-31
5482,Bengaluru,Organic,2026-07,6,2026-09-04
5483,Bengaluru,Paid Social,2026-06,4,2026-06-30
5484,Pune,Organic,2025-12,4,2026-01-29
5485,Mumbai,Organic,2025-08,8,2025-11-25
5486,Bengaluru,App Store Search,2025-12,1,2025-12-22
5487,Bengaluru,Referral,2026-05,3,2026-05-18
5488,Mumbai,Referral,2026-03,10,2026-04-27
5489,Pune,App Store Search,2025-09,7,2025-11-28
5490,Bengaluru,Paid Social,2026-03,2,2026-03-23
5491,Bengaluru,Organic,2025-08,3,2025-08-26
5492,Bengaluru,Organic,2026-04,5,2026-04-26
5493,Pune,Organic,2026-08,3,2026-08-26
5494,Bengaluru,Influencer,2026-02,12,2026-05-14
5495,Mumbai,Partnerships,2025-08,9,2025-09-23
5496,Mumbai,Influencer,2026-01,5,2026-02-18
5497,Hyderabad,Paid Social,2026-04,7,2026-06-10
5498,Mumbai,Paid Social,2025-11,2,2025-11-26
5499,Bengaluru,App Store Search,2026-05,5,2026-06-27
5500,Chennai,Organic,2026-08,4,2026-08-29
5501,Bengaluru,Organic,2026-03,2,2026-03-29
5502,Bengaluru,Paid Social,2026-06,3,2026-06-19
5503,Bengaluru,Partnerships,2026-03,9,2026-05-23
5504,Delhi NCR,Paid Social,2025-09,3,2025-09-28
5505,Hyderabad,Referral,2025-09,22,2026-03-28
5506,Delhi NCR,Organic,2026-06,3,2026-06-27
5507,Hyderabad,Organic,2026-02,4,2026-02-26
5508,Bengaluru,Organic,2026-02,4,2026-02-26
5509,Pune,Organic,2026-08,5,2026-08-16
5510,Pune,Organic,2026-09,0,
5511,Delhi NCR,App Store Search,2026-09,2,2026-09-15
5512,Mumbai,Referral,2026-08,2,2026-08-27
5513,Bengaluru,Paid Social,2025-11,2,2025-11-30
5514,Mumbai,Organic,2025-12,9,2026-02-19
5515,Pune,Paid Social,2026-06,7,2026-07-25
5516,Bengaluru,Organic,2025-09,6,2025-10-21
5517,Delhi NCR,Partnerships,2025-08,5,2025-09-26
5518,Bengaluru,App Store Search,2025-05,6,2025-06-28
5519,Mumbai,Organic,2026-01,6,2026-03-25
5520,Delhi NCR,App Store Search,2026-01,6,2026-02-19
5521,Delhi NCR,Referral,2026-08,6,2026-09-12
5522,Pune,Paid Social,2026-06,3,2026-06-26
5523,Delhi NCR,Organic,2026-05,1,2026-05-22
5524,Delhi NCR,Paid Social,2025-11,11,2026-02-14
5525,Bengaluru,Organic,2025-05,7,2025-06-28
5526,Bengaluru,Organic,2025-05,4,2025-06-08
5527,Mumbai,Partnerships,2026-02,11,2026-04-30
5528,Pune,Paid Social,2025-09,2,2025-09-02
5529,Mumbai,Paid Social,2026-01,7,2026-02-28
5530,Delhi NCR,Paid Social,2026-05,3,2026-05-28
5531,Delhi NCR,App Store Search,2025-12,12,2026-03-18
5532,Chennai,App Store Search,2026-03,5,2026-04-14
5533,Pune,Organic,2026-03,5,2026-03-23
5534,Pune,Organic,2026-02,4,2026-03-07
5535,Delhi NCR,Organic,2026-02,17,2026-08-31
5536,Chennai,Paid Social,2026-02,9,2026-04-23
5537,Delhi NCR,App Store Search,2025-08,5,2025-09-25
5538,Delhi NCR,Paid Social,2026-03,10,2026-04-28
5539,Chennai,Organic,2026-08,4,2026-09-12
5540,Mumbai,Influencer,2026-03,5,2026-04-17
5541,Pune,Influencer,2026-01,1,2026-01-10
5542,Mumbai,Referral,2025-11,10,2025-12-25
5543,Mumbai,Paid Social,2026-05,7,2026-06-14
5544,Pune,Organic,2026-08,3,2026-08-23
5545,Mumbai,Organic,2026-06,9,2026-08-27
5546,Pune,Organic,2026-04,2,2026-04-21
5547,Hyderabad,Organic,2026-03,20,2026-09-13
5548,Bengaluru,Influencer,2026-07,7,2026-08-27
5549,Mumbai,Organic,2025-07,7,2025-09-29
5550,Delhi NCR,Paid Social,2026-01,9,2026-04-18
5551,Bengaluru,Referral,2026-03,1,2026-03-28
5553,Mumbai,Organic,2026-04,8,2026-05-17
5554,Bengaluru,Organic,2026-03,2,2026-03-03
5555,Delhi NCR,Organic,2026-01,3,2026-01-21
5556,Delhi NCR,Organic,2026-01,15,2026-05-29
5557,Pune,Influencer,2026-02,18,2026-07-27
5558,Bengaluru,App Store Search,2026-08,1,2026-08-15
5559,Bengaluru,Referral,2026-03,2,2026-03-30
5560,Mumbai,Influencer,2026-01,22,2026-07-30
5561,Delhi NCR,App Store Search,2026-09,0,
5562,Pune,Referral,2026-06,4,2026-07-03
5563,Hyderabad,Organic,2026-05,6,2026-07-28
5564,Delhi NCR,Influencer,2025-08,16,2025-12-10
5566,Mumbai,Referral,2026-01,2,2026-01-25
5567,Delhi NCR,Organic,2026-03,5,2026-04-23
5568,Mumbai,App Store Search,2026-03,4,2026-03-20
5569,Hyderabad,Paid Social,2026-07,10,2026-09-12
5570,Bengaluru,Partnerships,2026-08,4,2026-09-12
5571,Bengaluru,Paid Social,2026-05,5,2026-06-22
5572,Bengaluru,Influencer,2026-09,1,2026-09-01
5573,Chennai,Paid Social,2026-01,3,2026-01-30
5574,Hyderabad,Paid Social,2026-06,9,2026-09-05
5575,Mumbai,Referral,2025-06,13,2025-10-23
5576,Pune,Organic,2025-04,24,2025-12-28
5577,Mumbai,Paid Social,2026-04,0,
5578,Bengaluru,Organic,2026-06,2,2026-06-15
5579,Delhi NCR,Paid Social,2026-04,14,2026-06-28
5580,Delhi NCR,Paid Social,2026-06,3,2026-06-21
5581,Mumbai,Paid Social,2026-02,19,2026-08-10
5582,Mumbai,Paid Social,2026-02,6,2026-05-27
5583,Bengaluru,Organic,2026-06,4,2026-06-23
5584,Hyderabad,Organic,2026-05,6,2026-05-29
5585,Delhi NCR,Influencer,2026-01,2,2026-01-30
5586,Hyderabad,Paid Social,2026-08,5,2026-09-14
5587,Hyderabad,App Store Search,2026-06,4,2026-06-26
5588,Bengaluru,Referral,2026-08,6,2026-09-03
5589,Bengaluru,Referral,2026-09,2,2026-09-13
5590,Hyderabad,Paid Social,2025-07,6,2025-08-16
5591,Delhi NCR,App Store Search,2025-05,4,2025-05-28
5592,Delhi NCR,Referral,2025-12,3,2026-01-26
5593,Bengaluru,App Store Search,2026-07,9,2026-09-14
5594,Mumbai,Paid Social,2026-03,3,2026-03-29
5595,Mumbai,Paid Social,2026-08,2,2026-08-31
5596,Mumbai,Referral,2025-12,2,2025-12-16
5597,Pune,Organic,2025-09,5,2025-09-24
5598,Bengaluru,Paid Social,2025-09,5,2025-09-26
5599,Pune,Organic,2026-04,4,2026-04-15
5600,Delhi NCR,Paid Social,2026-07,7,2026-07-19
5601,Bengaluru,Organic,2026-06,9,2026-09-13
5602,Pune,Influencer,2026-07,8,2026-09-10
5603,Bengaluru,App Store Search,2025-08,1,2025-08-19
5604,Mumbai,Paid Social,2026-01,1,2026-01-28
5606,Delhi NCR,Partnerships,2026-03,2,2026-03-26
5607,Delhi NCR,Referral,2025-07,6,2025-08-24
5608,Bengaluru,Referral,2025-12,2,2025-12-22
5609,Bengaluru,Referral,2025-06,10,2025-09-28
5610,Bengaluru,Organic,2026-03,5,2026-04-17
5611,Delhi NCR,Organic,2026-08,1,2026-08-07
5612,Pune,Paid Social,2025-09,8,2025-11-26
5613,Mumbai,Organic,2025-10,4,2025-10-26
5614,Pune,Partnerships,2026-07,9,2026-09-12
5615,Hyderabad,Organic,2026-03,3,2026-05-14
5616,Bengaluru,App Store Search,2026-03,9,2026-04-22
5617,Bengaluru,Paid Social,2025-10,6,2025-11-10
5618,Hyderabad,Referral,2026-03,12,2026-07-24
5619,Mumbai,Paid Social,2026-01,2,2026-01-26
5620,Pune,Paid Social,2026-06,2,2026-06-24
5621,Bengaluru,Organic,2025-09,8,2025-12-09
5622,Bengaluru,Referral,2025-09,2,2025-09-24
5623,Pune,Referral,2026-06,2,2026-06-28
5624,Chennai,Organic,2026-09,1,2026-09-01
5625,Bengaluru,Influencer,2025-09,2,2025-09-27
5626,Bengaluru,Paid Social,2026-01,5,2026-01-23
5627,Delhi NCR,App Store Search,2026-04,7,2026-06-20
5628,Delhi NCR,Organic,2026-07,8,2026-09-05
5629,Pune,Organic,2026-04,7,2026-05-25
5630,Chennai,App Store Search,2026-09,1,2026-09-05
5631,Hyderabad,Organic,2026-03,5,2026-04-24
5632,Bengaluru,App Store Search,2026-08,5,2026-09-13
5633,Chennai,Referral,2026-08,6,2026-09-11
5634,Bengaluru,Paid Social,2025-09,3,2025-09-30
5635,Pune,Influencer,2025-10,4,2025-10-25
5636,Delhi NCR,Influencer,2025-12,6,2026-02-26
5637,Delhi NCR,Paid Social,2026-06,8,2026-08-30
5638,Mumbai,Paid Social,2025-05,6,2025-06-23
5639,Pune,Influencer,2026-09,3,2026-09-08
5640,Bengaluru,Organic,2026-09,1,2026-09-15
5641,Bengaluru,Influencer,2026-06,9,2026-08-28
5642,Hyderabad,Organic,2026-07,5,2026-07-29
5643,Bengaluru,Referral,2025-07,3,2025-07-31
5644,Mumbai,Paid Social,2025-08,2,2025-08-25
5645,Delhi NCR,Paid Social,2026-06,2,2026-06-18
5646,Bengaluru,Referral,2026-05,6,2026-05-23
5647,Bengaluru,Influencer,2025-05,3,2025-06-06
5648,Pune,Paid Social,2025-10,1,2025-10-30
5649,Delhi NCR,Organic,2025-09,4,2025-10-30
5650,Chennai,Organic,2026-05,4,2026-05-27
5651,Pune,Referral,2026-03,12,2026-06-08
5652,Bengaluru,Organic,2025-07,11,2025-10-01
5653,Chennai,App Store Search,2026-06,6,2026-08-14
5654,Bengaluru,Paid Social,2026-06,6,2026-07-27
5655,Delhi NCR,Referral,2026-01,1,2026-01-08
5656,Bengaluru,App Store Search,2025-06,13,2025-10-31
5657,Bengaluru,Influencer,2025-05,6,2025-06-22
5658,Bengaluru,App Store Search,2026-04,8,2026-05-16
5659,Pune,Paid Social,2025-06,2,2025-06-21
5660,Mumbai,App Store Search,2026-01,7,2026-03-31
5661,Chennai,Organic,2026-01,1,2026-01-24
5662,Delhi NCR,App Store Search,2026-02,4,2026-02-23
5664,Chennai,App Store Search,2025-12,5,2026-02-25
5665,Mumbai,Paid Social,2025-05,11,2025-09-06
5666,Bengaluru,Organic,2026-06,13,2026-08-25
5667,Mumbai,App Store Search,2025-10,7,2025-11-19
5668,Hyderabad,Paid Social,2026-03,13,2026-07-21
5669,Chennai,App Store Search,2026-01,4,2026-02-26
5670,Delhi NCR,Organic,2026-08,1,2026-08-26
5671,Bengaluru,Organic,2025-12,4,2025-12-28
5672,Bengaluru,Organic,2026-09,1,2026-09-04
5673,Bengaluru,Paid Social,2025-12,6,2026-02-04
5674,Mumbai,App Store Search,2025-07,4,2025-07-28
5675,Pune,App Store Search,2025-10,9,2025-12-23
5676,Mumbai,Influencer,2026-02,3,2026-02-28
5677,Hyderabad,Paid Social,2026-03,5,2026-04-25
5678,Bengaluru,Referral,2026-03,1,2026-03-30
5679,Bengaluru,Referral,2026-08,3,2026-08-12
5680,Bengaluru,App Store Search,2026-08,4,2026-09-06
5681,Bengaluru,App Store Search,2026-03,12,2026-06-07
5682,Chennai,Referral,2026-03,3,2026-03-20
5683,Hyderabad,Organic,2026-09,2,2026-09-10
5684,Mumbai,Organic,2026-08,4,2026-09-08
5685,Mumbai,Paid Social,2026-04,2,2026-04-18
5686,Delhi NCR,App Store Search,2025-07,15,2025-10-29
5687,Bengaluru,Paid Social,2026-07,8,2026-09-03
5688,Bengaluru,App Store Search,2026-09,0,
5689,Mumbai,Referral,2025-11,5,2025-12-24
5690,Chennai,Influencer,2026-03,8,2026-04-28
5691,Bengaluru,Paid Social,2026-06,3,2026-06-18
5692,Bengaluru,Organic,2026-08,3,2026-08-19
5693,Hyderabad,Organic,2025-10,3,2025-10-28
5694,Hyderabad,Organic,2026-06,7,2026-07-31
5695,Delhi NCR,App Store Search,2025-10,1,2025-10-08
5696,Bengaluru,Organic,2026-03,3,2026-03-20
5697,Delhi NCR,App Store Search,2026-08,5,2026-09-15
5698,Mumbai,Organic,2025-11,3,2025-11-27
5699,Hyderabad,Referral,2025-10,4,2025-10-31
5700,Mumbai,Paid Social,2026-09,2,2026-09-13
5701,Mumbai,Partnerships,2026-08,2,2026-08-31
5702,Delhi NCR,Referral,2026-07,9,2026-09-10
5703,Mumbai,Referral,2025-07,14,2025-10-23
5704,Delhi NCR,Organic,2025-08,7,2025-10-30
5705,Delhi NCR,Referral,2025-09,17,2026-02-28
5706,Delhi NCR,Organic,2026-01,7,2026-03-22
5707,Mumbai,Referral,2026-01,5,2026-02-26
5708,Pune,Organic,2026-07,1,2026-07-14
5709,Delhi NCR,App Store Search,2025-12,3,2025-12-31
5710,Bengaluru,Paid Social,2026-04,4,2026-05-25
5711,Bengaluru,Organic,2026-09,2,2026-09-10
5712,Bengaluru,Paid Social,2026-05,1,2026-05-16
5713,Bengaluru,Organic,2025-12,6,2026-03-02
5714,Hyderabad,Organic,2026-05,2,2026-05-30
5715,Mumbai,Influencer,2026-08,2,2026-08-18
5716,Bengaluru,Organic,2026-05,6,2026-06-29
5717,Bengaluru,Influencer,2026-08,1,2026-08-04
5718,Bengaluru,Referral,2026-08,3,2026-08-15
5719,Pune,Paid Social,2026-07,5,2026-07-23
5720,Hyderabad,Paid Social,2025-12,2,2025-12-21
5721,Bengaluru,Organic,2026-07,4,2026-07-30
5722,Mumbai,Paid Social,2026-07,2,2026-07-23
5723,Bengaluru,Referral,2025-11,4,2025-12-27
5724,Bengaluru,Paid Social,2026-02,6,2026-03-14
5725,Hyderabad,Organic,2026-07,1,2026-07-02
5726,Hyderabad,App Store Search,2026-08,9,2026-09-12
5727,Mumbai,Referral,2025-07,4,2025-07-31
5728,Mumbai,Organic,2025-12,21,2026-06-30
5729,Bengaluru,Organic,2026-04,2,2026-04-26
5730,Delhi NCR,Paid Social,2026-07,4,2026-08-30
5731,Bengaluru,Paid Social,2025-09,6,2025-09-17
5732,Pune,App Store Search,2026-05,3,2026-05-31
5733,Chennai,Referral,2026-02,3,2026-02-22
5734,Mumbai,Paid Social,2026-03,15,2026-07-23
5735,Mumbai,Referral,2026-05,6,2026-08-23
5736,Bengaluru,Paid Social,2025-08,4,2025-08-21
5737,Delhi NCR,Organic,2026-04,13,2026-08-20
5738,Bengaluru,App Store Search,2026-07,9,2026-09-12
5739,Bengaluru,Paid Social,2026-03,4,2026-03-30
5740,Delhi NCR,Referral,2025-08,2,2025-08-26
5741,Hyderabad,Paid Social,2026-03,8,2026-05-17
5742,Bengaluru,Influencer,2025-07,3,2025-07-11
5743,Chennai,Influencer,2025-10,7,2026-02-28
5744,Bengaluru,Referral,2026-04,16,2026-08-21
5745,Mumbai,Referral,2026-03,7,2026-03-28
5746,Bengaluru,Organic,2026-09,0,
5747,Bengaluru,Paid Social,2026-08,3,2026-08-25
5748,Mumbai,Organic,2025-12,17,2026-03-02
5749,Bengaluru,Paid Social,2026-01,3,2026-01-26
5750,Mumbai,Influencer,2026-08,11,2026-09-08
5751,Bengaluru,App Store Search,2026-09,2,2026-09-06
5752,Hyderabad,Organic,2026-06,7,2026-08-20
5753,Bengaluru,Paid Social,2026-08,2,2026-08-18
5754,Hyderabad,Organic,2026-06,12,2026-09-15
5755,Mumbai,Organic,2026-09,3,2026-09-10
5756,Delhi NCR,Organic,2026-09,2,2026-09-08
5757,Bengaluru,App Store Search,2026-04,13,2026-06-22
5758,Mumbai,Organic,2025-07,4,2025-08-19
5760,Pune,App Store Search,2025-05,16,2025-10-27
5761,Hyderabad,Referral,2026-05,7,2026-06-17
5762,Bengaluru,Paid Social,2026-04,3,2026-04-28
5763,Bengaluru,Organic,2026-04,2,2026-04-28
5764,Bengaluru,Paid Social,2026-05,3,2026-05-22
5765,Bengaluru,Organic,2025-04,15,2025-07-26
5766,Mumbai,Organic,2026-04,13,2026-09-10
5767,Delhi NCR,Referral,2026-09,0,
5768,Mumbai,App Store Search,2026-05,5,2026-06-28
5769,Hyderabad,Organic,2025-09,3,2025-09-14
5770,Bengaluru,Organic,2026-06,15,2026-09-14
5771,Hyderabad,Referral,2025-08,25,2026-02-17
5772,Bengaluru,Paid Social,2026-03,3,2026-04-10
5773,Pune,Paid Social,2026-03,6,2026-04-25
5774,Delhi NCR,App Store Search,2026-08,6,2026-09-06
5775,Delhi NCR,Influencer,2026-03,1,2026-03-15
5776,Mumbai,App Store Search,2026-08,6,2026-09-02
5777,Bengaluru,App Store Search,2025-06,4,2025-06-22
5778,Delhi NCR,Partnerships,2026-04,16,2026-07-30
5779,Mumbai,Paid Social,2026-01,7,2026-02-18
5780,Bengaluru,Influencer,2026-04,5,2026-05-17
5781,Bengaluru,App Store Search,2026-07,1,2026-07-23
5782,Bengaluru,App Store Search,2026-07,5,2026-09-11
5783,Mumbai,Organic,2025-11,4,2025-11-20
5784,Delhi NCR,Paid Social,2025-11,2,2025-11-18
5785,Hyderabad,App Store Search,2026-06,1,2026-06-01
5786,Chennai,Organic,2025-10,9,2026-01-21
5787,Delhi NCR,Organic,2026-02,5,2026-03-26
5788,Pune,Paid Social,2025-06,11,2025-09-09
5789,Delhi NCR,Paid Social,2026-05,11,2026-07-23
5790,Bengaluru,Influencer,2026-08,2,2026-08-19
5791,Mumbai,Referral,2025-05,7,2025-07-10
5792,Bengaluru,Organic,2025-10,8,2026-01-30
5793,Bengaluru,Organic,2025-12,9,2026-02-11
5794,Pune,Paid Social,2026-03,4,2026-04-30
5795,Bengaluru,Organic,2026-08,2,2026-08-26
5796,Bengaluru,Referral,2026-05,5,2026-06-25
5797,Pune,Paid Social,2026-02,7,2026-03-15
5798,Bengaluru,Paid Social,2026-04,5,2026-04-14
5799,Bengaluru,Influencer,2025-05,7,2025-06-27
5800,Bengaluru,Influencer,2025-11,4,2025-11-26
5801,Delhi NCR,Referral,2026-04,2,2026-04-12
5802,Bengaluru,Organic,2026-07,2,2026-07-30
5803,Chennai,Referral,2026-02,10,2026-05-21
5804,Mumbai,Paid Social,2025-09,3,2025-09-23
5805,Pune,Partnerships,2025-10,4,2025-10-27
5806,Bengaluru,Referral,2026-05,7,2026-06-25
5807,Mumbai,App Store Search,2026-05,2,2026-05-16
5808,Delhi NCR,Referral,2026-04,7,2026-05-26
5809,Mumbai,Organic,2025-07,2,2025-07-28
5810,Delhi NCR,Organic,2026-08,6,2026-08-27
5811,Mumbai,Paid Social,2025-11,15,2025-12-25
5812,Pune,Referral,2026-06,9,2026-08-30
5813,Pune,Paid Social,2025-07,7,2025-07-31
5814,Bengaluru,App Store Search,2026-08,2,2026-08-30
5815,Bengaluru,Paid Social,2025-11,2,2025-11-28
5816,Chennai,Paid Social,2026-01,5,2026-03-05
5817,Mumbai,Referral,2026-05,10,2026-07-13
5818,Bengaluru,Organic,2026-07,2,2026-07-22
5819,Pune,Referral,2025-10,8,2025-11-28
5820,Mumbai,Organic,2026-05,7,2026-07-26
5821,Delhi NCR,Paid Social,2025-04,2,2025-04-08
5822,Pune,Paid Social,2026-03,3,2026-03-21
5823,Delhi NCR,App Store Search,2026-02,6,2026-03-28
5824,Mumbai,App Store Search,2026-08,2,2026-08-17
5825,Mumbai,Referral,2026-01,12,2026-05-31
5826,Pune,Organic,2025-10,10,2025-12-28
5827,Bengaluru,Referral,2026-06,4,2026-06-15
5828,Bengaluru,App Store Search,2026-04,1,2026-04-18
5829,Hyderabad,Paid Social,2025-12,1,2025-12-08
5830,Mumbai,Organic,2026-05,5,2026-06-22
5831,Bengaluru,Paid Social,2026-07,2,2026-07-27
5832,Bengaluru,Organic,2026-01,11,2026-04-12
5833,Mumbai,Organic,2026-02,4,2026-02-14
5834,Bengaluru,Influencer,2026-08,3,2026-09-06
5835,Bengaluru,Organic,2026-05,4,2026-06-18
5836,Pune,Referral,2026-08,4,2026-08-24
5837,Delhi NCR,Organic,2026-01,14,2026-04-30
5838,Mumbai,Referral,2025-09,4,2025-10-23
5839,Mumbai,Referral,2025-10,3,2025-10-27
5840,Pune,Paid Social,2026-04,3,2026-04-25
5841,Pune,Referral,2025-05,14,2025-08-31
5842,Mumbai,Partnerships,2025-10,10,2026-01-24
5843,Mumbai,Organic,2026-01,15,2026-04-30
5844,Chennai,Organic,2026-08,6,2026-09-13
5845,Delhi NCR,Referral,2025-09,0,
5846,Mumbai,Paid Social,2025-08,5,2025-09-11
5847,Hyderabad,Organic,2026-02,7,2026-04-23
5848,Hyderabad,Paid Social,2025-11,8,2026-01-29
5849,Mumbai,Organic,2025-11,24,2026-05-30
5850,Bengaluru,Paid Social,2025-07,2,2025-07-27
5851,Pune,Referral,2025-09,5,2025-10-18
5852,Mumbai,Paid Social,2025-06,3,2025-06-25
5853,Bengaluru,Paid Social,2026-04,2,2026-04-16
5854,Delhi NCR,Organic,2026-08,2,2026-09-09
5855,Hyderabad,Organic,2025-12,1,2025-12-21
5856,Bengaluru,Referral,2026-07,10,2026-08-30
5857,Chennai,Paid Social,2026-07,2,2026-07-16
5858,Hyderabad,App Store Search,2026-09,2,2026-09-01
5859,Mumbai,Organic,2026-07,7,2026-09-12
5860,Hyderabad,Referral,2026-09,2,2026-09-13
5861,Bengaluru,Partnerships,2025-09,10,2025-11-08
5862,Hyderabad,Influencer,2026-07,8,2026-09-05
5863,Mumbai,Organic,2026-08,7,2026-09-07
5864,Bengaluru,Paid Social,2026-03,4,2026-03-30
5865,Mumbai,Organic,2026-07,7,2026-08-29
5866,Delhi NCR,App Store Search,2025-08,6,2025-10-23
5867,Bengaluru,Referral,2026-06,9,2026-09-04
5868,Mumbai,Organic,2025-11,2,2025-11-21
5869,Mumbai,Organic,2025-10,1,2025-10-03
5870,Delhi NCR,Organic,2025-10,15,2026-02-14
5871,Mumbai,Paid Social,2026-03,7,2026-05-20
5872,Delhi NCR,Paid Social,2026-04,3,2026-04-29
5873,Mumbai,Referral,2025-11,13,2026-01-30
5874,Bengaluru,Referral,2026-07,7,2026-08-26
5875,Delhi NCR,Influencer,2026-03,7,2026-04-25
5876,Mumbai,Influencer,2026-02,4,2026-02-28
5877,Delhi NCR,Organic,2026-02,8,2026-03-28
5878,Bengaluru,Organic,2026-07,3,2026-08-21
5879,Bengaluru,Partnerships,2025-05,2,2025-05-26
5880,Mumbai,Influencer,2026-03,2,2026-03-27
5881,Mumbai,Referral,2026-07,6,2026-09-10
5882,Mumbai,Partnerships,2026-07,2,2026-07-24
5883,Bengaluru,App Store Search,2025-05,3,2025-05-28
5884,Mumbai,Organic,2026-04,6,2026-04-26
5885,Pune,Partnerships,2026-06,6,2026-09-14
5886,Mumbai,Paid Social,2026-09,0,
5887,Delhi NCR,Paid Social,2026-05,3,2026-05-29
5888,Delhi NCR,Paid Social,2025-11,12,2026-03-26
5889,Delhi NCR,Referral,2025-06,25,2026-03-24
5890,Bengaluru,Referral,2025-11,7,2025-12-30
5891,Bengaluru,Partnerships,2026-09,1,2026-09-03
5892,Mumbai,Organic,2026-02,6,2026-03-20
5893,Pune,Influencer,2025-09,2,2025-09-20
5894,Chennai,Referral,2026-01,7,2026-03-25
5895,Mumbai,Organic,2026-04,3,2026-04-24
5896,Delhi NCR,Influencer,2025-09,3,2025-09-14
5897,Mumbai,Influencer,2026-05,5,2026-05-30
5899,Mumbai,Influencer,2026-01,3,2026-01-29
5900,Bengaluru,App Store Search,2026-02,11,2026-05-21
5901,Mumbai,Organic,2026-08,3,2026-09-01
5902,Bengaluru,Paid Social,2026-05,3,2026-05-17
5903,Hyderabad,Organic,2026-03,4,2026-03-23
5904,Bengaluru,Referral,2026-01,2,2026-01-09
5905,Bengaluru,Influencer,2026-04,2,2026-04-19
5906,Mumbai,Organic,2026-05,3,2026-05-29
5907,Pune,Paid Social,2025-11,7,2026-01-08
5908,Bengaluru,Paid Social,2025-07,5,2025-07-31
5909,Bengaluru,Organic,2026-08,4,2026-09-04
5910,Chennai,Organic,2026-05,6,2026-06-26
5911,Mumbai,App Store Search,2025-10,4,2025-10-15
5912,Bengaluru,Organic,2026-08,4,2026-09-03
5913,Bengaluru,Referral,2025-09,5,2025-09-27
5914,Mumbai,Paid Social,2026-08,5,2026-09-14
5915,Bengaluru,Paid Social,2026-06,3,2026-06-30
5916,Pune,App Store Search,2026-02,5,2026-02-27
5917,Bengaluru,Organic,2026-09,3,2026-09-13
5918,Pune,App Store Search,2025-10,6,2025-11-29
5919,Hyderabad,Paid Social,2026-08,4,2026-09-03
5920,Mumbai,Paid Social,2026-07,8,2026-09-15
5921,Delhi NCR,Paid Social,2025-11,4,2025-11-30
5922,Mumbai,Organic,2026-05,3,2026-05-28
5923,Mumbai,Paid Social,2026-07,5,2026-09-12
5924,Hyderabad,Paid Social,2025-12,5,2025-12-26
5925,Mumbai,Referral,2026-02,14,2026-05-09
5926,Bengaluru,Organic,2026-03,5,2026-05-15
5927,Delhi NCR,Organic,2026-07,6,2026-08-23
5928,Mumbai,Referral,2026-03,5,2026-05-28
5929,Bengaluru,App Store Search,2026-02,3,2026-02-28
5930,Mumbai,Paid Social,2026-06,12,2026-08-30
5931,Hyderabad,Organic,2025-10,14,2026-01-27
5932,Mumbai,Referral,2026-03,7,2026-04-25
5933,Bengaluru,App Store Search,2025-11,7,2026-01-26
5934,Bengaluru,Referral,2026-06,3,2026-06-26
5935,Bengaluru,App Store Search,2026-06,4,2026-06-27
5936,Pune,Paid Social,2025-05,1,2025-05-11
5937,Hyderabad,Organic,2026-05,6,2026-07-17
5938,Bengaluru,App Store Search,2026-05,4,2026-05-25
5939,Hyderabad,Paid Social,2026-08,4,2026-08-25
5940,Delhi NCR,Organic,2025-08,3,2025-08-27
5941,Bengaluru,Organic,2026-08,3,2026-08-31
5942,Mumbai,Paid Social,2026-02,2,2026-02-19
5943,Mumbai,Paid Social,2025-04,19,2025-10-30
5944,Mumbai,Referral,2026-07,3,2026-07-16
5945,Pune,Organic,2026-01,28,2026-06-30
5946,Mumbai,Organic,2026-09,2,2026-09-14
5947,Bengaluru,Influencer,2026-08,1,2026-08-21
5948,Bengaluru,Paid Social,2026-06,2,2026-06-27
5949,Mumbai,Partnerships,2026-03,2,2026-03-23
5950,Bengaluru,Organic,2026-06,3,2026-06-28
5951,Delhi NCR,App Store Search,2026-05,0,
5952,Hyderabad,App Store Search,2026-07,5,2026-08-19
5953,Bengaluru,Paid Social,2026-09,2,2026-09-08
5954,Mumbai,Paid Social,2026-03,3,2026-04-01
5955,Delhi NCR,Organic,2026-01,2,2026-01-31
5956,Hyderabad,Paid Social,2026-08,3,2026-08-22
5957,Chennai,Paid Social,2026-04,13,2026-07-20
5958,Hyderabad,App Store Search,2026-06,9,2026-08-27
5959,Mumbai,Organic,2026-02,3,2026-03-18
5960,Chennai,Paid Social,2026-02,12,2026-05-30
5961,Bengaluru,Paid Social,2026-05,3,2026-05-18
5962,Pune,Organic,2026-03,5,2026-04-28
5963,Bengaluru,Referral,2025-10,15,2025-12-27
5964,Pune,Paid Social,2026-01,3,2026-01-16
5965,Bengaluru,Partnerships,2026-08,3,2026-08-19
5966,Pune,Paid Social,2025-08,2,2025-08-20
5967,Chennai,Referral,2026-02,4,2026-03-18
5968,Hyderabad,Referral,2026-07,7,2026-09-11
5969,Mumbai,Paid Social,2026-08,1,2026-08-31
5970,Hyderabad,App Store Search,2026-03,4,2026-03-21
5971,Hyderabad,Paid Social,2026-05,9,2026-07-25
5972,Bengaluru,Referral,2026-07,3,2026-07-27
5973,Bengaluru,Influencer,2026-08,8,2026-08-27
5974,Hyderabad,Partnerships,2026-05,15,2026-09-13
5975,Hyderabad,Partnerships,2025-10,8,2025-11-26
5976,Mumbai,App Store Search,2026-08,4,2026-08-28
5977,Delhi NCR,Organic,2025-12,20,2026-06-01
5978,Bengaluru,App Store Search,2026-05,2,2026-05-25
5979,Bengaluru,Referral,2025-10,5,2025-10-30
5980,Bengaluru,Organic,2025-09,4,2025-09-24
5981,Delhi NCR,App Store Search,2026-04,6,2026-04-28
5982,Bengaluru,App Store Search,2025-09,3,2025-09-30
5983,Chennai,App Store Search,2026-04,4,2026-04-29
5984,Pune,Paid Social,2026-08,4,2026-08-27
5985,Bengaluru,App Store Search,2025-08,3,2025-08-28
5986,Hyderabad,Organic,2026-04,2,2026-04-22
5987,Bengaluru,Influencer,2026-04,4,2026-05-29
5988,Mumbai,Paid Social,2026-05,3,2026-05-31
5989,Hyderabad,Organic,2026-07,7,2026-09-12
5990,Delhi NCR,Influencer,2026-07,3,2026-07-29
5991,Delhi NCR,Paid Social,2025-10,10,2025-12-22
5992,Delhi NCR,Partnerships,2025-11,6,2025-12-31
5993,Bengaluru,Paid Social,2026-08,1,2026-08-18
5994,Bengaluru,Referral,2026-04,2,2026-04-23
5995,Hyderabad,Organic,2026-05,6,2026-07-19
5996,Hyderabad,Organic,2026-05,5,2026-05-23
5997,Hyderabad,Organic,2025-11,16,2026-03-12
5998,Mumbai,Paid Social,2026-05,2,2026-05-31
5999,Hyderabad,Partnerships,2026-01,28,2026-08-26
6000,Bengaluru,Organic,2025-08,2,2025-08-24
6001,Bengaluru,App Store Search,2026-02,16,2026-05-21
6002,Pune,Organic,2026-06,10,2026-09-15
6003,Hyderabad,App Store Search,2026-03,10,2026-07-29
6004,Delhi NCR,Paid Social,2025-10,3,2025-10-30
6005,Hyderabad,Referral,2026-01,16,2026-04-22
6006,Chennai,Paid Social,2026-04,6,2026-06-26
6007,Mumbai,Paid Social,2026-07,6,2026-09-09
6008,Mumbai,Partnerships,2025-11,2,2025-11-14
6009,Hyderabad,Partnerships,2026-05,2,2026-05-16
6010,Delhi NCR,Organic,2026-09,2,2026-09-07
6011,Bengaluru,Paid Social,2026-08,4,2026-08-30
6012,Mumbai,Referral,2026-06,11,2026-09-05
6013,Mumbai,Paid Social,2026-02,3,2026-02-13
6014,Bengaluru,Paid Social,2025-11,2,2025-11-03
6015,Pune,Paid Social,2026-02,12,2026-05-16
6016,Delhi NCR,Paid Social,2025-09,15,2026-01-16
6017,Bengaluru,Organic,2026-05,2,2026-05-16
6018,Mumbai,App Store Search,2026-04,9,2026-07-27
6019,Delhi NCR,Referral,2026-08,4,2026-09-10
6020,Mumbai,Organic,2025-11,2,2025-11-27
6021,Bengaluru,Paid Social,2025-09,2,2025-09-18
6022,Delhi NCR,Paid Social,2026-06,6,2026-07-30
6023,Mumbai,Paid Social,2025-10,8,2025-11-24
6024,Mumbai,Organic,2025-12,2,2026-01-29
6025,Chennai,Paid Social,2026-05,3,2026-05-22
6026,Bengaluru,Paid Social,2025-10,5,2025-10-28
6027,Chennai,Paid Social,2026-01,3,2026-01-29
6028,Chennai,Paid Social,2026-05,6,2026-05-31
6029,Delhi NCR,Partnerships,2026-03,1,2026-03-14
6030,Bengaluru,Organic,2026-07,4,2026-08-29
6031,Pune,App Store Search,2026-07,7,2026-08-27
6032,Hyderabad,Organic,2026-06,7,2026-07-23
6033,Bengaluru,Paid Social,2026-01,6,2026-01-30
6034,Bengaluru,Referral,2026-06,6,2026-08-21
6035,Chennai,App Store Search,2026-04,17,2026-08-29
6036,Pune,App Store Search,2026-09,1,2026-09-02
6037,Bengaluru,Partnerships,2025-05,1,2025-05-22
6038,Delhi NCR,App Store Search,2026-07,8,2026-08-25
6040,Hyderabad,Organic,2026-03,4,2026-03-31
6041,Bengaluru,App Store Search,2026-02,4,2026-02-25
6042,Pune,Paid Social,2026-02,3,2026-02-25
6043,Mumbai,Referral,2026-07,4,2026-07-27
6044,Bengaluru,Paid Social,2026-01,1,2026-01-26
6045,Mumbai,Influencer,2026-07,5,2026-09-07
6046,Bengaluru,Paid Social,2025-11,10,2025-12-27
6047,Bengaluru,Organic,2026-02,7,2026-03-30
6048,Bengaluru,Organic,2026-07,3,2026-08-22
6049,Pune,Paid Social,2025-12,4,2026-01-13
6050,Bengaluru,Paid Social,2025-05,1,2025-05-21
6051,Pune,Organic,2026-08,2,2026-09-13
6052,Bengaluru,App Store Search,2025-09,3,2025-09-25
6053,Bengaluru,Influencer,2025-11,3,2025-11-15
6054,Hyderabad,Organic,2026-06,4,2026-06-21
6055,Mumbai,Referral,2025-11,3,2025-11-29
6056,Pune,Influencer,2025-09,7,2025-11-29
6057,Mumbai,Organic,2026-07,6,2026-07-30
6058,Mumbai,Referral,2025-05,11,2025-07-29
6059,Bengaluru,App Store Search,2026-01,1,2026-01-27
6060,Pune,Referral,2026-05,2,2026-05-29
6061,Delhi NCR,Paid Social,2026-05,3,2026-05-23
6062,Bengaluru,Organic,2026-02,3,2026-02-26
6063,Mumbai,Organic,2026-03,5,2026-03-27
6064,Pune,Paid Social,2026-06,9,2026-07-30
6065,Hyderabad,Organic,2026-01,5,2026-02-20
6066,Bengaluru,Organic,2026-04,10,2026-07-27
6067,Hyderabad,Paid Social,2026-02,2,2026-02-24
6068,Mumbai,App Store Search,2025-12,2,2025-12-21
6069,Delhi NCR,Referral,2026-06,4,2026-06-08
6070,Mumbai,Referral,2026-02,6,2026-03-21
6071,Mumbai,Organic,2026-02,18,2026-09-01
6072,Delhi NCR,Partnerships,2025-07,2,2025-07-16
6073,Bengaluru,Organic,2026-01,5,2026-02-20
6074,Bengaluru,Referral,2025-12,9,2026-03-14
6075,Bengaluru,Organic,2025-11,12,2026-01-31
6076,Bengaluru,Paid Social,2026-08,4,2026-09-08
6077,Pune,Paid Social,2026-03,3,2026-03-14
6078,Pune,App Store Search,2025-05,1,2025-05-10
6079,Mumbai,Influencer,2026-01,12,2026-03-07
6080,Bengaluru,Influencer,2026-09,0,
6081,Bengaluru,App Store Search,2026-01,4,2026-02-19
6082,Bengaluru,Organic,2026-06,4,2026-07-19
6083,Bengaluru,App Store Search,2026-03,9,2026-05-25
6084,Delhi NCR,Organic,2026-05,3,2026-05-12
6085,Mumbai,Organic,2025-11,16,2026-05-26
6086,Bengaluru,Organic,2026-04,8,2026-06-26
6087,Bengaluru,Organic,2026-06,9,2026-08-04
6088,Chennai,Organic,2026-04,2,2026-04-24
6089,Hyderabad,App Store Search,2026-05,4,2026-05-28
6090,Mumbai,Referral,2026-01,5,2026-02-24
6091,Mumbai,Organic,2026-04,4,2026-04-24
6092,Bengaluru,App Store Search,2025-07,4,2025-07-28
6093,Mumbai,Organic,2026-09,2,2026-09-09
6094,Mumbai,Referral,2025-12,4,2025-12-30
6095,Pune,Paid Social,2026-03,8,2026-05-24
6096,Pune,Referral,2025-10,4,2025-10-26
6097,Delhi NCR,Referral,2025-11,5,2025-11-30
6098,Delhi NCR,Paid Social,2025-08,13,2025-12-30
6099,Mumbai,Paid Social,2026-07,10,2026-08-21
6100,Mumbai,Organic,2025-12,2,2025-12-18
6101,Bengaluru,Organic,2025-11,2,2025-12-18
6102,Bengaluru,Referral,2026-04,10,2026-05-20
6103,Bengaluru,Organic,2026-04,3,2026-04-25
6104,Mumbai,Paid Social,2026-09,1,2026-09-08
6106,Bengaluru,Paid Social,2026-09,2,2026-09-14
6107,Bengaluru,Referral,2026-04,6,2026-04-29
6108,Mumbai,Influencer,2026-08,4,2026-09-15
6109,Bengaluru,Paid Social,2025-07,5,2025-08-20
6110,Delhi NCR,Organic,2026-04,9,2026-06-30
6111,Chennai,App Store Search,2026-03,3,2026-03-23
6112,Pune,Organic,2025-08,10,2025-12-12
6113,Bengaluru,Paid Social,2026-08,2,2026-08-25
6114,Pune,Paid Social,2026-03,1,2026-03-10
6115,Hyderabad,App Store Search,2026-03,6,2026-05-21
6116,Mumbai,Organic,2025-08,1,2025-08-02
6117,Bengaluru,Paid Social,2026-06,7,2026-07-22
6118,Mumbai,Referral,2025-08,2,2025-08-31
6119,Pune,Partnerships,2026-05,10,2026-08-13
6120,Bengaluru,Paid Social,2025-05,1,2025-05-21
6121,Bengaluru,App Store Search,2026-05,4,2026-05-27
6122,Bengaluru,Organic,2026-08,6,2026-08-29
6123,Delhi NCR,Referral,2026-01,21,2026-07-30
6124,Bengaluru,Influencer,2026-08,1,2026-08-02
6125,Mumbai,Referral,2026-03,8,2026-05-18
6126,Delhi NCR,Referral,2026-04,4,2026-05-31
6127,Pune,Organic,2026-05,9,2026-07-18
6128,Hyderabad,Organic,2025-12,3,2025-12-22
6129,Chennai,Organic,2026-02,4,2026-02-20
6130,Delhi NCR,Organic,2026-07,6,2026-09-11
6131,Mumbai,Paid Social,2025-07,4,2025-07-21
6132,Mumbai,Influencer,2025-09,1,2025-09-03
6133,Delhi NCR,Influencer,2026-07,3,2026-08-28
6134,Hyderabad,Paid Social,2026-07,3,2026-07-31
6135,Pune,Organic,2026-03,9,2026-05-31
6136,Mumbai,Paid Social,2025-12,3,2025-12-31
6137,Pune,Organic,2026-03,1,2026-03-03
6138,Bengaluru,Paid Social,2026-07,4,2026-07-26
6139,Mumbai,App Store Search,2026-06,10,2026-09-11
6140,Mumbai,Organic,2026-05,11,2026-08-11
6141,Hyderabad,Referral,2026-05,10,2026-09-11
6142,Bengaluru,Paid Social,2026-05,2,2026-05-11
6143,Mumbai,App Store Search,2026-05,2,2026-05-26
6144,Mumbai,Organic,2026-08,3,2026-09-07
6145,Delhi NCR,Organic,2025-09,6,2025-11-29
6146,Hyderabad,Influencer,2025-07,3,2025-07-20
6147,Bengaluru,Organic,2026-06,8,2026-08-30
6148,Delhi NCR,Paid Social,2026-08,2,2026-08-31
6149,Mumbai,Referral,2026-07,2,2026-08-11
6150,Bengaluru,Referral,2026-05,8,2026-08-21
6151,Pune,Paid Social,2025-12,3,2026-01-27
6152,Chennai,Paid Social,2026-06,6,2026-06-27
6153,Chennai,Paid Social,2026-02,9,2026-03-18
6154,Pune,Partnerships,2026-06,3,2026-06-24
6155,Delhi NCR,Paid Social,2025-12,4,2025-12-30
6156,Bengaluru,Organic,2026-08,3,2026-08-15
6157,Mumbai,Organic,2026-02,8,2026-03-29
6158,Bengaluru,Organic,2026-05,2,2026-05-28
6159,Chennai,Organic,2026-08,2,2026-08-15
6160,Hyderabad,Organic,2026-02,2,2026-02-14
6161,Bengaluru,Referral,2026-07,1,2026-07-26
6162,Bengaluru,Referral,2026-06,12,2026-09-11
6163,Pune,App Store Search,2026-04,5,2026-05-15
6164,Delhi NCR,App Store Search,2025-09,17,2026-02-26
6165,Bengaluru,Referral,2026-06,1,2026-06-10
6166,Bengaluru,Referral,2025-09,8,2025-11-21
6167,Pune,Referral,2026-07,4,2026-08-20
6168,Bengaluru,App Store Search,2025-12,5,2026-01-27
6169,Mumbai,Paid Social,2026-06,13,2026-09-15
6170,Bengaluru,Referral,2026-04,10,2026-07-22
6171,Delhi NCR,App Store Search,2025-11,4,2025-12-25
6172,Mumbai,Referral,2026-06,12,2026-09-10
6173,Mumbai,Paid Social,2026-05,4,2026-05-31
6174,Mumbai,Organic,2026-05,3,2026-05-30
6175,Hyderabad,Organic,2026-02,10,2026-05-18
6176,Pune,Partnerships,2025-11,2,2025-11-27
6177,Mumbai,Organic,2025-12,13,2026-05-28
6178,Bengaluru,Organic,2025-08,2,2025-08-03
6179,Bengaluru,Paid Social,2025-12,3,2025-12-30
6180,Bengaluru,Organic,2025-07,2,2025-07-12
6181,Bengaluru,Organic,2025-12,26,2026-08-06
6182,Mumbai,Organic,2026-08,6,2026-09-05
6183,Bengaluru,Paid Social,2026-05,3,2026-06-23
6184,Bengaluru,Referral,2026-07,7,2026-09-05
6185,Chennai,Referral,2026-09,1,2026-09-15
6186,Delhi NCR,Influencer,2026-02,10,2026-05-26
6187,Mumbai,Organic,2025-12,4,2025-12-26
6188,Delhi NCR,App Store Search,2026-03,1,2026-03-08
6189,Bengaluru,Organic,2026-07,1,2026-07-20
6190,Delhi NCR,Paid Social,2026-01,2,2026-01-02
6191,Mumbai,Organic,2025-11,9,2026-01-29
6192,Pune,App Store Search,2025-11,6,2025-11-26
6193,Delhi NCR,Influencer,2025-06,3,2025-07-17
6194,Pune,App Store Search,2026-07,2,2026-07-08
6195,Delhi NCR,Organic,2026-09,3,2026-09-08
6196,Bengaluru,Organic,2026-06,9,2026-07-15
6197,Delhi NCR,Paid Social,2026-01,3,2026-02-28
6198,Hyderabad,Organic,2025-11,5,2026-01-07
6199,Delhi NCR,App Store Search,2026-07,1,2026-07-09
6200,Bengaluru,Referral,2026-08,2,2026-08-18
6201,Pune,Paid Social,2025-07,2,2025-07-23
6202,Mumbai,Organic,2026-04,1,2026-04-09
6203,Mumbai,Paid Social,2026-05,1,2026-05-09
6204,Mumbai,App Store Search,2025-12,10,2026-03-19
6205,Delhi NCR,Influencer,2026-04,18,2026-08-22
6206,Delhi NCR,Referral,2025-12,18,2026-05-23
6207,Chennai,Referral,2025-11,8,2026-01-16
6208,Bengaluru,Referral,2026-07,9,2026-09-12
6209,Hyderabad,Organic,2026-06,7,2026-09-04
6210,Mumbai,Organic,2026-08,3,2026-09-07
6211,Bengaluru,Paid Social,2026-06,8,2026-09-10
6212,Bengaluru,Paid Social,2025-12,3,2025-12-20
6213,Delhi NCR,Paid Social,2026-03,1,2026-03-15
6214,Pune,Referral,2025-12,5,2026-01-19
6215,Mumbai,Paid Social,2026-02,4,2026-02-22
6216,Delhi NCR,Organic,2026-08,3,2026-08-20
6217,Bengaluru,Paid Social,2026-02,3,2026-02-27
6218,Bengaluru,App Store Search,2026-08,1,2026-08-17
6219,Mumbai,Organic,2026-02,1,2026-02-20
6220,Mumbai,Influencer,2026-04,6,2026-04-30
6221,Mumbai,Organic,2025-09,3,2025-10-23
6222,Bengaluru,App Store Search,2026-08,5,2026-08-24
6223,Pune,Organic,2026-07,3,2026-07-14
6224,Delhi NCR,Organic,2026-06,7,2026-06-27
6225,Mumbai,Influencer,2026-05,6,2026-06-08
6226,Bengaluru,Influencer,2026-08,1,2026-08-21
6227,Hyderabad,Organic,2025-07,2,2025-07-03
6228,Delhi NCR,Organic,2025-12,5,2026-01-24
6229,Pune,Paid Social,2025-06,3,2025-06-21
6230,Hyderabad,Influencer,2026-03,5,2026-04-10
6231,Mumbai,Organic,2026-01,8,2026-02-23
6232,Mumbai,App Store Search,2026-01,13,2026-05-31
6233,Hyderabad,Organic,2025-08,7,2025-10-26
6234,Delhi NCR,Organic,2026-03,4,2026-03-30
6235,Bengaluru,Paid Social,2025-11,3,2025-11-22
6236,Bengaluru,Paid Social,2026-06,2,2026-06-29
6237,Mumbai,Organic,2026-03,2,2026-04-17
6238,Hyderabad,App Store Search,2026-06,6,2026-07-31
6239,Mumbai,Organic,2026-02,3,2026-03-20
6240,Mumbai,Paid Social,2026-04,3,2026-04-29
6241,Bengaluru,Organic,2025-12,9,2026-02-24
6242,Bengaluru,Partnerships,2026-04,9,2026-07-28
6243,Bengaluru,Organic,2025-07,5,2025-08-14
6244,Bengaluru,Organic,2026-06,2,2026-06-13
6245,Chennai,Paid Social,2026-08,4,2026-08-29
6246,Hyderabad,Partnerships,2026-05,1,2026-05-06
6247,Bengaluru,Organic,2026-09,3,2026-09-14
6248,Mumbai,Paid Social,2026-08,2,2026-08-14
6249,Bengaluru,Organic,2025-07,15,2025-10-27
6250,Mumbai,Paid Social,2026-02,7,2026-03-29
6251,Pune,App Store Search,2025-05,22,2025-10-26
6252,Delhi NCR,App Store Search,2026-06,2,2026-06-22
6253,Hyderabad,Paid Social,2025-10,17,2026-03-30
6254,Hyderabad,Organic,2026-06,1,2026-06-03
6255,Delhi NCR,Organic,2026-07,3,2026-07-25
6256,Delhi NCR,Paid Social,2026-07,4,2026-08-11
6257,Bengaluru,Referral,2026-04,6,2026-04-28
6258,Mumbai,Paid Social,2026-05,3,2026-06-12
6259,Hyderabad,App Store Search,2026-07,9,2026-09-10
6260,Mumbai,Referral,2025-10,3,2025-12-29
6261,Bengaluru,Organic,2026-03,5,2026-04-25
6262,Mumbai,Paid Social,2026-05,4,2026-05-31
6263,Mumbai,Paid Social,2025-08,6,2025-09-12
6264,Mumbai,Influencer,2026-08,4,2026-09-05
6266,Mumbai,Referral,2026-05,2,2026-05-11
6267,Pune,Paid Social,2026-03,14,2026-05-31
6268,Chennai,App Store Search,2026-02,1,2026-02-03
6269,Delhi NCR,Influencer,2025-09,18,2026-01-30
6270,Pune,Organic,2026-07,7,2026-09-09
6271,Bengaluru,Organic,2026-05,8,2026-07-12
6272,Bengaluru,Organic,2026-02,5,2026-02-27
6273,Delhi NCR,Organic,2026-04,2,2026-04-29
6274,Mumbai,Organic,2025-07,8,2025-09-20
6275,Mumbai,Paid Social,2026-03,18,2026-08-27
6276,Delhi NCR,Referral,2026-01,12,2026-04-30
6277,Mumbai,Paid Social,2026-06,2,2026-06-30
6278,Bengaluru,App Store Search,2026-05,2,2026-05-31
6279,Bengaluru,App Store Search,2026-05,4,2026-05-31
6280,Bengaluru,Paid Social,2026-08,2,2026-08-16
6281,Delhi NCR,Partnerships,2026-08,2,2026-08-24
6282,Delhi NCR,Organic,2026-06,5,2026-07-15
6283,Bengaluru,Paid Social,2026-07,2,2026-07-22
6284,Pune,Organic,2025-06,1,2025-06-24
6285,Bengaluru,Organic,2026-03,5,2026-03-22
6286,Mumbai,App Store Search,2026-09,1,2026-09-15
6287,Pune,Paid Social,2025-09,3,2025-09-16
6288,Delhi NCR,Paid Social,2025-05,8,2025-07-30
6289,Hyderabad,Influencer,2025-10,6,2025-11-29
6290,Bengaluru,Organic,2025-10,1,2025-10-03
6291,Hyderabad,App Store Search,2026-05,2,2026-05-18
6292,Mumbai,Referral,2026-08,4,2026-09-12
6293,Delhi NCR,App Store Search,2026-06,5,2026-06-27
6294,Delhi NCR,App Store Search,2025-08,2,2025-08-29
6295,Bengaluru,Paid Social,2026-09,2,2026-09-15
6296,Bengaluru,Paid Social,2025-12,3,2025-12-22
6297,Mumbai,Referral,2026-07,6,2026-08-29
6298,Bengaluru,App Store Search,2026-04,2,2026-04-26
6299,Hyderabad,Influencer,2026-03,4,2026-03-31
6300,Bengaluru,App Store Search,2026-05,3,2026-05-30
6301,Mumbai,Referral,2025-05,5,2025-06-21
6302,Mumbai,Organic,2025-09,1,2025-09-15
6303,Pune,Paid Social,2025-10,3,2025-10-15
6304,Chennai,Paid Social,2026-07,3,2026-07-29
6305,Mumbai,Paid Social,2025-09,7,2025-09-29
6306,Bengaluru,Organic,2025-07,10,2025-10-17
6307,Delhi NCR,Organic,2025-10,33,2026-07-25
6308,Hyderabad,Referral,2025-11,4,2025-12-17
6309,Mumbai,Organic,2026-04,5,2026-05-20
6310,Bengaluru,Paid Social,2026-07,3,2026-07-28
6311,Bengaluru,Paid Social,2026-01,4,2026-01-26
6312,Bengaluru,Paid Social,2026-04,8,2026-05-13
6313,Delhi NCR,Paid Social,2026-07,4,2026-08-25
6314,Hyderabad,Paid Social,2026-04,11,2026-09-02
6315,Delhi NCR,Organic,2026-05,15,2026-09-13
6316,Chennai,Organic,2026-09,1,2026-09-08
6317,Mumbai,Influencer,2026-06,12,2026-09-05
6318,Delhi NCR,Referral,2025-05,12,2025-07-29
6319,Bengaluru,Referral,2026-05,7,2026-06-30
6320,Delhi NCR,Paid Social,2025-10,1,2025-10-13
6321,Delhi NCR,Organic,2025-12,5,2025-12-25
6322,Bengaluru,Paid Social,2026-07,3,2026-07-12
6323,Delhi NCR,App Store Search,2026-03,9,2026-05-23
6324,Mumbai,Organic,2025-08,4,2025-09-12
6325,Bengaluru,Referral,2026-07,3,2026-07-22
6326,Pune,App Store Search,2026-06,7,2026-08-14
6327,Chennai,Organic,2026-06,2,2026-06-26
6328,Bengaluru,App Store Search,2026-04,7,2026-05-24
6329,Delhi NCR,Referral,2025-12,11,2026-03-25
6330,Mumbai,App Store Search,2025-12,18,2026-05-20
6331,Delhi NCR,Paid Social,2025-12,8,2026-03-26
6332,Delhi NCR,Organic,2026-02,23,2026-07-22
6333,Delhi NCR,Organic,2026-05,17,2026-09-07
6334,Mumbai,Paid Social,2026-04,9,2026-06-25
6335,Bengaluru,Paid Social,2025-12,1,2025-12-11
6336,Pune,Partnerships,2026-03,4,2026-03-28
6337,Mumbai,Paid Social,2026-06,2,2026-06-16
6338,Pune,Paid Social,2026-08,4,2026-08-28
6339,Mumbai,Influencer,2026-08,2,2026-08-30
6340,Chennai,Organic,2026-01,6,2026-02-21
6341,Mumbai,Organic,2026-06,4,2026-06-25
6342,Mumbai,Organic,2026-04,4,2026-06-23
6343,Delhi NCR,App Store Search,2025-11,15,2026-01-26
6344,Mumbai,Paid Social,2026-04,9,2026-08-12
6345,Bengaluru,App Store Search,2026-02,3,2026-02-22
6346,Mumbai,Referral,2025-07,4,2025-08-18
6347,Bengaluru,Paid Social,2026-03,4,2026-03-29
6348,Mumbai,Organic,2025-06,5,2025-06-21
6349,Bengaluru,Referral,2026-02,2,2026-02-24
6350,Delhi NCR,Organic,2025-07,3,2025-08-21
6351,Delhi NCR,App Store Search,2026-03,6,2026-04-13
6352,Bengaluru,Paid Social,2025-08,3,2025-08-27
6353,Delhi NCR,Organic,2026-03,6,2026-04-29
6354,Bengaluru,Organic,2026-05,5,2026-05-11
6355,Delhi NCR,Paid Social,2025-12,1,2025-12-25
6356,Bengaluru,Organic,2026-09,2,2026-09-09
6357,Bengaluru,Organic,2026-07,4,2026-07-31
6358,Bengaluru,Referral,2025-11,4,2025-12-14
6359,Mumbai,App Store Search,2026-07,4,2026-08-30
6360,Mumbai,App Store Search,2025-11,2,2025-11-18
6361,Hyderabad,Organic,2026-08,2,2026-08-14
6362,Delhi NCR,Influencer,2026-06,2,2026-06-17
6363,Bengaluru,Referral,2026-07,0,
6364,Hyderabad,App Store Search,2026-06,4,2026-06-19
6365,Mumbai,Paid Social,2025-09,3,2025-09-13
6366,Pune,Referral,2025-09,10,2025-11-18
6367,Chennai,Referral,2026-08,3,2026-09-01
6368,Pune,Paid Social,2025-08,4,2025-10-25
6369,Mumbai,Organic,2026-07,1,2026-07-04
6370,Bengaluru,Paid Social,2026-06,13,2026-09-15
6371,Pune,App Store Search,2026-03,3,2026-03-18
6372,Mumbai,Referral,2026-07,6,2026-09-05
6373,Bengaluru,Influencer,2025-12,3,2025-12-24
6374,Bengaluru,Organic,2026-06,9,2026-09-08
6375,Pune,Referral,2025-11,4,2025-11-29
6376,Delhi NCR,Paid Social,2025-10,6,2025-11-25
6377,Hyderabad,Partnerships,2026-06,7,2026-07-30
6378,Pune,Paid Social,2026-05,3,2026-05-14
6379,Hyderabad,Paid Social,2026-04,7,2026-06-17
6380,Pune,Paid Social,2026-08,3,2026-08-30
6382,Mumbai,Paid Social,2026-06,6,2026-07-25
6383,Bengaluru,Paid Social,2026-05,6,2026-05-16
6384,Pune,App Store Search,2025-04,5,2025-05-25
6385,Bengaluru,App Store Search,2026-09,2,2026-09-09
6386,Bengaluru,Paid Social,2026-09,1,2026-09-01
6387,Mumbai,Influencer,2026-08,5,2026-09-11
6388,Delhi NCR,Paid Social,2026-09,2,2026-09-09
6389,Bengaluru,Paid Social,2025-06,1,2025-06-02
6390,Delhi NCR,Paid Social,2025-12,3,2025-12-24
6391,Bengaluru,App Store Search,2026-01,12,2026-03-25
6392,Bengaluru,App Store Search,2026-06,2,2026-06-12
6393,Delhi NCR,Partnerships,2026-08,6,2026-09-11
6394,Bengaluru,Organic,2026-05,5,2026-07-20
6396,Pune,App Store Search,2026-06,6,2026-07-28
6397,Delhi NCR,Organic,2025-08,2,2025-08-30
6398,Mumbai,Organic,2026-06,4,2026-07-29
6399,Mumbai,Paid Social,2025-11,5,2025-11-29
6400,Mumbai,Organic,2025-10,17,2026-04-13
6401,Bengaluru,Influencer,2026-03,7,2026-04-27
6402,Bengaluru,Paid Social,2026-03,2,2026-03-31
6403,Delhi NCR,Organic,2025-12,4,2026-01-16
6404,Hyderabad,Paid Social,2026-09,2,2026-09-14
6405,Delhi NCR,Organic,2025-06,6,2025-08-05
6406,Bengaluru,Organic,2026-06,9,2026-09-14
6407,Bengaluru,Organic,2025-05,2,2025-05-13
6408,Mumbai,Paid Social,2026-04,1,2026-04-03
6409,Mumbai,App Store Search,2026-02,10,2026-05-31
6410,Bengaluru,App Store Search,2025-11,3,2025-11-23
6411,Delhi NCR,Organic,2026-03,14,2026-07-31
6412,Bengaluru,App Store Search,2025-06,4,2025-06-28
6413,Delhi NCR,Organic,2025-06,11,2025-09-19
6414,Bengaluru,Paid Social,2025-11,1,2025-11-26
6415,Mumbai,Referral,2026-08,5,2026-09-12
6417,Chennai,Organic,2026-03,10,2026-07-13
6418,Bengaluru,Referral,2026-05,6,2026-05-29
6419,Bengaluru,App Store Search,2026-07,7,2026-08-22
6420,Delhi NCR,Organic,2026-02,22,2026-09-02
6421,Mumbai,Referral,2025-09,2,2025-09-27
6422,Bengaluru,Paid Social,2025-11,3,2025-11-22
6423,Delhi NCR,Partnerships,2026-01,2,2026-01-24
6424,Bengaluru,Organic,2026-08,3,2026-09-13
6425,Bengaluru,Referral,2026-09,0,
6426,Delhi NCR,Paid Social,2026-06,9,2026-08-23
6427,Pune,App Store Search,2025-09,3,2025-10-22
6428,Hyderabad,App Store Search,2026-08,4,2026-09-12
6429,Delhi NCR,Paid Social,2026-03,3,2026-03-29
6430,Hyderabad,Paid Social,2026-06,11,2026-08-30
6431,Pune,App Store Search,2025-07,4,2025-07-30
6432,Pune,Organic,2025-11,2,2025-11-16
6433,Delhi NCR,Partnerships,2025-10,2,2025-10-18
6434,Bengaluru,Organic,2025-11,5,2025-12-31
6435,Pune,App Store Search,2026-04,3,2026-05-16
6436,Chennai,Organic,2026-06,1,2026-06-29
6437,Bengaluru,Organic,2026-08,7,2026-09-13
6438,Hyderabad,Referral,2026-08,3,2026-09-14
6439,Delhi NCR,App Store Search,2026-08,5,2026-09-13
6440,Delhi NCR,Paid Social,2026-02,19,2026-06-21
6441,Mumbai,Referral,2026-08,2,2026-08-10
6442,Pune,App Store Search,2025-06,8,2025-08-18
6444,Hyderabad,Paid Social,2026-06,7,2026-07-25
6445,Bengaluru,Paid Social,2025-12,3,2025-12-04
6446,Bengaluru,Paid Social,2026-03,1,2026-03-16
6447,Mumbai,Paid Social,2026-06,3,2026-07-15
6448,Bengaluru,Paid Social,2026-07,3,2026-07-18
6449,Delhi NCR,App Store Search,2026-08,1,2026-09-04
6450,Mumbai,App Store Search,2026-04,15,2026-09-11
6451,Pune,Referral,2025-10,3,2025-10-28
6452,Hyderabad,Organic,2026-07,11,2026-09-12
6453,Mumbai,Organic,2026-03,9,2026-04-24
6454,Delhi NCR,Organic,2026-03,3,2026-03-26
6455,Bengaluru,App Store Search,2026-07,2,2026-07-28
6456,Pune,Partnerships,2026-08,3,2026-09-08
6457,Mumbai,App Store Search,2025-08,3,2025-08-08
6458,Delhi NCR,Partnerships,2026-01,10,2026-04-28
6459,Bengaluru,Referral,2026-08,3,2026-09-01
6460,Bengaluru,App Store Search,2026-07,7,2026-09-12
6461,Delhi NCR,Organic,2026-05,5,2026-05-21
6462,Bengaluru,Organic,2025-06,13,2025-08-24
6463,Bengaluru,Organic,2026-04,14,2026-08-13
6464,Mumbai,Organic,2025-11,7,2025-12-26
6465,Hyderabad,App Store Search,2026-09,1,2026-09-02
6466,Bengaluru,Organic,2026-06,4,2026-06-28
6467,Delhi NCR,Paid Social,2026-08,2,2026-08-17
6468,Hyderabad,Paid Social,2026-06,11,2026-08-30
6469,Bengaluru,Paid Social,2026-07,2,2026-07-19
6470,Bengaluru,Partnerships,2025-08,2,2025-08-31
6471,Bengaluru,Referral,2026-09,0,
6472,Bengaluru,App Store Search,2026-01,3,2026-01-30
6473,Mumbai,Organic,2025-07,5,2025-07-19
6474,Hyderabad,Paid Social,2026-06,2,2026-06-26
6475,Bengaluru,App Store Search,2026-03,11,2026-04-28
6476,Bengaluru,App Store Search,2026-09,1,2026-09-08
6477,Bengaluru,Referral,2026-08,3,2026-08-28
6478,Delhi NCR,Influencer,2025-09,1,2025-09-29
6479,Mumbai,Organic,2026-07,9,2026-09-10
6480,Bengaluru,Paid Social,2026-09,2,2026-09-08
6481,Bengaluru,Organic,2026-07,8,2026-08-30
6482,Hyderabad,Organic,2026-08,8,2026-09-08
6483,Delhi NCR,Influencer,2026-09,4,2026-09-14
6484,Mumbai,Referral,2026-05,2,2026-05-24
6485,Bengaluru,Paid Social,2026-05,8,2026-05-29
6486,Bengaluru,App Store Search,2026-02,4,2026-02-24
6487,Bengaluru,Organic,2025-11,3,2025-11-29
6488,Bengaluru,Paid Social,2026-09,2,2026-09-11
6489,Bengaluru,Organic,2026-09,2,2026-09-11
6490,Mumbai,App Store Search,2026-07,3,2026-07-23
6491,Bengaluru,Referral,2026-06,7,2026-08-28
6492,Delhi NCR,App Store Search,2025-11,34,2026-08-22
6493,Mumbai,Influencer,2026-06,4,2026-07-13
6494,Pune,Organic,2026-07,7,2026-09-12
6495,Bengaluru,Organic,2026-04,1,2026-05-09
6496,Delhi NCR,Paid Social,2026-06,2,2026-06-22
6497,Bengaluru,Referral,2026-08,3,2026-08-29
6498,Mumbai,Organic,2026-04,4,2026-04-30
6499,Pune,Paid Social,2025-07,2,2025-07-14
6500,Bengaluru,Organic,2025-10,9,2025-12-31
6501,Bengaluru,App Store Search,2026-08,3,2026-08-31
6502,Bengaluru,App Store Search,2025-07,3,2025-07-20
6503,Bengaluru,Organic,2026-03,1,2026-03-12
6504,Delhi NCR,Organic,2026-09,1,2026-09-08
6505,Chennai,Partnerships,2026-08,4,2026-09-06
6506,Pune,Referral,2026-07,2,2026-07-23
6507,Hyderabad,App Store Search,2025-10,2,2025-10-22
6508,Delhi NCR,Organic,2025-07,5,2025-08-15
6509,Bengaluru,Organic,2026-02,1,2026-02-26
6510,Bengaluru,Referral,2025-12,1,2025-12-01
6511,Bengaluru,Paid Social,2025-11,6,2025-12-25
6512,Mumbai,Partnerships,2025-06,9,2025-10-17
6513,Bengaluru,Paid Social,2025-12,7,2026-01-24
6514,Pune,Organic,2026-02,22,2026-09-03
6515,Delhi NCR,Paid Social,2026-03,4,2026-03-24
6517,Bengaluru,Partnerships,2026-04,10,2026-05-23
6518,Hyderabad,Organic,2025-12,3,2025-12-31
6519,Bengaluru,Paid Social,2026-07,4,2026-07-12
6520,Bengaluru,Organic,2025-12,13,2026-03-26
6521,Hyderabad,Organic,2026-03,13,2026-05-24
6522,Delhi NCR,Referral,2026-05,6,2026-06-25
6523,Pune,Organic,2025-08,5,2025-09-29
6524,Bengaluru,Influencer,2026-06,6,2026-08-04
6525,Bengaluru,Referral,2026-07,10,2026-08-30
6526,Chennai,Organic,2026-05,3,2026-05-28
6527,Pune,Referral,2026-07,6,2026-08-20
6528,Hyderabad,Referral,2026-03,3,2026-03-16
6529,Bengaluru,Organic,2026-02,8,2026-05-31
6531,Hyderabad,Paid Social,2026-02,3,2026-02-16
6532,Bengaluru,Organic,2026-02,15,2026-04-22
6533,Delhi NCR,Paid Social,2026-08,2,2026-08-26
6534,Delhi NCR,Organic,2026-06,10,2026-09-15
6535,Mumbai,Paid Social,2025-08,11,2025-10-29
6536,Hyderabad,Paid Social,2026-04,3,2026-04-15
6537,Bengaluru,Influencer,2025-12,3,2025-12-28
6538,Bengaluru,Organic,2026-06,10,2026-07-24
6539,Bengaluru,Influencer,2025-12,2,2025-12-30
6540,Bengaluru,Organic,2026-06,2,2026-06-16
6541,Delhi NCR,Referral,2026-04,6,2026-05-15
6542,Bengaluru,Influencer,2025-09,12,2026-01-19
6543,Delhi NCR,Paid Social,2025-10,4,2025-10-30
6545,Bengaluru,Referral,2026-02,7,2026-03-27
6546,Hyderabad,Paid Social,2026-06,6,2026-09-14
6547,Pune,Referral,2025-12,3,2025-12-12
6548,Bengaluru,Referral,2025-07,9,2025-10-31
6549,Bengaluru,Referral,2026-05,4,2026-05-29
6550,Bengaluru,Referral,2026-01,5,2026-01-30
6551,Delhi NCR,Paid Social,2026-07,2,2026-07-21
6552,Pune,Organic,2026-01,9,2026-03-28
6553,Delhi NCR,Organic,2025-11,5,2025-11-18
6554,Bengaluru,Influencer,2026-07,8,2026-08-30
6555,Chennai,Paid Social,2026-03,1,2026-03-09
6556,Pune,Paid Social,2025-12,8,2026-02-28
6557,Bengaluru,Referral,2026-04,12,2026-08-10
6558,Bengaluru,App Store Search,2025-05,3,2025-06-11
6559,Delhi NCR,Paid Social,2025-10,3,2025-10-28
6560,Chennai,Referral,2026-06,11,2026-09-05
6561,Delhi NCR,Paid Social,2026-08,6,2026-09-15
6562,Bengaluru,App Store Search,2026-01,9,2026-02-24
6563,Bengaluru,Organic,2025-10,3,2025-10-21
6565,Bengaluru,Organic,2026-06,11,2026-08-29
6566,Delhi NCR,Influencer,2025-10,7,2025-11-16
6567,Mumbai,Organic,2026-05,1,2026-05-20
6568,Bengaluru,Paid Social,2026-06,3,2026-06-07
6569,Pune,Paid Social,2026-04,1,2026-04-14
6570,Pune,Influencer,2026-02,17,2026-06-29
6571,Mumbai,App Store Search,2025-12,1,2025-12-06
6572,Bengaluru,Organic,2025-10,6,2025-11-25
6574,Bengaluru,Organic,2025-12,2,2025-12-26
6575,Bengaluru,App Store Search,2025-10,10,2025-11-28
6576,Delhi NCR,Organic,2025-12,1,2025-12-08
6577,Bengaluru,Paid Social,2026-01,2,2026-01-22
6578,Hyderabad,Paid Social,2026-07,6,2026-09-14
6579,Bengaluru,Influencer,2026-05,2,2026-05-23
6580,Bengaluru,Organic,2026-07,6,2026-08-29
6581,Delhi NCR,Referral,2025-10,3,2025-10-26
6582,Bengaluru,Referral,2026-04,3,2026-04-22
6583,Delhi NCR,Organic,2026-05,8,2026-06-22
6584,Delhi NCR,Referral,2025-09,9,2025-11-18
6585,Bengaluru,Paid Social,2026-03,5,2026-03-31
6586,Chennai,Organic,2026-06,2,2026-06-30
6587,Delhi NCR,Organic,2025-10,4,2025-11-19
6588,Mumbai,Influencer,2026-07,2,2026-07-27
6589,Hyderabad,Organic,2025-11,2,2025-11-20
6590,Pune,Referral,2025-12,7,2026-02-20
6591,Chennai,Paid Social,2026-02,8,2026-04-23
6592,Hyderabad,Influencer,2026-06,3,2026-06-15
6593,Delhi NCR,App Store Search,2025-12,5,2025-12-20
6594,Pune,Paid Social,2026-08,4,2026-08-25
6595,Mumbai,Organic,2025-12,6,2026-02-27
6596,Chennai,Paid Social,2026-09,1,2026-09-03
6597,Chennai,App Store Search,2026-04,4,2026-04-15
6598,Delhi NCR,Referral,2026-06,9,2026-09-14
6599,Delhi NCR,Paid Social,2026-07,7,2026-09-07
6600,Pune,Organic,2025-10,11,2026-02-27
6601,Delhi NCR,Influencer,2026-06,7,2026-07-29
6602,Bengaluru,Paid Social,2025-07,2,2025-07-26
6603,Hyderabad,App Store Search,2026-09,0,
6604,Mumbai,Organic,2026-08,4,2026-09-04
6605,Hyderabad,Paid Social,2026-05,3,2026-05-27
6606,Delhi NCR,Organic,2026-07,3,2026-07-31
6607,Bengaluru,Partnerships,2026-06,4,2026-06-27
6608,Delhi NCR,Referral,2025-09,6,2025-09-25
6609,Bengaluru,Organic,2025-12,4,2025-12-25
6610,Mumbai,Organic,2025-12,2,2025-12-20
6611,Bengaluru,Organic,2026-05,6,2026-06-24
6612,Bengaluru,App Store Search,2026-04,5,2026-07-15
6613,Pune,Referral,2026-03,10,2026-05-27
6614,Pune,Paid Social,2026-05,7,2026-07-17
6615,Bengaluru,Paid Social,2025-12,8,2026-01-31
6616,Mumbai,Organic,2026-08,1,2026-08-23
6617,Mumbai,Referral,2026-09,1,2026-09-04
6618,Bengaluru,Paid Social,2026-09,1,2026-09-08
6619,Bengaluru,Organic,2026-02,2,2026-02-21
6620,Pune,App Store Search,2025-11,13,2026-01-25
6621,Bengaluru,Organic,2026-08,3,2026-09-11
6622,Hyderabad,App Store Search,2025-10,11,2026-01-18
6623,Pune,Organic,2026-04,4,2026-04-30
6624,Delhi NCR,Paid Social,2026-05,3,2026-06-20
6625,Delhi NCR,Partnerships,2026-09,4,2026-09-15
6626,Mumbai,Organic,2025-08,3,2025-08-12
6627,Delhi NCR,Paid Social,2026-09,1,2026-09-06
6628,Bengaluru,Paid Social,2026-01,3,2026-02-09
6629,Chennai,Organic,2026-07,3,2026-07-26
6630,Bengaluru,Referral,2025-06,6,2025-07-23
6631,Delhi NCR,Paid Social,2025-07,2,2025-08-15
6632,Hyderabad,Paid Social,2026-07,2,2026-07-24
6633,Mumbai,Referral,2026-09,2,2026-09-13
6634,Chennai,Organic,2025-12,4,2026-01-18
6635,Bengaluru,Referral,2026-08,5,2026-09-14
6636,Bengaluru,Partnerships,2026-09,0,
6637,Bengaluru,Referral,2026-05,23,2026-09-15
6638,Bengaluru,Organic,2026-05,4,2026-05-31
6639,Hyderabad,Influencer,2026-08,4,2026-08-14
6640,Pune,Paid Social,2025-09,7,2025-10-30
6641,Delhi NCR,Referral,2025-12,3,2025-12-27
6642,Bengaluru,Paid Social,2025-10,9,2026-01-09
6643,Delhi NCR,Referral,2026-03,2,2026-03-10
6644,Mumbai,Referral,2026-07,3,2026-07-21
6645,Delhi NCR,Paid Social,2026-02,3,2026-02-19
6646,Bengaluru,Organic,2026-05,2,2026-05-13
6647,Hyderabad,Paid Social,2026-07,2,2026-07-31
6648,Pune,Organic,2026-05,7,2026-06-11
6649,Pune,Organic,2026-09,2,2026-09-11
6650,Bengaluru,Paid Social,2026-04,2,2026-04-26
6651,Delhi NCR,App Store Search,2026-04,4,2026-05-28
6652,Bengaluru,App Store Search,2026-02,6,2026-03-29
6653,Mumbai,Organic,2026-03,2,2026-03-28
6654,Bengaluru,Paid Social,2026-03,3,2026-04-05
6655,Delhi NCR,Influencer,2026-05,10,2026-09-15
6656,Pune,Organic,2025-11,4,2025-12-21
6657,Pune,Paid Social,2025-12,5,2025-12-30
6659,Bengaluru,App Store Search,2026-03,2,2026-03-25
6660,Bengaluru,Paid Social,2026-06,8,2026-08-15
6661,Mumbai,Organic,2026-01,4,2026-01-26
6662,Bengaluru,Organic,2026-08,5,2026-09-15
6663,Chennai,Paid Social,2025-12,10,2026-03-25
6664,Delhi NCR,Organic,2026-07,2,2026-07-23
6665,Bengaluru,Organic,2026-05,7,2026-07-29
6666,Delhi NCR,Organic,2026-07,2,2026-07-25
6667,Pune,Influencer,2025-06,6,2025-07-21
6668,Chennai,Partnerships,2026-07,8,2026-09-05
6669,Pune,Organic,2025-06,6,2025-08-09
6670,Bengaluru,Referral,2026-02,1,2026-02-01
6671,Mumbai,Paid Social,2026-05,5,2026-06-25
6672,Bengaluru,Partnerships,2025-11,5,2025-11-29
6673,Mumbai,Organic,2025-12,3,2025-12-31
6674,Chennai,Referral,2026-02,2,2026-02-13
6675,Bengaluru,Referral,2025-07,4,2025-07-25
6676,Delhi NCR,Organic,2026-05,5,2026-05-22
6677,Chennai,Partnerships,2026-06,9,2026-09-05
6678,Bengaluru,Paid Social,2026-02,3,2026-02-22
6679,Pune,Paid Social,2026-06,4,2026-06-26
6680,Bengaluru,Organic,2025-10,17,2026-02-28
6681,Pune,Organic,2025-12,1,2025-12-20
6682,Mumbai,Partnerships,2025-07,3,2025-07-13
6683,Bengaluru,Referral,2026-08,7,2026-09-11
6684,Delhi NCR,Referral,2026-03,11,2026-05-30
6685,Delhi NCR,Influencer,2025-05,2,2025-06-22
6686,Mumbai,Paid Social,2026-01,3,2026-01-25
6687,Delhi NCR,Paid Social,2026-01,2,2026-01-18
6688,Bengaluru,Organic,2026-02,13,2026-05-23
6689,Pune,Partnerships,2026-01,3,2026-01-18
6690,Delhi NCR,Influencer,2026-06,3,2026-06-28
6691,Bengaluru,Organic,2026-04,5,2026-04-19
6692,Bengaluru,Referral,2026-01,3,2026-01-24
6693,Pune,App Store Search,2025-11,4,2025-12-26
6694,Bengaluru,Organic,2025-04,1,2025-04-07
6695,Delhi NCR,Organic,2026-03,6,2026-03-29
6696,Bengaluru,App Store Search,2026-04,6,2026-05-19
6697,Bengaluru,Referral,2026-06,14,2026-09-13
6698,Mumbai,Influencer,2025-06,2,2025-06-19
6699,Mumbai,App Store Search,2026-02,3,2026-02-17
6700,Pune,App Store Search,2026-06,20,2026-09-08
6702,Hyderabad,Organic,2026-02,12,2026-04-22
6703,Mumbai,Paid Social,2026-06,4,2026-06-30
6704,Pune,Organic,2025-06,2,2025-06-07
6705,Delhi NCR,Referral,2026-01,11,2026-05-26
6706,Chennai,Paid Social,2026-06,8,2026-09-04
6707,Mumbai,Referral,2026-08,3,2026-09-15
6708,Pune,App Store Search,2025-12,8,2026-01-30
6709,Bengaluru,Influencer,2026-06,5,2026-06-22
6710,Hyderabad,App Store Search,2025-10,4,2025-11-15
6711,Bengaluru,Referral,2026-03,10,2026-05-28
6712,Mumbai,Referral,2026-01,3,2026-02-25
6713,Delhi NCR,Paid Social,2026-04,6,2026-06-27
6714,Delhi NCR,Organic,2026-02,4,2026-02-14
6715,Mumbai,Organic,2026-06,5,2026-08-19
6716,Bengaluru,App Store Search,2026-08,4,2026-09-09
6717,Delhi NCR,Partnerships,2026-07,7,2026-09-12
6718,Delhi NCR,Referral,2025-11,2,2025-11-15
6719,Hyderabad,Organic,2026-06,9,2026-07-15
6720,Hyderabad,Paid Social,2026-07,1,2026-07-23
6721,Chennai,App Store Search,2026-07,1,2026-07-01
6722,Hyderabad,App Store Search,2025-09,5,2025-09-29
6723,Mumbai,App Store Search,2026-08,3,2026-08-21
6724,Pune,App Store Search,2026-07,8,2026-09-14
6725,Bengaluru,Organic,2026-02,10,2026-04-24
6726,Pune,Referral,2026-05,4,2026-05-31
6727,Bengaluru,Paid Social,2026-05,2,2026-05-17
6728,Chennai,Paid Social,2026-08,5,2026-08-31
6729,Pune,Organic,2025-09,6,2025-09-10
6730,Delhi NCR,Organic,2026-06,8,2026-09-04
6731,Bengaluru,Organic,2026-04,1,2026-04-16
6732,Mumbai,Influencer,2026-03,2,2026-03-19
6733,Bengaluru,Organic,2025-09,1,2025-09-14
6734,Bengaluru,Paid Social,2026-06,5,2026-07-29
6735,Bengaluru,App Store Search,2026-08,2,2026-09-04
6736,Bengaluru,App Store Search,2025-11,11,2026-02-15
6737,Delhi NCR,Organic,2026-08,5,2026-09-03
6738,Pune,Paid Social,2025-07,14,2025-11-26
6739,Pune,Organic,2026-06,8,2026-09-03
6740,Bengaluru,Organic,2026-07,8,2026-09-14
6741,Bengaluru,Organic,2025-10,5,2025-10-18
6742,Pune,Paid Social,2025-07,5,2025-08-21
6743,Delhi NCR,Referral,2025-07,3,2025-07-30
6745,Pune,App Store Search,2026-02,4,2026-02-27
6746,Delhi NCR,Organic,2026-01,3,2026-01-27
6747,Bengaluru,Organic,2025-11,5,2025-11-23
6748,Hyderabad,Organic,2026-09,1,2026-09-07
6749,Hyderabad,Paid Social,2026-06,2,2026-06-11
6750,Chennai,Referral,2026-07,9,2026-08-28
6751,Bengaluru,Influencer,2025-11,4,2025-11-21
6752,Bengaluru,Organic,2025-06,5,2025-07-22
6753,Mumbai,Influencer,2026-01,3,2026-01-29
6754,Mumbai,Referral,2026-08,3,2026-09-13
6755,Mumbai,Organic,2025-09,8,2025-11-09
6756,Hyderabad,Paid Social,2026-07,0,
6757,Hyderabad,Organic,2026-07,6,2026-09-05
6758,Delhi NCR,App Store Search,2026-07,9,2026-09-06
6759,Bengaluru,Paid Social,2025-11,3,2025-11-18
6760,Bengaluru,Referral,2025-08,5,2025-08-30
6761,Mumbai,Referral,2025-09,2,2025-09-22
6762,Bengaluru,App Store Search,2026-01,1,2026-01-15
6763,Hyderabad,App Store Search,2026-01,4,2026-01-29
6764,Hyderabad,Partnerships,2026-05,13,2026-09-14
6765,Bengaluru,App Store Search,2025-07,6,2025-08-30
6767,Bengaluru,Organic,2025-08,5,2025-08-23
6768,Chennai,App Store Search,2026-03,3,2026-03-19
6769,Bengaluru,Influencer,2025-12,4,2026-01-15
6770,Bengaluru,App Store Search,2025-12,16,2026-04-29
6771,Bengaluru,Partnerships,2025-07,5,2025-08-19
6772,Mumbai,Organic,2026-05,7,2026-06-27
6773,Bengaluru,Referral,2026-02,4,2026-02-12
6774,Bengaluru,App Store Search,2026-08,2,2026-08-31
6775,Mumbai,Referral,2026-02,25,2026-08-31
6776,Delhi NCR,App Store Search,2025-09,3,2025-09-12
6777,Mumbai,Partnerships,2026-08,2,2026-09-01
6778,Bengaluru,Paid Social,2026-01,4,2026-01-29
6779,Mumbai,Organic,2026-07,5,2026-08-22
6780,Delhi NCR,Partnerships,2026-08,4,2026-09-01
6781,Bengaluru,Organic,2026-09,2,2026-09-14
6782,Mumbai,Referral,2025-11,19,2026-05-09
6783,Bengaluru,Paid Social,2025-11,1,2025-11-02
6784,Hyderabad,Referral,2026-05,9,2026-06-29
6785,Delhi NCR,Organic,2026-01,25,2026-09-09
6786,Bengaluru,Influencer,2026-02,3,2026-02-14
6787,Bengaluru,App Store Search,2026-06,5,2026-06-29
6788,Hyderabad,Influencer,2026-01,4,2026-01-29
6789,Delhi NCR,App Store Search,2026-03,9,2026-04-30
6790,Bengaluru,Referral,2026-07,5,2026-08-30
6791,Pune,Referral,2026-07,9,2026-09-12
6792,Bengaluru,App Store Search,2025-12,2,2025-12-18
6793,Delhi NCR,Paid Social,2026-08,4,2026-09-08
6794,Mumbai,App Store Search,2026-07,6,2026-08-18
6795,Mumbai,Influencer,2025-05,21,2025-10-31
6796,Pune,Paid Social,2026-02,6,2026-03-10
6797,Bengaluru,Organic,2026-02,6,2026-03-26
6798,Bengaluru,Paid Social,2026-07,4,2026-08-14
6799,Pune,Organic,2026-03,4,2026-03-15
6800,Mumbai,Referral,2025-09,13,2026-01-18
6801,Hyderabad,App Store Search,2026-07,3,2026-07-24
6802,Hyderabad,Paid Social,2026-07,6,2026-08-23
6803,Delhi NCR,Organic,2026-02,9,2026-02-28
6804,Delhi NCR,Organic,2026-06,10,2026-09-06
6805,Chennai,App Store Search,2025-11,0,
6806,Chennai,Influencer,2026-03,11,2026-07-17
6807,Pune,Partnerships,2026-06,3,2026-07-11
6808,Delhi NCR,Referral,2026-03,6,2026-05-31
6809,Mumbai,Organic,2025-12,7,2026-02-17
6810,Mumbai,Influencer,2026-07,4,2026-07-28
6811,Chennai,Paid Social,2026-02,4,2026-03-31
6812,Delhi NCR,Referral,2025-10,6,2025-11-30
6813,Mumbai,Organic,2026-08,8,2026-09-09
6814,Pune,App Store Search,2026-08,2,2026-08-17
6815,Bengaluru,Partnerships,2025-11,9,2025-12-29
6816,Bengaluru,Partnerships,2025-08,2,2025-08-24
6817,Pune,Organic,2026-06,11,2026-07-29
6818,Mumbai,Paid Social,2026-07,2,2026-07-08
6819,Bengaluru,Referral,2025-05,13,2025-10-27
6821,Bengaluru,Partnerships,2026-09,1,2026-09-03
6822,Delhi NCR,Organic,2026-08,4,2026-09-02
6823,Mumbai,Paid Social,2025-10,2,2025-10-26
6824,Pune,Organic,2026-07,7,2026-09-13
6825,Mumbai,Referral,2026-09,4,2026-09-12
6826,Bengaluru,Paid Social,2026-01,3,2026-01-26
6827,Mumbai,Paid Social,2026-02,12,2026-05-26
6828,Mumbai,Organic,2026-03,3,2026-03-12
6829,Bengaluru,Influencer,2026-01,3,2026-01-20
6830,Pune,Paid Social,2025-08,4,2025-08-21
6831,Delhi NCR,Referral,2026-03,2,2026-03-26
6832,Chennai,Paid Social,2025-12,19,2026-05-16
6834,Delhi NCR,App Store Search,2025-06,5,2025-06-27
6835,Delhi NCR,Partnerships,2025-12,8,2026-01-29
6836,Pune,Partnerships,2026-04,2,2026-04-23
6837,Pune,Referral,2025-09,5,2025-09-22
6838,Delhi NCR,Influencer,2026-05,4,2026-06-28
6839,Mumbai,Paid Social,2025-07,5,2025-08-30
6840,Pune,Organic,2026-01,2,2026-01-13
6841,Bengaluru,Organic,2026-05,21,2026-09-13
6842,Mumbai,Paid Social,2025-09,14,2025-12-27
6843,Bengaluru,Referral,2025-08,4,2025-09-06
6844,Bengaluru,Referral,2025-09,15,2026-02-17
6845,Bengaluru,Paid Social,2025-06,5,2025-06-13
6846,Mumbai,Partnerships,2026-04,2,2026-04-09
6847,Mumbai,Influencer,2026-04,3,2026-05-31
6848,Mumbai,Paid Social,2026-07,7,2026-09-02
6849,Delhi NCR,Organic,2026-08,7,2026-09-14
6850,Hyderabad,Referral,2026-04,16,2026-07-28
6851,Mumbai,Organic,2025-11,3,2025-11-20
6852,Hyderabad,App Store Search,2026-05,5,2026-06-19
6853,Bengaluru,Paid Social,2025-12,2,2025-12-19
6854,Bengaluru,Influencer,2026-03,4,2026-04-20
6855,Hyderabad,Paid Social,2026-04,8,2026-06-22
6856,Delhi NCR,Referral,2026-05,19,2026-09-12
6857,Mumbai,Organic,2025-05,3,2025-05-23
6858,Chennai,Influencer,2026-07,6,2026-08-26
6859,Bengaluru,Paid Social,2026-04,6,2026-05-31
6860,Hyderabad,Referral,2026-01,24,2026-09-11
6861,Bengaluru,Organic,2025-08,7,2025-09-19
6862,Mumbai,Partnerships,2026-07,2,2026-07-16
6863,Delhi NCR,App Store Search,2026-03,7,2026-04-25
6864,Bengaluru,App Store Search,2026-07,1,2026-07-29
6865,Mumbai,Organic,2025-05,3,2025-05-23
6866,Mumbai,Referral,2026-08,7,2026-09-08
6867,Mumbai,App Store Search,2026-03,8,2026-04-29
6868,Bengaluru,Referral,2025-08,13,2025-11-28
6869,Bengaluru,Paid Social,2025-12,2,2025-12-28
6870,Bengaluru,App Store Search,2026-08,1,2026-08-10
6871,Chennai,Paid Social,2026-09,0,
6872,Mumbai,Organic,2026-06,2,2026-06-23
6873,Chennai,Paid Social,2025-10,4,2025-10-23
6874,Delhi NCR,Referral,2026-08,2,2026-08-27
6875,Delhi NCR,Referral,2025-12,16,2026-04-24
6876,Pune,App Store Search,2026-03,1,2026-03-28
6877,Bengaluru,Partnerships,2026-01,3,2026-01-31
6878,Bengaluru,Paid Social,2026-05,6,2026-05-31
6879,Hyderabad,Organic,2025-11,7,2025-12-26
6880,Hyderabad,Paid Social,2026-06,4,2026-06-22
6881,Mumbai,Influencer,2026-02,17,2026-05-23
6882,Delhi NCR,Partnerships,2026-08,4,2026-09-06
6883,Mumbai,Referral,2026-05,12,2026-08-30
6884,Pune,Organic,2026-05,3,2026-05-25
6885,Hyderabad,App Store Search,2026-06,5,2026-06-27
6886,Mumbai,Referral,2026-03,7,2026-05-05
6887,Pune,Paid Social,2025-07,4,2025-08-15
6888,Pune,Organic,2026-09,3,2026-09-14
6889,Bengaluru,Organic,2026-03,7,2026-04-29
6890,Bengaluru,Referral,2026-04,20,2026-09-13
6891,Mumbai,Partnerships,2026-01,13,2026-06-27
6892,Mumbai,Organic,2026-07,7,2026-09-08
6893,Pune,Organic,2026-07,3,2026-09-02
6894,Delhi NCR,Paid Social,2026-05,2,2026-05-29
6895,Pune,Paid Social,2025-12,2,2025-12-12
6896,Chennai,Organic,2026-02,6,2026-03-28
6897,Bengaluru,Organic,2026-09,2,2026-09-15
6898,Bengaluru,App Store Search,2026-06,2,2026-06-20
6899,Mumbai,Organic,2026-09,2,2026-09-07
6900,Delhi NCR,Paid Social,2026-04,6,2026-04-29
6901,Hyderabad,Organic,2026-05,5,2026-06-23
6902,Bengaluru,Influencer,2025-08,2,2025-08-27
6903,Bengaluru,Organic,2026-08,2,2026-08-28
6904,Chennai,Organic,2026-08,3,2026-09-10
6905,Bengaluru,Organic,2026-07,3,2026-08-23
6906,Bengaluru,Influencer,2026-07,2,2026-07-25
6907,Pune,Paid Social,2026-08,6,2026-09-14
6908,Pune,App Store Search,2026-01,5,2026-01-31
6909,Delhi NCR,Partnerships,2026-04,2,2026-04-25
6910,Mumbai,Paid Social,2026-05,8,2026-07-06
6911,Bengaluru,Partnerships,2025-12,5,2026-01-18
6912,Mumbai,Paid Social,2026-05,4,2026-05-24
6913,Hyderabad,Organic,2026-07,11,2026-09-02
6914,Mumbai,Organic,2026-06,12,2026-09-08
6915,Mumbai,Organic,2025-12,5,2026-01-31
6916,Chennai,App Store Search,2026-08,4,2026-08-21
6917,Bengaluru,Referral,2026-09,1,2026-09-03
6918,Chennai,Organic,2025-11,14,2026-02-26
6919,Delhi NCR,Organic,2026-08,3,2026-09-05
6920,Bengaluru,Partnerships,2026-04,3,2026-04-21
6921,Pune,Referral,2026-08,2,2026-09-10
6922,Hyderabad,Organic,2026-04,10,2026-07-27
6923,Delhi NCR,Paid Social,2026-04,2,2026-04-26
6924,Bengaluru,App Store Search,2026-07,6,2026-09-12
6925,Mumbai,Paid Social,2026-08,3,2026-08-22
6926,Bengaluru,Paid Social,2025-09,1,2025-09-06
6927,Bengaluru,App Store Search,2026-06,12,2026-09-08
6928,Mumbai,Partnerships,2026-08,2,2026-08-31
6929,Mumbai,Organic,2025-08,8,2025-09-27
6930,Delhi NCR,Referral,2026-02,10,2026-05-09
6931,Delhi NCR,Organic,2026-04,2,2026-04-19
6932,Bengaluru,App Store Search,2026-01,12,2026-03-15
6933,Delhi NCR,Referral,2026-05,9,2026-08-19
6934,Mumbai,Organic,2025-06,25,2026-01-22
6935,Bengaluru,Paid Social,2025-07,1,2025-07-09
6936,Pune,Organic,2025-08,1,2025-08-30
6937,Bengaluru,Organic,2025-11,3,2025-11-29
6938,Bengaluru,Partnerships,2025-12,4,2025-12-26
6939,Bengaluru,Paid Social,2025-10,3,2025-10-21
6940,Bengaluru,Paid Social,2026-04,4,2026-04-24
6941,Hyderabad,Referral,2026-08,4,2026-09-11
6942,Bengaluru,Paid Social,2026-03,2,2026-04-11
6943,Pune,Referral,2025-06,2,2025-06-25
6944,Bengaluru,Paid Social,2026-03,3,2026-03-24
6945,Mumbai,Referral,2026-05,3,2026-05-25
6946,Bengaluru,App Store Search,2025-06,2,2025-06-27
6947,Mumbai,Paid Social,2026-05,2,2026-05-27
6948,Delhi NCR,Organic,2026-05,4,2026-06-17
6949,Mumbai,Organic,2026-03,3,2026-03-30
6950,Pune,Organic,2025-11,3,2025-11-26
6951,Pune,Organic,2026-08,4,2026-08-29
6952,Delhi NCR,Referral,2025-04,10,2025-05-31
6953,Mumbai,Paid Social,2026-07,3,2026-07-21
6954,Mumbai,Organic,2026-07,1,2026-07-25
6955,Bengaluru,Referral,2026-02,4,2026-02-27
6956,Bengaluru,Paid Social,2026-04,1,2026-04-26
6957,Delhi NCR,Paid Social,2026-08,5,2026-09-10
6958,Mumbai,Organic,2026-03,2,2026-03-30
6959,Pune,App Store Search,2026-08,3,2026-08-26
6960,Hyderabad,Referral,2026-04,3,2026-04-27
6961,Bengaluru,Referral,2026-09,1,2026-09-14
6962,Bengaluru,Referral,2026-07,7,2026-08-27
6963,Hyderabad,App Store Search,2026-07,2,2026-07-18
6964,Mumbai,App Store Search,2026-03,9,2026-04-20
6965,Bengaluru,Partnerships,2025-07,9,2025-09-25
6966,Hyderabad,Organic,2026-09,3,2026-09-14
6967,Bengaluru,Organic,2026-08,4,2026-08-27
6968,Mumbai,App Store Search,2026-01,5,2026-03-11
6969,Mumbai,Paid Social,2025-12,1,2025-12-05
6970,Bengaluru,Referral,2026-06,10,2026-09-08
6971,Delhi NCR,Organic,2026-02,2,2026-02-24
6972,Bengaluru,Paid Social,2026-08,2,2026-08-15
6973,Mumbai,Partnerships,2026-01,6,2026-03-21
6974,Pune,Referral,2025-08,3,2025-08-28
6975,Mumbai,Partnerships,2026-07,3,2026-08-19
6976,Pune,Paid Social,2026-08,4,2026-08-22
6977,Mumbai,App Store Search,2026-05,6,2026-05-26
6978,Bengaluru,Organic,2026-03,1,2026-03-23
6979,Bengaluru,Organic,2026-08,7,2026-09-09
6980,Pune,Referral,2026-01,28,2026-07-24
6981,Hyderabad,App Store Search,2026-07,9,2026-09-09
6982,Bengaluru,App Store Search,2026-01,3,2026-01-22
6983,Pune,App Store Search,2026-07,8,2026-08-27
6984,Bengaluru,Influencer,2025-12,3,2025-12-20
6985,Mumbai,Referral,2026-06,3,2026-07-21
6986,Hyderabad,Organic,2026-08,2,2026-08-18
6987,Hyderabad,Paid Social,2026-01,12,2026-04-21
6988,Pune,Organic,2025-12,8,2026-01-23
6989,Delhi NCR,Organic,2026-09,2,2026-09-11
6990,Delhi NCR,Paid Social,2026-03,2,2026-03-14
6991,Pune,App Store Search,2026-04,2,2026-04-28
6992,Pune,App Store Search,2026-09,3,2026-09-12
6994,Bengaluru,App Store Search,2026-04,3,2026-04-21
6995,Bengaluru,Paid Social,2026-02,2,2026-02-20
6996,Mumbai,Organic,2026-08,3,2026-08-14
6997,Pune,Paid Social,2026-07,1,2026-07-23
6998,Mumbai,Organic,2025-09,16,2026-02-27
6999,Mumbai,App Store Search,2025-11,3,2025-12-19
7000,Delhi NCR,Paid Social,2025-07,10,2025-09-27
7001,Pune,Referral,2025-12,23,2026-07-31
7002,Bengaluru,Paid Social,2026-08,2,2026-08-12
7003,Mumbai,Paid Social,2026-04,4,2026-04-25
7004,Delhi NCR,Organic,2025-05,9,2025-07-24
7005,Bengaluru,Influencer,2026-05,6,2026-06-21
7006,Bengaluru,App Store Search,2026-07,4,2026-07-25
7007,Bengaluru,Paid Social,2025-09,3,2025-09-25
7008,Bengaluru,Paid Social,2026-06,1,2026-06-28
7009,Mumbai,Organic,2026-06,6,2026-06-26
7010,Hyderabad,Paid Social,2026-06,14,2026-09-08
7011,Mumbai,Partnerships,2025-11,1,2025-11-06
7012,Mumbai,Partnerships,2026-08,1,2026-08-12
7013,Mumbai,Paid Social,2026-06,2,2026-06-21
7014,Bengaluru,Paid Social,2026-08,3,2026-08-08
7015,Hyderabad,Organic,2026-06,6,2026-07-20
7016,Mumbai,Organic,2025-10,1,2025-10-26
7017,Delhi NCR,Partnerships,2025-06,10,2025-09-16
7018,Mumbai,Organic,2026-03,2,2026-03-16
7019,Bengaluru,Paid Social,2026-04,3,2026-04-25
7020,Delhi NCR,Organic,2026-04,8,2026-05-27
7021,Mumbai,Organic,2025-12,2,2025-12-18
7022,Pune,Organic,2025-05,3,2025-05-26
7023,Mumbai,Influencer,2026-03,1,2026-03-13
7024,Pune,Paid Social,2026-06,5,2026-08-30
7025,Mumbai,App Store Search,2025-06,2,2025-06-17
7026,Mumbai,Referral,2025-12,3,2025-12-07
7027,Pune,Organic,2026-03,3,2026-03-30
7028,Hyderabad,Partnerships,2025-10,17,2026-02-22
7029,Mumbai,Influencer,2026-08,3,2026-08-23
7030,Mumbai,Organic,2026-07,6,2026-08-25
7031,Bengaluru,Referral,2026-01,3,2026-01-31
7032,Bengaluru,Partnerships,2026-03,4,2026-04-19
7033,Pune,Paid Social,2025-11,3,2025-11-14
7034,Bengaluru,Influencer,2025-11,4,2025-11-20
7035,Chennai,Organic,2026-02,2,2026-02-25
7036,Mumbai,Organic,2026-02,12,2026-06-30
7037,Bengaluru,Organic,2026-02,9,2026-05-31
7038,Pune,Paid Social,2026-06,3,2026-07-13
7039,Mumbai,Organic,2026-07,1,2026-07-15
7040,Hyderabad,Influencer,2025-09,5,2025-09-26
7041,Bengaluru,Organic,2026-07,2,2026-07-22
7042,Pune,Organic,2026-04,12,2026-07-28
7043,Pune,Paid Social,2025-08,7,2025-10-24
7044,Bengaluru,App Store Search,2026-06,8,2026-08-17
7045,Mumbai,Influencer,2026-06,4,2026-06-29
7046,Delhi NCR,Paid Social,2025-12,8,2026-01-26
7047,Bengaluru,Organic,2026-02,2,2026-02-22
7048,Pune,Referral,2026-05,4,2026-06-30
7049,Bengaluru,App Store Search,2025-04,7,2025-04-24
7050,Mumbai,Paid Social,2026-08,2,2026-08-26
7051,Bengaluru,Referral,2026-06,9,2026-08-12
7052,Bengaluru,Organic,2026-06,4,2026-07-31
7053,Bengaluru,Referral,2025-06,1,2025-06-30
7054,Delhi NCR,App Store Search,2025-11,22,2026-05-24
7055,Pune,Organic,2026-02,18,2026-07-19
7058,Bengaluru,Paid Social,2025-06,2,2025-06-06
7059,Bengaluru,Paid Social,2025-11,14,2026-01-28
7060,Mumbai,Paid Social,2026-03,3,2026-03-21
7061,Mumbai,Paid Social,2026-03,13,2026-07-22
7062,Chennai,Referral,2025-12,6,2025-12-27
7063,Bengaluru,Paid Social,2026-01,1,2026-01-09
7064,Pune,Paid Social,2026-09,3,2026-09-09
7065,Bengaluru,Organic,2026-07,5,2026-07-27
7066,Mumbai,Paid Social,2026-07,3,2026-07-31
7067,Mumbai,Organic,2025-08,21,2026-02-27
7068,Chennai,Paid Social,2026-02,3,2026-03-27
7069,Mumbai,Organic,2026-01,10,2026-04-29
7070,Bengaluru,Paid Social,2026-03,4,2026-03-14
7071,Pune,Influencer,2025-12,2,2025-12-31
7072,Bengaluru,Influencer,2025-12,2,2025-12-28
7073,Pune,Paid Social,2025-12,3,2026-01-13
7074,Pune,Organic,2025-08,33,2026-06-30
7075,Mumbai,Paid Social,2026-07,2,2026-07-30
7076,Mumbai,Organic,2026-09,3,2026-09-14
7077,Pune,App Store Search,2025-09,13,2026-02-07
7078,Mumbai,Paid Social,2025-11,3,2025-11-25
7079,Hyderabad,Organic,2026-04,6,2026-06-30
7080,Bengaluru,Referral,2026-05,13,2026-08-20
7081,Mumbai,Referral,2025-11,4,2025-11-30
7082,Bengaluru,Paid Social,2025-07,4,2025-07-23
7083,Mumbai,Referral,2026-09,2,2026-09-12
7084,Bengaluru,Organic,2026-07,2,2026-07-24
7085,Chennai,Influencer,2026-03,10,2026-05-21
7086,Hyderabad,Organic,2026-08,3,2026-08-23
7087,Pune,Paid Social,2026-06,2,2026-06-27
7088,Mumbai,Influencer,2026-05,3,2026-05-25
7089,Pune,Referral,2026-02,17,2026-05-18
7090,Bengaluru,App Store Search,2026-02,3,2026-02-18
7091,Delhi NCR,Paid Social,2026-07,8,2026-08-26
7092,Mumbai,Organic,2026-06,11,2026-09-13
7093,Chennai,Influencer,2026-09,1,2026-09-12
7094,Hyderabad,Paid Social,2026-04,4,2026-04-28
7095,Pune,App Store Search,2025-12,3,2025-12-20
7096,Bengaluru,Paid Social,2026-08,4,2026-08-26
7097,Pune,Referral,2026-03,9,2026-06-29
7098,Hyderabad,Organic,2026-03,1,2026-03-24
7099,Bengaluru,Referral,2026-04,2,2026-04-18
7100,Delhi NCR,Organic,2025-06,2,2025-06-17
7101,Hyderabad,Organic,2026-06,1,2026-06-21
7102,Bengaluru,App Store Search,2025-09,1,2025-09-05
7103,Delhi NCR,Referral,2026-05,9,2026-08-23
7104,Pune,Paid Social,2026-01,2,2026-01-18
7105,Mumbai,Paid Social,2026-09,2,2026-09-04
7106,Mumbai,Organic,2026-07,7,2026-09-10
7107,Mumbai,Partnerships,2026-05,10,2026-09-04
7108,Bengaluru,Influencer,2026-02,11,2026-06-07
7109,Delhi NCR,Organic,2026-05,5,2026-05-24
7110,Bengaluru,Organic,2026-01,1,2026-01-26
7111,Pune,App Store Search,2026-06,3,2026-06-16
7112,Bengaluru,App Store Search,2025-12,5,2026-01-20
7113,Bengaluru,Paid Social,2025-09,4,2025-09-26
7114,Bengaluru,Paid Social,2025-07,3,2025-07-29
7115,Hyderabad,Paid Social,2025-09,3,2025-09-23
7116,Delhi NCR,Paid Social,2026-03,8,2026-04-18
7117,Bengaluru,Paid Social,2025-06,9,2025-08-29
7118,Chennai,Paid Social,2026-04,20,2026-09-13
7119,Chennai,App Store Search,2026-07,5,2026-07-29
7120,Mumbai,Referral,2026-08,4,2026-09-11
7121,Delhi NCR,Paid Social,2026-07,3,2026-07-29
7122,Chennai,Referral,2026-09,1,2026-09-09
7123,Bengaluru,Paid Social,2026-07,3,2026-07-23
7124,Delhi NCR,App Store Search,2025-08,1,2025-08-21
7125,Chennai,App Store Search,2025-12,7,2026-01-16
7126,Hyderabad,Organic,2025-10,25,2026-04-30
7127,Mumbai,Paid Social,2026-07,5,2026-09-13
7128,Bengaluru,Paid Social,2025-11,0,
7129,Bengaluru,Organic,2026-05,1,2026-05-10
7130,Pune,App Store Search,2026-06,6,2026-08-31
7131,Bengaluru,App Store Search,2026-04,14,2026-09-12
7132,Mumbai,Organic,2025-09,7,2025-10-25
7133,Delhi NCR,Influencer,2026-03,1,2026-03-08
7134,Pune,Partnerships,2026-06,8,2026-07-24
7135,Delhi NCR,Organic,2025-08,5,2025-09-20
7136,Pune,Influencer,2026-01,3,2026-01-24
7137,Bengaluru,App Store Search,2025-10,5,2025-10-28
7138,Pune,Organic,2026-08,2,2026-08-20
7139,Mumbai,Influencer,2026-05,9,2026-07-23
7140,Bengaluru,Organic,2026-04,1,2026-04-24
7141,Pune,Partnerships,2025-09,6,2025-10-30
7142,Bengaluru,App Store Search,2026-05,5,2026-06-04
7143,Bengaluru,Referral,2025-11,10,2026-01-23
7144,Delhi NCR,Referral,2026-06,3,2026-06-13
7145,Bengaluru,Organic,2026-08,3,2026-08-30
7146,Delhi NCR,Influencer,2026-08,4,2026-09-05
7147,Bengaluru,Referral,2025-11,8,2026-01-05
7148,Bengaluru,Paid Social,2026-06,1,2026-06-06
7149,Bengaluru,Referral,2026-02,6,2026-03-03
7150,Pune,Organic,2026-01,17,2026-06-19
7151,Mumbai,App Store Search,2026-05,6,2026-07-09
7152,Hyderabad,Paid Social,2026-09,2,2026-09-13
7153,Hyderabad,Paid Social,2026-01,17,2026-06-30
7154,Mumbai,App Store Search,2026-06,12,2026-08-26
7155,Bengaluru,Influencer,2026-08,6,2026-08-28
7156,Hyderabad,Partnerships,2026-04,4,2026-04-18
7157,Pune,Paid Social,2026-05,3,2026-05-25
7158,Pune,Referral,2026-06,7,2026-08-27
7159,Chennai,Referral,2026-03,21,2026-07-28
7160,Bengaluru,Paid Social,2026-02,1,2026-02-09
7161,Bengaluru,Organic,2026-01,7,2026-03-28
7162,Bengaluru,Paid Social,2026-06,2,2026-06-26
7163,Bengaluru,Organic,2025-07,2,2025-07-13
7164,Bengaluru,Paid Social,2026-08,3,2026-08-28
7165,Mumbai,Organic,2026-03,10,2026-06-27
7166,Delhi NCR,Organic,2026-09,1,2026-09-08
7167,Bengaluru,Organic,2026-05,4,2026-07-09
7168,Bengaluru,Referral,2026-05,20,2026-09-12
7169,Bengaluru,Organic,2026-07,8,2026-09-11
7170,Bengaluru,Referral,2026-06,4,2026-07-29
7171,Delhi NCR,Referral,2026-05,17,2026-09-02
7172,Hyderabad,Paid Social,2026-05,4,2026-07-22
7173,Pune,App Store Search,2025-11,3,2025-11-27
7174,Bengaluru,App Store Search,2026-03,8,2026-05-26
7175,Delhi NCR,Paid Social,2025-07,3,2025-07-29
7176,Pune,Paid Social,2026-09,1,2026-09-12
7177,Bengaluru,Paid Social,2026-01,4,2026-01-22
7178,Bengaluru,Paid Social,2026-08,2,2026-08-27
7179,Mumbai,Organic,2026-01,4,2026-01-31
7180,Mumbai,Paid Social,2026-03,6,2026-04-27
7181,Delhi NCR,Paid Social,2026-02,4,2026-03-30
7182,Hyderabad,Paid Social,2026-02,1,2026-02-14
7183,Hyderabad,Paid Social,2026-02,9,2026-04-23
7184,Pune,Influencer,2026-04,2,2026-04-27
7185,Mumbai,Organic,2026-03,5,2026-04-27
7186,Bengaluru,Organic,2026-04,12,2026-08-06
7187,Mumbai,Organic,2025-12,3,2025-12-31
7188,Mumbai,Paid Social,2026-05,5,2026-08-25
7189,Pune,Organic,2025-09,7,2025-10-17
7190,Hyderabad,Paid Social,2026-08,5,2026-09-09
7191,Mumbai,Paid Social,2026-07,2,2026-07-30
7192,Bengaluru,Organic,2025-08,3,2025-08-11
7193,Pune,Organic,2026-04,8,2026-05-13
7194,Bengaluru,App Store Search,2025-08,6,2025-09-12
7195,Hyderabad,App Store Search,2026-04,11,2026-07-28
7196,Bengaluru,Paid Social,2026-04,3,2026-04-27
7197,Bengaluru,App Store Search,2026-03,5,2026-03-20
7198,Bengaluru,App Store Search,2026-03,2,2026-03-14
7199,Pune,Organic,2026-03,12,2026-06-29
7200,Pune,Organic,2025-09,7,2025-11-30
7201,Bengaluru,Referral,2026-02,2,2026-03-27
7202,Pune,Partnerships,2026-03,2,2026-03-29
7203,Delhi NCR,Organic,2026-04,2,2026-04-02
7204,Bengaluru,Referral,2026-04,3,2026-04-27
7205,Bengaluru,Paid Social,2026-03,4,2026-03-18
7206,Mumbai,Organic,2025-11,8,2026-01-09
7207,Bengaluru,App Store Search,2026-08,5,2026-08-31
7208,Bengaluru,Paid Social,2025-08,2,2025-08-30
7209,Bengaluru,Paid Social,2026-07,1,2026-07-28
7210,Pune,Partnerships,2025-08,1,2025-08-10
7211,Pune,Influencer,2026-06,2,2026-06-29
7212,Mumbai,Paid Social,2025-09,3,2025-09-12
7213,Pune,Paid Social,2026-07,4,2026-08-21
7214,Delhi NCR,Organic,2025-11,10,2026-02-21
7215,Delhi NCR,Organic,2026-02,3,2026-02-23
7216,Pune,Paid Social,2026-03,4,2026-04-08
7217,Bengaluru,Referral,2025-11,4,2025-11-24
7218,Pune,App Store Search,2025-10,3,2025-10-09
7219,Pune,Referral,2026-07,5,2026-08-27
7220,Mumbai,Paid Social,2026-06,8,2026-09-06
7221,Bengaluru,Paid Social,2026-02,1,2026-02-24
7222,Mumbai,Paid Social,2026-08,2,2026-08-11
7223,Bengaluru,Organic,2026-09,1,2026-09-07
7224,Bengaluru,Partnerships,2026-07,6,2026-08-26
7225,Delhi NCR,Paid Social,2026-02,2,2026-02-14
7226,Pune,Organic,2026-08,5,2026-09-11
7227,Hyderabad,Organic,2026-05,12,2026-09-04
7228,Bengaluru,Influencer,2025-06,6,2025-07-16
7229,Mumbai,Organic,2026-06,5,2026-07-12
7230,Pune,Influencer,2026-03,1,2026-03-15
7231,Mumbai,Referral,2026-07,12,2026-09-13
7232,Mumbai,Paid Social,2026-08,4,2026-08-22
7233,Hyderabad,Referral,2025-08,2,2025-08-30
7234,Hyderabad,Paid Social,2026-08,5,2026-09-02
7235,Mumbai,Paid Social,2026-07,3,2026-07-30
7236,Hyderabad,Organic,2026-01,3,2026-01-31
7237,Pune,Paid Social,2026-02,8,2026-04-10
7238,Bengaluru,Paid Social,2026-09,1,2026-09-01
7239,Chennai,Paid Social,2026-04,16,2026-09-13
7240,Bengaluru,Organic,2026-02,20,2026-06-22
7241,Bengaluru,App Store Search,2026-02,1,2026-02-06
7242,Mumbai,Paid Social,2026-03,2,2026-03-25
7243,Mumbai,App Store Search,2026-07,3,2026-07-22
7244,Pune,Paid Social,2025-10,9,2026-01-16
7245,Pune,Paid Social,2026-08,2,2026-08-24
7246,Mumbai,Partnerships,2026-06,11,2026-07-23
7247,Mumbai,App Store Search,2025-09,9,2025-11-02
7248,Delhi NCR,Paid Social,2025-09,5,2025-10-06
7249,Mumbai,App Store Search,2026-06,10,2026-07-31
7250,Bengaluru,App Store Search,2025-10,17,2026-03-21
7251,Bengaluru,Paid Social,2026-03,4,2026-03-31
7252,Bengaluru,Organic,2026-07,2,2026-07-15
7253,Pune,Paid Social,2026-05,10,2026-08-25
7254,Hyderabad,App Store Search,2025-12,4,2026-01-07
7255,Bengaluru,Organic,2026-09,0,
7256,Mumbai,Paid Social,2025-09,20,2026-02-20
7257,Bengaluru,Organic,2025-10,10,2025-12-29
7258,Bengaluru,Paid Social,2026-06,4,2026-07-29
7259,Bengaluru,Referral,2026-08,4,2026-09-10
7260,Bengaluru,Paid Social,2026-02,4,2026-02-21
7261,Delhi NCR,Referral,2026-07,9,2026-09-12
7262,Chennai,Partnerships,2026-07,6,2026-08-29
7263,Mumbai,App Store Search,2026-05,6,2026-06-26
7264,Pune,Organic,2025-05,12,2025-08-26
7265,Bengaluru,Influencer,2025-11,1,2025-11-16
7266,Delhi NCR,Paid Social,2025-09,7,2025-09-29
7267,Bengaluru,Influencer,2026-07,2,2026-07-30
7268,Bengaluru,Partnerships,2026-02,2,2026-03-22
7269,Delhi NCR,Paid Social,2026-08,8,2026-09-15
7270,Bengaluru,Organic,2026-06,4,2026-06-23
7271,Pune,Paid Social,2026-06,2,2026-07-29
7272,Mumbai,Influencer,2026-07,1,2026-07-27
7273,Mumbai,Organic,2026-07,2,2026-07-07
7274,Hyderabad,Organic,2026-06,2,2026-06-23
7275,Delhi NCR,App Store Search,2026-06,7,2026-06-29
7276,Mumbai,App Store Search,2026-06,3,2026-06-29
7277,Mumbai,Influencer,2025-10,4,2025-10-31
7278,Delhi NCR,App Store Search,2026-03,12,2026-05-21
7279,Bengaluru,Paid Social,2026-07,4,2026-07-29
7280,Bengaluru,App Store Search,2026-09,2,2026-09-10
7281,Bengaluru,Influencer,2026-08,4,2026-08-07
7282,Pune,Organic,2025-09,2,2025-09-14
7283,Pune,Organic,2026-08,2,2026-09-01
7284,Mumbai,Paid Social,2025-09,3,2025-09-22
7285,Delhi NCR,Referral,2025-05,3,2025-05-18
7286,Delhi NCR,Influencer,2026-02,2,2026-02-25
7287,Bengaluru,Paid Social,2025-06,1,2025-06-26
7288,Mumbai,Partnerships,2025-11,5,2025-12-27
7289,Bengaluru,App Store Search,2025-11,7,2026-01-16
7290,Hyderabad,Organic,2026-04,4,2026-04-30
7291,Mumbai,Paid Social,2025-11,10,2026-01-31
7292,Delhi NCR,Paid Social,2026-01,6,2026-02-27
7293,Pune,Organic,2025-11,5,2025-12-22
7294,Pune,Organic,2025-06,2,2025-06-20
7295,Bengaluru,Referral,2026-04,15,2026-09-09
7296,Mumbai,Paid Social,2026-02,3,2026-03-19
7297,Bengaluru,Partnerships,2026-07,4,2026-07-22
7298,Mumbai,App Store Search,2026-01,6,2026-02-28
7299,Bengaluru,Influencer,2025-12,3,2025-12-27
7300,Bengaluru,Paid Social,2025-08,2,2025-08-08
7301,Delhi NCR,Organic,2026-04,11,2026-06-23
7302,Delhi NCR,Influencer,2025-11,6,2026-01-31
7303,Bengaluru,Paid Social,2025-05,2,2025-05-11
7304,Bengaluru,Organic,2026-05,3,2026-05-28
7305,Mumbai,Paid Social,2025-10,2,2025-10-25
7306,Bengaluru,Organic,2026-01,3,2026-01-22
7307,Pune,Organic,2026-06,2,2026-06-28
7308,Bengaluru,Organic,2025-05,4,2025-06-05
7309,Mumbai,Partnerships,2026-02,13,2026-05-30
7310,Pune,Organic,2025-07,5,2025-08-18
7311,Bengaluru,Paid Social,2025-09,2,2025-09-23
7312,Bengaluru,Organic,2025-07,2,2025-07-17
7313,Delhi NCR,Partnerships,2025-05,0,
7314,Mumbai,Paid Social,2026-01,5,2026-01-31
7315,Mumbai,Paid Social,2026-02,7,2026-03-11
7316,Bengaluru,Organic,2025-12,9,2026-02-24
7317,Delhi NCR,Referral,2026-05,4,2026-05-15
7318,Hyderabad,Influencer,2026-04,3,2026-04-29
7319,Mumbai,Referral,2026-03,2,2026-03-22
7320,Bengaluru,Paid Social,2025-10,3,2025-11-01
7321,Bengaluru,App Store Search,2025-11,10,2026-01-26
7322,Mumbai,Organic,2025-05,7,2025-08-07
7323,Hyderabad,Referral,2026-09,5,2026-09-15
7324,Bengaluru,Paid Social,2026-01,3,2026-01-31
7325,Pune,App Store Search,2026-04,7,2026-07-24
7326,Mumbai,Paid Social,2026-08,2,2026-09-10
7327,Mumbai,Referral,2026-03,7,2026-04-30
7328,Hyderabad,Influencer,2026-04,4,2026-04-25
7329,Mumbai,Organic,2025-12,4,2026-01-26
7330,Bengaluru,Organic,2026-07,6,2026-08-23
7331,Bengaluru,App Store Search,2025-11,9,2026-01-14
7332,Hyderabad,Paid Social,2026-07,3,2026-08-11
7333,Mumbai,Influencer,2025-11,3,2025-11-23
7334,Bengaluru,App Store Search,2026-08,4,2026-08-18
7335,Delhi NCR,Paid Social,2026-07,3,2026-07-27
7336,Bengaluru,Organic,2026-01,4,2026-02-03
7337,Pune,Influencer,2026-03,5,2026-04-24
7338,Hyderabad,Organic,2025-11,9,2026-01-28
7339,Mumbai,Referral,2025-08,3,2025-09-15
7340,Delhi NCR,Paid Social,2026-06,3,2026-06-30
7341,Pune,Partnerships,2026-04,8,2026-08-28
7342,Pune,Organic,2026-06,7,2026-08-18
7343,Pune,Paid Social,2025-12,5,2026-01-14
7344,Mumbai,Organic,2025-12,5,2025-12-26
7345,Bengaluru,Referral,2026-07,1,2026-07-07
7346,Hyderabad,Paid Social,2026-07,4,2026-08-14
7347,Pune,Organic,2026-04,4,2026-04-17
7348,Chennai,Organic,2026-08,4,2026-09-12
7349,Pune,Influencer,2025-07,3,2025-07-25
7351,Mumbai,App Store Search,2025-07,6,2025-08-31
7352,Pune,App Store Search,2026-03,5,2026-03-31
7353,Bengaluru,Referral,2025-12,3,2025-12-23
7355,Pune,Paid Social,2026-04,10,2026-07-10
7356,Hyderabad,Organic,2026-08,8,2026-09-13
7357,Mumbai,Organic,2025-10,8,2025-11-25
7358,Bengaluru,App Store Search,2026-05,7,2026-07-15
7359,Hyderabad,Paid Social,2026-03,5,2026-04-24
7360,Bengaluru,Organic,2025-10,2,2025-10-31
7361,Chennai,App Store Search,2026-01,6,2026-01-25
7362,Bengaluru,App Store Search,2026-04,1,2026-04-13
7363,Hyderabad,Influencer,2026-01,4,2026-02-18
7364,Bengaluru,Organic,2026-07,6,2026-09-11
7365,Mumbai,App Store Search,2026-06,11,2026-09-15
7366,Pune,App Store Search,2025-12,0,
7367,Bengaluru,Organic,2025-11,10,2026-01-17
7368,Bengaluru,Referral,2025-08,7,2025-09-26
7369,Bengaluru,Organic,2026-04,11,2026-08-26
7370,Delhi NCR,Paid Social,2025-12,15,2026-04-21
7371,Delhi NCR,Partnerships,2026-08,4,2026-08-19
7372,Mumbai,Referral,2026-08,4,2026-08-26
7373,Hyderabad,Organic,2025-08,13,2025-10-31
7374,Bengaluru,Organic,2026-07,10,2026-09-14
7375,Bengaluru,Partnerships,2026-04,12,2026-06-30
7376,Delhi NCR,Organic,2026-06,8,2026-09-08
7377,Hyderabad,Organic,2025-09,9,2025-10-26
7378,Mumbai,Referral,2025-11,2,2025-11-28
7379,Delhi NCR,Organic,2025-10,7,2026-01-16
7380,Bengaluru,Influencer,2025-04,14,2025-07-20
7381,Delhi NCR,Organic,2025-09,29,2026-06-02
7382,Pune,Influencer,2026-07,6,2026-07-30
7383,Bengaluru,Organic,2026-03,3,2026-04-12
7384,Pune,Referral,2026-02,13,2026-06-25
7385,Bengaluru,Organic,2026-07,3,2026-07-30
7386,Pune,App Store Search,2025-10,4,2025-11-22
7387,Bengaluru,App Store Search,2026-05,11,2026-08-26
7388,Mumbai,Paid Social,2025-11,6,2025-12-29
7389,Bengaluru,Organic,2026-05,4,2026-05-27
7390,Bengaluru,Organic,2025-12,3,2025-12-31
7391,Bengaluru,Organic,2026-06,9,2026-09-06
7392,Hyderabad,Paid Social,2026-07,11,2026-09-15
7393,Pune,Paid Social,2026-05,8,2026-06-16
7394,Bengaluru,Organic,2026-05,5,2026-05-29
7395,Mumbai,Paid Social,2025-08,1,2025-08-03
7397,Pune,Organic,2025-11,1,2025-11-11
7398,Bengaluru,Referral,2026-08,2,2026-08-28
7399,Delhi NCR,Referral,2026-07,4,2026-08-04
7400,Pune,App Store Search,2026-05,4,2026-05-29
7401,Delhi NCR,Organic,2025-11,13,2026-03-14
7402,Bengaluru,Partnerships,2026-03,5,2026-04-24
7403,Pune,Referral,2026-07,7,2026-08-29
7404,Hyderabad,Organic,2026-07,3,2026-07-23
7405,Mumbai,Organic,2026-02,6,2026-02-25
7406,Bengaluru,Organic,2025-12,5,2026-01-23
7407,Bengaluru,Paid Social,2026-08,4,2026-08-25
7408,Pune,Partnerships,2025-07,2,2025-08-05
7409,Pune,Paid Social,2026-08,2,2026-08-17
7410,Delhi NCR,Paid Social,2026-01,5,2026-02-15
7411,Pune,Organic,2025-06,7,2025-07-27
7412,Hyderabad,Referral,2025-10,6,2025-11-09
7413,Bengaluru,Organic,2026-01,5,2026-03-26
7414,Mumbai,App Store Search,2026-07,2,2026-07-23
7415,Bengaluru,App Store Search,2026-01,4,2026-02-14
7416,Bengaluru,Paid Social,2025-08,7,2025-09-15
7418,Chennai,Referral,2026-09,1,2026-09-12
7419,Delhi NCR,Referral,2026-08,10,2026-09-13
7420,Pune,Organic,2026-03,2,2026-03-15
7421,Pune,Organic,2026-05,11,2026-09-11
7422,Delhi NCR,Organic,2026-07,8,2026-09-13
7423,Pune,Referral,2025-07,6,2025-08-31
7424,Chennai,App Store Search,2026-08,4,2026-08-30
7425,Delhi NCR,Referral,2026-03,7,2026-04-25
7426,Bengaluru,Paid Social,2026-04,2,2026-04-29
7427,Mumbai,Paid Social,2026-02,4,2026-02-27
7428,Bengaluru,Paid Social,2025-11,6,2025-12-30
7429,Bengaluru,Organic,2026-08,2,2026-08-29
7430,Pune,App Store Search,2025-11,4,2025-12-19
7431,Delhi NCR,App Store Search,2026-08,5,2026-08-29
7432,Delhi NCR,Paid Social,2025-09,6,2025-10-17
7433,Bengaluru,App Store Search,2026-08,3,2026-08-18
7434,Bengaluru,Paid Social,2026-05,5,2026-06-28
7435,Delhi NCR,Paid Social,2026-05,6,2026-06-06
7436,Hyderabad,App Store Search,2026-01,5,2026-02-25
7437,Delhi NCR,Paid Social,2025-12,12,2026-04-26
7438,Bengaluru,Influencer,2026-04,4,2026-04-11
7439,Bengaluru,Paid Social,2025-09,12,2025-11-12
7440,Bengaluru,Referral,2025-12,16,2026-05-24
7441,Mumbai,Paid Social,2026-07,3,2026-08-18
7442,Delhi NCR,Organic,2026-02,5,2026-02-22
7443,Mumbai,Partnerships,2026-06,9,2026-09-11
7444,Bengaluru,Referral,2026-03,3,2026-03-25
7445,Bengaluru,Organic,2026-07,7,2026-09-06
7446,Hyderabad,Organic,2026-05,17,2026-09-09
7447,Delhi NCR,Referral,2025-09,10,2025-12-14
7448,Pune,Organic,2026-04,5,2026-06-28
7449,Mumbai,Referral,2026-03,1,2026-03-25
7450,Delhi NCR,App Store Search,2026-02,3,2026-02-19
7451,Pune,Organic,2026-06,7,2026-08-26
7452,Mumbai,App Store Search,2026-02,1,2026-02-23
7453,Pune,Organic,2026-08,4,2026-09-02
7454,Pune,Organic,2026-08,4,2026-09-09
7455,Bengaluru,Referral,2025-08,0,
7456,Mumbai,Paid Social,2025-10,2,2025-10-21
7457,Pune,App Store Search,2026-07,6,2026-08-29
7458,Hyderabad,App Store Search,2026-05,11,2026-09-12
7459,Mumbai,Influencer,2026-07,2,2026-07-30
7460,Delhi NCR,Organic,2026-02,5,2026-03-28
7461,Bengaluru,Organic,2025-09,5,2025-09-24
7462,Mumbai,Influencer,2025-06,2,2025-06-24
7463,Delhi NCR,Paid Social,2026-07,12,2026-09-07
7464,Bengaluru,App Store Search,2025-12,2,2025-12-14
7465,Bengaluru,Organic,2026-06,3,2026-07-17
7466,Mumbai,Paid Social,2025-04,2,2025-04-21
7467,Bengaluru,Organic,2026-07,8,2026-08-22
7468,Bengaluru,Partnerships,2025-05,4,2025-06-30
7469,Delhi NCR,Paid Social,2026-05,3,2026-05-30
7470,Hyderabad,App Store Search,2025-11,6,2025-12-21
7471,Pune,Organic,2025-06,1,2025-06-05
7472,Mumbai,Organic,2025-08,5,2025-08-30
7473,Mumbai,Referral,2025-09,6,2025-10-15
7474,Mumbai,Paid Social,2026-05,3,2026-05-31
7475,Mumbai,Influencer,2026-03,2,2026-03-30
7476,Mumbai,App Store Search,2026-05,5,2026-06-18
7477,Delhi NCR,Organic,2025-11,4,2025-11-30
7478,Delhi NCR,App Store Search,2026-06,3,2026-06-21
7479,Delhi NCR,App Store Search,2025-04,9,2025-06-20
7480,Delhi NCR,App Store Search,2026-09,0,
7481,Mumbai,Referral,2026-05,10,2026-08-13
7482,Bengaluru,Organic,2026-03,6,2026-04-21
7483,Bengaluru,Paid Social,2026-06,5,2026-06-30
7484,Pune,App Store Search,2026-03,1,2026-03-03
7485,Delhi NCR,Paid Social,2026-06,6,2026-07-23
7486,Chennai,App Store Search,2026-04,1,2026-04-03
7487,Mumbai,Referral,2025-11,4,2025-12-29
7488,Mumbai,Paid Social,2025-11,8,2025-12-26
7489,Bengaluru,Referral,2026-09,1,2026-09-10
7490,Bengaluru,Referral,2026-06,13,2026-09-15
7491,Delhi NCR,Organic,2026-04,4,2026-05-22
7492,Bengaluru,App Store Search,2026-06,2,2026-06-27
7493,Pune,App Store Search,2025-05,2,2025-05-13
7495,Pune,Organic,2026-09,2,2026-09-06
7496,Pune,Organic,2026-04,1,2026-04-06
7497,Bengaluru,Organic,2026-06,3,2026-06-30
7499,Pune,Paid Social,2026-04,3,2026-04-25
7500,Pune,Paid Social,2025-06,5,2025-06-30
7501,Delhi NCR,Paid Social,2026-08,3,2026-09-12
7502,Chennai,Paid Social,2026-07,2,2026-07-20
7503,Mumbai,Referral,2025-09,36,2026-09-13
7504,Bengaluru,Organic,2026-02,7,2026-03-27
7505,Chennai,Paid Social,2026-04,3,2026-04-23
7506,Mumbai,Paid Social,2025-09,4,2025-09-24
7507,Pune,Paid Social,2026-05,7,2026-06-23
7508,Pune,App Store Search,2025-04,2,2025-04-05
7509,Bengaluru,Influencer,2026-08,4,2026-08-23
7510,Pune,Paid Social,2025-05,9,2025-07-27
7511,Pune,Paid Social,2026-04,3,2026-04-22
7512,Mumbai,Paid Social,2025-07,2,2025-07-08
7513,Bengaluru,Paid Social,2026-05,3,2026-05-30
7514,Bengaluru,Influencer,2025-05,2,2025-05-22
7515,Mumbai,App Store Search,2026-05,11,2026-07-25
7516,Delhi NCR,Referral,2026-02,9,2026-03-30
7517,Bengaluru,Organic,2026-04,4,2026-04-30
7518,Hyderabad,Organic,2026-04,2,2026-04-18
7519,Delhi NCR,Paid Social,2025-08,2,2025-08-03
7520,Hyderabad,Referral,2026-07,7,2026-09-03
7521,Mumbai,Organic,2026-02,7,2026-04-06
7522,Delhi NCR,Organic,2026-04,3,2026-04-21
7523,Bengaluru,Organic,2025-05,1,2025-05-05
7524,Bengaluru,Paid Social,2026-02,3,2026-02-17
7525,Mumbai,Paid Social,2025-10,20,2026-03-24
7526,Pune,Paid Social,2025-12,9,2026-02-27
7527,Mumbai,Paid Social,2025-11,12,2026-03-16
7528,Mumbai,App Store Search,2026-01,3,2026-01-30
7529,Pune,Paid Social,2026-02,1,2026-02-24
7530,Chennai,Partnerships,2026-05,7,2026-06-30
7531,Pune,Organic,2025-11,4,2025-11-17
7532,Bengaluru,Paid Social,2026-07,5,2026-08-24
7533,Delhi NCR,App Store Search,2026-04,4,2026-04-25
7534,Pune,Paid Social,2025-07,3,2025-07-29
7535,Mumbai,Referral,2026-07,7,2026-09-15
7536,Mumbai,Paid Social,2026-07,6,2026-07-31
7537,Bengaluru,Paid Social,2026-08,2,2026-08-25
7538,Pune,Referral,2026-01,1,2026-01-01
7539,Bengaluru,Organic,2026-02,14,2026-06-28
7540,Pune,Paid Social,2025-12,12,2026-02-16
7541,Mumbai,Paid Social,2026-02,3,2026-02-17
7542,Delhi NCR,Paid Social,2026-05,20,2026-09-04
7543,Mumbai,Paid Social,2025-09,1,2025-09-26
7544,Hyderabad,Influencer,2026-04,8,2026-06-26
7545,Bengaluru,Referral,2026-06,0,
7546,Delhi NCR,Organic,2026-05,1,2026-05-08
7547,Pune,Paid Social,2026-03,5,2026-04-21
7548,Bengaluru,Influencer,2025-10,1,2025-10-28
7549,Bengaluru,Organic,2026-01,2,2026-01-30
7550,Delhi NCR,Influencer,2026-06,2,2026-06-29
7551,Delhi NCR,Organic,2025-12,1,2025-12-22
7552,Bengaluru,Partnerships,2026-05,2,2026-05-25
7553,Bengaluru,Referral,2026-01,4,2026-02-01
7554,Delhi NCR,Paid Social,2026-05,10,2026-06-20
7555,Bengaluru,Paid Social,2026-03,3,2026-05-05
7556,Delhi NCR,Paid Social,2025-10,1,2025-10-31
7557,Chennai,Organic,2026-05,5,2026-06-29
7558,Hyderabad,App Store Search,2026-01,7,2026-03-29
7559,Bengaluru,Organic,2026-07,10,2026-08-21
7560,Mumbai,Paid Social,2026-09,0,
7561,Bengaluru,Organic,2025-04,7,2025-06-27
7562,Bengaluru,Paid Social,2026-03,7,2026-04-21
7563,Hyderabad,Influencer,2026-07,5,2026-09-12
7564,Mumbai,Paid Social,2026-02,2,2026-02-28
7565,Mumbai,App Store Search,2025-10,4,2025-11-29
7566,Delhi NCR,Paid Social,2025-12,18,2026-06-17
7567,Bengaluru,Paid Social,2026-04,5,2026-04-22
7568,Hyderabad,Paid Social,2026-04,6,2026-06-08
7569,Pune,App Store Search,2026-08,3,2026-08-24
7570,Mumbai,Referral,2026-01,11,2026-03-31
7571,Pune,Paid Social,2026-09,2,2026-09-12
7572,Delhi NCR,Organic,2025-12,3,2025-12-25
7573,Bengaluru,Paid Social,2025-05,3,2025-05-25
7574,Mumbai,Referral,2026-05,14,2026-08-28
7575,Bengaluru,Organic,2026-05,7,2026-07-27
7576,Bengaluru,Organic,2026-09,2,2026-09-10
7577,Mumbai,Paid Social,2026-05,10,2026-07-30
7578,Mumbai,Referral,2026-06,4,2026-06-22
7579,Mumbai,Organic,2026-08,7,2026-09-15
7580,Mumbai,Organic,2025-11,5,2025-11-29
7581,Chennai,Organic,2026-07,2,2026-07-11
7582,Mumbai,Referral,2025-11,9,2026-01-26
7583,Mumbai,Organic,2026-08,3,2026-08-31
7584,Mumbai,Influencer,2026-08,1,2026-08-31
7585,Bengaluru,Influencer,2026-03,9,2026-05-30
7586,Delhi NCR,Referral,2026-05,5,2026-05-26
7587,Hyderabad,Organic,2026-04,4,2026-04-27
7588,Mumbai,Paid Social,2026-06,2,2026-06-10
7589,Bengaluru,Paid Social,2026-05,2,2026-05-29
7590,Chennai,Referral,2026-04,20,2026-08-18
7591,Mumbai,Paid Social,2025-07,6,2025-08-17
7592,Bengaluru,App Store Search,2026-07,7,2026-07-31
7593,Bengaluru,Partnerships,2026-03,4,2026-03-29
7594,Bengaluru,Organic,2026-08,3,2026-08-31
7595,Bengaluru,Organic,2026-03,3,2026-03-30
7596,Hyderabad,Referral,2026-06,7,2026-09-01
7597,Delhi NCR,App Store Search,2026-05,3,2026-05-27
7598,Delhi NCR,Paid Social,2026-07,2,2026-07-14
7599,Mumbai,Paid Social,2026-03,15,2026-05-31
7600,Bengaluru,Paid Social,2026-02,5,2026-02-28
7601,Bengaluru,App Store Search,2026-07,6,2026-08-30
7602,Bengaluru,Influencer,2026-08,6,2026-08-31
7603,Pune,Paid Social,2025-06,1,2025-06-28
7604,Mumbai,Referral,2026-06,4,2026-06-30
7605,Delhi NCR,Influencer,2026-06,2,2026-06-21
7606,Mumbai,App Store Search,2026-08,3,2026-09-11
7607,Bengaluru,Organic,2026-07,8,2026-08-30
7608,Bengaluru,Paid Social,2026-09,0,
7609,Mumbai,Paid Social,2026-08,6,2026-09-14
7610,Bengaluru,Paid Social,2025-07,6,2025-08-28
7611,Bengaluru,App Store Search,2025-07,2,2025-07-27
7612,Bengaluru,Organic,2026-04,7,2026-06-22
7613,Mumbai,Paid Social,2026-05,17,2026-08-30
7614,Bengaluru,Organic,2025-12,4,2025-12-30
7615,Bengaluru,Organic,2026-03,12,2026-08-29
7616,Bengaluru,App Store Search,2025-09,3,2025-09-25
7617,Mumbai,Referral,2026-04,6,2026-05-16
7618,Mumbai,Paid Social,2025-12,13,2026-02-28
7619,Mumbai,Organic,2026-01,2,2026-01-24
7621,Hyderabad,Organic,2025-11,11,2026-02-23
7622,Bengaluru,Organic,2026-08,1,2026-08-08
7623,Pune,Paid Social,2026-05,5,2026-06-16
7624,Mumbai,Referral,2025-08,6,2025-11-02
7625,Mumbai,Organic,2026-04,8,2026-06-28
7626,Pune,Paid Social,2026-06,7,2026-08-18
7627,Mumbai,Paid Social,2026-01,1,2026-01-12
7628,Bengaluru,Organic,2026-05,5,2026-06-25
7629,Bengaluru,Organic,2025-06,9,2025-08-30
7630,Delhi NCR,Paid Social,2026-05,7,2026-06-24
7631,Mumbai,Referral,2026-04,11,2026-07-20
7632,Pune,App Store Search,2026-07,5,2026-09-08
7633,Pune,Paid Social,2026-08,4,2026-09-07
7634,Delhi NCR,Organic,2026-06,3,2026-06-10
7635,Mumbai,Paid Social,2026-08,2,2026-08-25
7636,Bengaluru,Organic,2026-02,4,2026-03-01
7637,Mumbai,Paid Social,2026-04,1,2026-04-25
7638,Mumbai,Paid Social,2025-05,4,2025-05-31
7639,Bengaluru,Referral,2026-02,4,2026-02-24
7640,Bengaluru,Referral,2026-08,5,2026-09-14
7641,Bengaluru,Organic,2026-01,5,2026-01-29
7642,Bengaluru,Referral,2026-08,4,2026-09-14
7643,Pune,Influencer,2026-05,4,2026-06-24
7644,Hyderabad,Organic,2025-09,2,2025-09-16
7645,Mumbai,Paid Social,2026-01,5,2026-02-02
7646,Bengaluru,Organic,2026-07,4,2026-07-31
7647,Pune,Organic,2026-01,5,2026-02-27
7648,Pune,Referral,2026-02,11,2026-03-29
7649,Hyderabad,Organic,2025-08,12,2025-10-26
7650,Bengaluru,Influencer,2025-08,5,2025-08-31
7651,Pune,Referral,2026-01,21,2026-05-28
7652,Hyderabad,Organic,2025-12,23,2026-07-31
7653,Pune,Organic,2026-06,3,2026-06-30
7654,Mumbai,Referral,2025-09,10,2025-11-19
7655,Delhi NCR,App Store Search,2025-12,1,2025-12-17
7656,Mumbai,Referral,2026-06,8,2026-09-07
7657,Mumbai,Organic,2025-12,2,2025-12-26
7659,Chennai,Organic,2026-08,2,2026-08-31
7660,Bengaluru,Organic,2026-04,2,2026-04-20
7661,Chennai,Organic,2026-06,6,2026-06-30
7662,Mumbai,Paid Social,2025-11,11,2026-01-29
7663,Bengaluru,Referral,2026-07,4,2026-07-29
7664,Hyderabad,Paid Social,2025-12,8,2026-02-05
7665,Pune,Paid Social,2026-01,6,2026-02-19
7666,Chennai,App Store Search,2026-07,6,2026-07-28
7667,Mumbai,Paid Social,2026-04,3,2026-04-18
7668,Mumbai,App Store Search,2025-09,4,2025-09-27
7669,Mumbai,App Store Search,2026-04,12,2026-07-28
7670,Pune,Referral,2025-10,6,2025-11-20
7671,Mumbai,Organic,2025-11,1,2025-11-27
7672,Delhi NCR,Influencer,2026-07,5,2026-09-06
7673,Mumbai,Organic,2026-02,5,2026-03-27
7674,Chennai,Partnerships,2026-08,3,2026-08-25
7675,Mumbai,Paid Social,2025-10,1,2025-10-03
7676,Mumbai,Organic,2026-01,4,2026-01-22
7677,Bengaluru,Influencer,2026-01,6,2026-02-19
7678,Delhi NCR,Organic,2026-06,10,2026-07-24
7679,Delhi NCR,Organic,2026-02,15,2026-05-17
7680,Mumbai,App Store Search,2025-09,6,2025-10-22
7681,Pune,Referral,2025-12,17,2026-05-20
7682,Mumbai,Referral,2025-09,7,2025-11-15
7683,Pune,Organic,2026-07,10,2026-08-16
7684,Mumbai,Organic,2025-05,2,2025-05-22
7686,Mumbai,Paid Social,2026-06,3,2026-06-17
7687,Bengaluru,App Store Search,2026-08,4,2026-09-13
7688,Bengaluru,Organic,2026-01,1,2026-01-05
7689,Chennai,Organic,2026-04,3,2026-04-24
7690,Delhi NCR,Organic,2026-06,4,2026-06-24
7691,Bengaluru,Organic,2026-02,6,2026-02-24
7692,Bengaluru,App Store Search,2026-07,2,2026-07-23
7693,Delhi NCR,Paid Social,2026-05,9,2026-08-13
7694,Mumbai,Organic,2026-06,5,2026-06-27
7695,Bengaluru,App Store Search,2025-09,2,2025-09-22
7696,Delhi NCR,Paid Social,2026-02,8,2026-03-30
7697,Pune,Paid Social,2025-08,10,2025-10-27
7699,Bengaluru,Paid Social,2026-08,5,2026-08-28
7700,Hyderabad,App Store Search,2026-07,2,2026-07-28
7701,Bengaluru,Organic,2026-03,6,2026-03-27
7702,Bengaluru,Paid Social,2025-11,3,2025-11-24
7703,Mumbai,Paid Social,2026-05,6,2026-06-30
7704,Bengaluru,Referral,2026-01,11,2026-03-29
7705,Bengaluru,Paid Social,2026-06,1,2026-06-08
7706,Delhi NCR,Paid Social,2026-06,5,2026-07-19
7707,Delhi NCR,Organic,2026-08,5,2026-09-11
7708,Mumbai,App Store Search,2026-08,3,2026-08-28
7709,Delhi NCR,Paid Social,2025-11,11,2026-01-25
7710,Pune,Organic,2026-06,4,2026-07-07
7711,Bengaluru,Paid Social,2026-07,3,2026-07-27
7712,Chennai,Paid Social,2026-04,7,2026-06-23
7713,Bengaluru,Paid Social,2026-03,8,2026-05-30
7714,Bengaluru,Organic,2025-12,3,2025-12-29
7715,Pune,Paid Social,2025-11,2,2025-11-14
7716,Delhi NCR,Paid Social,2025-09,5,2025-10-13
7717,Pune,Paid Social,2026-04,4,2026-04-17
7718,Pune,App Store Search,2026-08,7,2026-08-26
7719,Mumbai,Paid Social,2026-05,2,2026-05-29
7720,Bengaluru,App Store Search,2026-02,20,2026-08-15
7721,Bengaluru,Partnerships,2026-08,5,2026-09-11
7722,Bengaluru,Partnerships,2025-08,7,2025-09-19
7723,Bengaluru,Organic,2026-06,6,2026-07-05
7724,Bengaluru,Organic,2025-11,1,2025-11-18
7725,Hyderabad,Organic,2025-12,2,2025-12-31
7726,Delhi NCR,Paid Social,2026-08,3,2026-08-29
7727,Pune,App Store Search,2025-06,7,2025-07-24
7728,Delhi NCR,Referral,2026-08,8,2026-09-09
7729,Hyderabad,App Store Search,2026-03,9,2026-04-16
7730,Delhi NCR,Influencer,2025-11,5,2025-11-29
7731,Pune,Paid Social,2026-08,4,2026-09-04
7732,Pune,Partnerships,2025-12,1,2025-12-14
7733,Bengaluru,Organic,2026-05,2,2026-05-26
7734,Delhi NCR,App Store Search,2026-01,1,2026-01-16
7735,Hyderabad,App Store Search,2026-02,13,2026-06-03
7736,Delhi NCR,Paid Social,2026-02,7,2026-03-10
7737,Bengaluru,Paid Social,2025-07,2,2025-07-23
7738,Mumbai,Partnerships,2026-02,2,2026-02-18
7739,Bengaluru,App Store Search,2026-07,10,2026-09-05
7740,Pune,Organic,2026-03,8,2026-05-25
7741,Hyderabad,App Store Search,2026-07,2,2026-07-26
7742,Bengaluru,Paid Social,2026-04,3,2026-04-30
7743,Delhi NCR,Organic,2026-06,7,2026-08-21
7744,Bengaluru,Organic,2025-06,2,2025-06-08
7745,Bengaluru,Paid Social,2025-07,4,2025-07-15
7746,Delhi NCR,Paid Social,2026-07,3,2026-07-13
7747,Bengaluru,Paid Social,2026-06,3,2026-06-15
7748,Bengaluru,Partnerships,2026-03,3,2026-03-31
7749,Mumbai,Organic,2026-09,1,2026-09-03
7750,Bengaluru,App Store Search,2025-09,7,2025-10-29
7751,Mumbai,Partnerships,2026-04,5,2026-05-24
7752,Mumbai,Referral,2025-08,8,2025-10-14
7753,Bengaluru,App Store Search,2026-04,9,2026-08-28
7754,Mumbai,Paid Social,2025-12,11,2026-03-17
7755,Bengaluru,Paid Social,2025-12,6,2026-01-16
7756,Bengaluru,Referral,2025-06,18,2025-09-28
7757,Mumbai,Partnerships,2026-01,4,2026-02-08
7758,Bengaluru,App Store Search,2025-09,5,2025-09-24
7759,Bengaluru,Referral,2026-08,7,2026-09-08
7760,Mumbai,Paid Social,2025-12,3,2025-12-26
7761,Pune,App Store Search,2025-07,17,2025-11-26
7762,Pune,Organic,2026-06,1,2026-06-02
7763,Pune,Organic,2026-06,2,2026-06-24
7764,Hyderabad,Partnerships,2025-11,1,2025-11-20
7765,Bengaluru,Referral,2025-11,8,2026-01-26
7766,Bengaluru,Organic,2025-10,1,2025-10-14
7767,Pune,Referral,2025-06,5,2025-07-12
7768,Delhi NCR,Paid Social,2026-03,2,2026-03-26
7770,Hyderabad,App Store Search,2026-07,8,2026-09-09
7771,Chennai,Influencer,2026-05,2,2026-05-28
7772,Bengaluru,Paid Social,2025-08,5,2025-08-31
7773,Mumbai,Paid Social,2026-02,6,2026-02-27
7774,Mumbai,Paid Social,2026-08,3,2026-08-13
7775,Bengaluru,Referral,2026-06,9,2026-08-31
7776,Pune,Organic,2025-12,6,2026-02-16
7777,Hyderabad,Referral,2025-09,3,2025-09-24
7778,Bengaluru,App Store Search,2026-02,4,2026-03-13
7779,Mumbai,App Store Search,2025-09,13,2026-01-29
7780,Bengaluru,Paid Social,2025-12,2,2025-12-22
7781,Mumbai,Paid Social,2026-05,6,2026-06-30
7782,Mumbai,Influencer,2026-01,1,2026-01-19
7783,Bengaluru,Paid Social,2026-08,3,2026-09-07
7784,Mumbai,Paid Social,2026-06,2,2026-06-24
7785,Delhi NCR,App Store Search,2026-08,4,2026-08-27
7786,Mumbai,Paid Social,2026-06,4,2026-07-16
7787,Pune,Organic,2025-10,8,2025-11-29
7788,Mumbai,Referral,2025-10,0,
7789,Bengaluru,Referral,2025-05,3,2025-05-31
7790,Mumbai,Organic,2026-08,7,2026-09-04
7791,Bengaluru,Paid Social,2025-05,4,2025-05-29
7792,Bengaluru,Organic,2026-07,6,2026-09-03
7793,Hyderabad,Referral,2026-05,12,2026-09-08
7794,Bengaluru,Paid Social,2025-08,2,2025-08-19
7795,Mumbai,Paid Social,2026-04,6,2026-05-19
7796,Bengaluru,Organic,2026-09,0,
7797,Bengaluru,Paid Social,2026-01,4,2026-01-28
7798,Mumbai,Referral,2026-05,9,2026-07-07
7799,Delhi NCR,Organic,2025-09,17,2026-01-29
7800,Pune,Paid Social,2025-10,5,2025-11-26
7801,Mumbai,Organic,2026-06,11,2026-09-11
7802,Hyderabad,Partnerships,2026-02,8,2026-04-22
7803,Bengaluru,Paid Social,2026-06,3,2026-06-28
7804,Pune,App Store Search,2026-03,5,2026-04-27
7805,Pune,Organic,2026-04,9,2026-06-25
7806,Bengaluru,Influencer,2026-09,1,2026-09-07
7807,Bengaluru,Organic,2025-10,9,2025-12-20
7808,Bengaluru,App Store Search,2025-12,3,2025-12-30
7809,Bengaluru,Partnerships,2026-08,5,2026-09-14
7810,Bengaluru,Paid Social,2026-02,4,2026-03-01
7811,Bengaluru,Paid Social,2026-06,4,2026-07-30
7812,Bengaluru,Paid Social,2026-08,4,2026-08-17
7813,Bengaluru,Organic,2026-09,1,2026-09-12
7814,Bengaluru,Paid Social,2025-11,6,2025-11-29
7815,Mumbai,Paid Social,2026-05,6,2026-06-07
7816,Mumbai,Paid Social,2025-04,3,2025-04-24
7817,Hyderabad,App Store Search,2026-07,8,2026-08-31
7818,Bengaluru,App Store Search,2026-03,5,2026-03-26
7819,Hyderabad,Paid Social,2026-06,8,2026-08-23
7820,Bengaluru,Organic,2025-08,9,2025-09-30
7821,Mumbai,Paid Social,2025-05,3,2025-05-09
7822,Delhi NCR,Paid Social,2026-04,10,2026-05-23
7823,Bengaluru,Partnerships,2026-03,15,2026-09-13
7824,Mumbai,Paid Social,2026-08,4,2026-09-14
7825,Delhi NCR,Referral,2026-03,3,2026-03-16
7826,Hyderabad,App Store Search,2026-03,7,2026-05-30
7827,Hyderabad,Organic,2026-07,9,2026-09-07
7828,Bengaluru,Referral,2026-08,6,2026-09-03
7829,Chennai,App Store Search,2026-03,3,2026-03-15
7830,Pune,Referral,2026-07,9,2026-09-14
7831,Bengaluru,Referral,2026-05,6,2026-06-28
7832,Bengaluru,Influencer,2025-10,10,2026-01-30
7833,Bengaluru,Referral,2026-02,6,2026-03-13
7834,Chennai,Paid Social,2026-07,8,2026-08-24
7835,Bengaluru,Organic,2025-12,20,2026-05-13
7836,Pune,Organic,2026-01,2,2026-01-24
7837,Hyderabad,Organic,2025-08,6,2025-09-18
7838,Mumbai,Organic,2025-07,8,2025-09-29
7839,Chennai,App Store Search,2026-08,1,2026-08-18
7840,Delhi NCR,App Store Search,2025-06,15,2025-11-25
7841,Mumbai,Paid Social,2025-08,1,2025-08-14
7842,Mumbai,Organic,2025-05,15,2025-10-19
7843,Bengaluru,Organic,2026-03,7,2026-05-29
7844,Delhi NCR,Referral,2025-10,16,2026-02-28
7845,Bengaluru,Referral,2026-02,4,2026-02-24
7846,Delhi NCR,Paid Social,2025-06,11,2025-07-22
7847,Pune,Paid Social,2025-10,1,2025-10-10
7848,Mumbai,Paid Social,2026-07,7,2026-09-14
7849,Hyderabad,Paid Social,2026-06,15,2026-09-15
7850,Bengaluru,Organic,2026-04,15,2026-07-29
7851,Mumbai,Referral,2025-12,10,2026-02-22
7852,Pune,Organic,2026-08,3,2026-08-28
7853,Hyderabad,App Store Search,2026-08,2,2026-09-04
7854,Pune,App Store Search,2025-11,2,2025-11-19
7855,Delhi NCR,Organic,2026-06,3,2026-07-03
7856,Bengaluru,Paid Social,2025-12,5,2025-12-22
7857,Mumbai,Organic,2026-08,4,2026-09-13
7858,Bengaluru,Organic,2025-12,9,2026-02-05
7859,Mumbai,Partnerships,2026-06,3,2026-07-04
7860,Bengaluru,App Store Search,2025-11,6,2026-01-29
7861,Bengaluru,Referral,2026-06,2,2026-06-15
7862,Pune,Partnerships,2025-06,5,2025-07-16
7863,Chennai,Paid Social,2025-11,4,2025-11-25
7864,Mumbai,Partnerships,2025-11,3,2025-11-22
7865,Bengaluru,Organic,2025-11,10,2026-02-15
7866,Delhi NCR,Referral,2026-07,3,2026-07-16
7867,Delhi NCR,Referral,2025-07,21,2025-12-28
7868,Mumbai,Referral,2026-03,2,2026-03-05
7869,Chennai,Referral,2026-07,8,2026-09-14
7870,Mumbai,Paid Social,2025-06,12,2025-08-27
7871,Delhi NCR,Referral,2026-06,8,2026-08-20
7872,Bengaluru,Organic,2025-11,4,2025-12-08
7873,Delhi NCR,Paid Social,2026-09,1,2026-09-08
7874,Delhi NCR,Organic,2026-06,6,2026-07-16
7875,Bengaluru,Influencer,2025-10,2,2025-10-25
7876,Bengaluru,Paid Social,2026-04,3,2026-04-26
7877,Delhi NCR,Partnerships,2025-11,4,2025-11-13
7878,Bengaluru,Referral,2026-08,4,2026-09-10
7879,Mumbai,Paid Social,2026-06,7,2026-09-03
7880,Bengaluru,Paid Social,2026-06,4,2026-06-24
7881,Delhi NCR,Referral,2026-06,10,2026-09-15
7882,Mumbai,Organic,2025-12,8,2026-02-19
7883,Delhi NCR,Organic,2025-12,3,2026-01-30
7884,Pune,Organic,2025-10,2,2025-10-23
7885,Pune,App Store Search,2026-06,3,2026-06-22
7886,Mumbai,Influencer,2026-05,11,2026-07-25
7887,Bengaluru,Organic,2025-07,3,2025-07-20
7888,Hyderabad,Paid Social,2026-01,3,2026-01-07
7889,Mumbai,Paid Social,2026-09,1,2026-09-06
7890,Mumbai,Organic,2026-09,0,
7891,Delhi NCR,Organic,2025-07,5,2025-08-22
7892,Bengaluru,Organic,2025-12,3,2025-12-23
7893,Pune,Paid Social,2026-03,11,2026-06-29
7894,Delhi NCR,Paid Social,2026-08,7,2026-09-05
7895,Bengaluru,App Store Search,2025-08,6,2025-08-29
7896,Pune,Organic,2026-03,3,2026-03-21
7897,Mumbai,Paid Social,2026-05,2,2026-05-31
7898,Bengaluru,Referral,2025-12,6,2026-01-24
7899,Chennai,Influencer,2026-02,26,2026-07-31
7900,Mumbai,App Store Search,2026-05,8,2026-07-27
7901,Mumbai,Organic,2025-07,19,2026-01-20
7902,Pune,Paid Social,2026-04,4,2026-05-14
7903,Delhi NCR,Organic,2025-11,4,2025-12-27
7904,Pune,Organic,2026-02,21,2026-07-24
7905,Mumbai,Organic,2026-08,2,2026-08-27
7906,Bengaluru,Organic,2026-01,13,2026-04-19
7907,Bengaluru,Organic,2025-05,4,2025-06-21
7908,Delhi NCR,Paid Social,2025-10,3,2025-11-30
7909,Delhi NCR,Organic,2025-06,3,2025-06-22
7910,Chennai,Referral,2026-06,4,2026-06-13
7911,Mumbai,Organic,2026-09,3,2026-09-05
7912,Bengaluru,Organic,2026-07,8,2026-09-13
7913,Delhi NCR,Paid Social,2025-04,4,2025-04-23
7914,Delhi NCR,Paid Social,2026-04,19,2026-08-27
7915,Bengaluru,Referral,2025-12,1,2025-12-08
7916,Bengaluru,Paid Social,2026-04,2,2026-04-15
7917,Mumbai,App Store Search,2026-01,11,2026-03-29
7919,Bengaluru,Organic,2026-07,3,2026-07-14
7920,Mumbai,Organic,2026-03,16,2026-09-07
7921,Delhi NCR,Paid Social,2025-11,4,2025-12-22
7922,Pune,Paid Social,2026-04,10,2026-07-20
7923,Bengaluru,Influencer,2025-06,1,2025-06-18
7924,Delhi NCR,Paid Social,2026-05,10,2026-07-30
7925,Mumbai,Organic,2025-06,9,2025-07-15
7926,Mumbai,Organic,2025-11,3,2025-11-18
7927,Mumbai,Paid Social,2026-03,4,2026-03-26
7928,Pune,Organic,2026-04,4,2026-04-14
7929,Pune,Paid Social,2026-03,8,2026-04-10
7930,Hyderabad,Referral,2025-10,5,2025-11-13
7931,Bengaluru,Paid Social,2025-06,2,2025-06-17
7932,Bengaluru,Paid Social,2025-04,4,2025-04-27
7933,Bengaluru,Organic,2026-02,7,2026-03-04
7934,Mumbai,Paid Social,2026-03,3,2026-03-25
7935,Delhi NCR,Organic,2026-09,1,2026-09-06
7936,Mumbai,Referral,2026-07,12,2026-09-11
7937,Chennai,Referral,2026-07,2,2026-09-02
7938,Bengaluru,Referral,2025-12,17,2026-05-16
7939,Mumbai,Partnerships,2026-06,6,2026-06-28
7940,Bengaluru,App Store Search,2026-02,4,2026-02-23
7942,Chennai,Organic,2026-04,20,2026-08-29
7943,Bengaluru,App Store Search,2026-02,6,2026-03-28
7944,Mumbai,Paid Social,2026-05,12,2026-09-01
7945,Delhi NCR,Paid Social,2025-09,5,2025-10-24
7946,Bengaluru,Paid Social,2026-03,2,2026-03-30
7947,Delhi NCR,Partnerships,2026-03,4,2026-03-19
7948,Hyderabad,Organic,2026-01,4,2026-02-22
7949,Bengaluru,Organic,2025-10,3,2025-10-27
7950,Hyderabad,Organic,2026-08,1,2026-08-24
7951,Pune,Paid Social,2026-07,8,2026-08-27
7952,Hyderabad,Partnerships,2026-09,1,2026-09-08
7953,Pune,Organic,2026-01,3,2026-01-28
7954,Chennai,Paid Social,2026-03,7,2026-04-17
7955,Bengaluru,Organic,2026-03,2,2026-03-19
7956,Pune,Paid Social,2026-03,6,2026-04-28
7957,Mumbai,App Store Search,2026-04,11,2026-09-15
7958,Hyderabad,Paid Social,2026-08,4,2026-08-29
7959,Pune,Referral,2026-03,7,2026-05-27
7960,Delhi NCR,Paid Social,2026-02,3,2026-02-20
7961,Delhi NCR,App Store Search,2025-12,8,2026-02-07
7962,Mumbai,App Store Search,2026-04,3,2026-04-26
7963,Bengaluru,Paid Social,2025-11,13,2025-12-09
7964,Bengaluru,App Store Search,2025-10,14,2026-03-31
7965,Bengaluru,Organic,2026-05,1,2026-05-20
7966,Bengaluru,Partnerships,2026-01,2,2026-01-18
7967,Mumbai,Paid Social,2025-12,4,2025-12-29
7968,Delhi NCR,Organic,2026-05,14,2026-09-13
7969,Bengaluru,Referral,2026-03,8,2026-04-21
7970,Pune,Referral,2026-04,2,2026-04-15
7972,Bengaluru,Paid Social,2026-08,4,2026-08-27
7973,Delhi NCR,App Store Search,2026-04,4,2026-04-30
7974,Bengaluru,Organic,2026-08,5,2026-09-05
7975,Bengaluru,Organic,2026-07,5,2026-08-10
7976,Delhi NCR,Influencer,2026-03,22,2026-09-06
7977,Pune,App Store Search,2026-01,7,2026-02-23
7978,Bengaluru,App Store Search,2026-05,8,2026-07-28
7979,Delhi NCR,App Store Search,2026-05,15,2026-07-26
7980,Mumbai,Organic,2026-08,8,2026-09-13
7981,Mumbai,Paid Social,2026-07,2,2026-07-20
7982,Mumbai,Paid Social,2026-06,2,2026-06-20
7983,Bengaluru,Paid Social,2025-10,3,2025-10-22
7984,Bengaluru,App Store Search,2025-09,3,2025-09-29
7985,Bengaluru,Partnerships,2026-07,2,2026-07-31
7986,Bengaluru,Organic,2026-09,1,2026-09-06
7987,Delhi NCR,App Store Search,2026-09,0,
7988,Bengaluru,Organic,2025-11,8,2025-12-29
7989,Hyderabad,Paid Social,2026-01,20,2026-08-19
7990,Mumbai,Paid Social,2026-01,6,2026-02-26
7991,Mumbai,Paid Social,2026-04,10,2026-06-26
7992,Mumbai,Paid Social,2026-03,4,2026-03-22
7993,Pune,Paid Social,2026-03,2,2026-03-28
7994,Bengaluru,App Store Search,2025-06,2,2025-06-28
7995,Pune,Paid Social,2025-11,5,2025-11-29
7996,Mumbai,Organic,2026-05,8,2026-07-18
7997,Chennai,Partnerships,2025-12,8,2026-03-23
7998,Bengaluru,Organic,2025-12,3,2025-12-31
7999,Bengaluru,Paid Social,2026-09,1,2026-09-13
8000,Bengaluru,Organic,2026-09,3,2026-09-15
8001,Bengaluru,Paid Social,2025-05,4,2025-06-23
8002,Hyderabad,Referral,2025-08,14,2026-01-10
8003,Bengaluru,Referral,2025-10,5,2025-11-29
8004,Pune,Organic,2026-04,2,2026-05-15
8005,Bengaluru,Referral,2026-06,2,2026-06-08
8006,Mumbai,App Store Search,2025-10,4,2025-10-30
8007,Bengaluru,Referral,2026-05,10,2026-09-05
8008,Bengaluru,Paid Social,2026-03,1,2026-03-02
8009,Delhi NCR,Paid Social,2026-08,1,2026-08-03
8010,Bengaluru,Referral,2026-01,3,2026-01-16
8011,Bengaluru,Organic,2026-06,4,2026-07-19
8012,Bengaluru,App Store Search,2025-11,4,2025-11-23
8013,Delhi NCR,Paid Social,2026-03,5,2026-04-22
8014,Hyderabad,Paid Social,2026-08,4,2026-08-27
8015,Pune,Paid Social,2026-08,1,2026-08-17
8016,Bengaluru,Paid Social,2026-04,2,2026-04-21
8017,Pune,Organic,2026-04,14,2026-06-21
8019,Mumbai,App Store Search,2025-05,7,2025-06-22
8020,Bengaluru,App Store Search,2025-07,9,2025-09-21
8021,Bengaluru,Paid Social,2026-05,2,2026-05-25
8022,Pune,Organic,2025-10,20,2026-05-30
8023,Bengaluru,App Store Search,2026-08,3,2026-09-05
8024,Bengaluru,Organic,2025-10,11,2026-03-24
8025,Bengaluru,Influencer,2025-10,6,2025-11-30
8026,Bengaluru,Organic,2026-08,4,2026-08-31
8027,Pune,Organic,2026-02,17,2026-06-26
8028,Pune,App Store Search,2025-11,14,2026-02-23
8029,Pune,App Store Search,2026-09,2,2026-09-12
8030,Bengaluru,Referral,2026-02,4,2026-02-24
8031,Bengaluru,Organic,2026-04,12,2026-06-26
8032,Delhi NCR,Organic,2026-01,7,2026-02-19
8033,Chennai,Paid Social,2026-08,0,
8034,Bengaluru,Organic,2026-06,11,2026-08-28
8035,Delhi NCR,Organic,2026-07,6,2026-09-07
8036,Bengaluru,Paid Social,2025-07,4,2025-08-31
8037,Delhi NCR,Partnerships,2025-09,3,2025-09-18
8038,Delhi NCR,Paid Social,2025-10,5,2025-10-28
8039,Mumbai,Paid Social,2026-01,9,2026-02-24
8040,Bengaluru,Organic,2025-10,6,2025-11-27
8041,Bengaluru,Partnerships,2026-05,1,2026-05-09
8042,Delhi NCR,Paid Social,2026-09,1,2026-09-05
8043,Bengaluru,Organic,2026-08,4,2026-09-01
8044,Bengaluru,Referral,2026-08,5,2026-08-29
8045,Hyderabad,App Store Search,2025-11,10,2026-01-25
8046,Bengaluru,Influencer,2026-01,11,2026-04-25
8047,Mumbai,Influencer,2026-05,4,2026-06-18
8048,Hyderabad,Organic,2025-07,7,2025-08-28
8049,Hyderabad,Paid Social,2026-05,12,2026-07-31
8050,Bengaluru,Partnerships,2025-05,17,2025-10-31
8051,Mumbai,Organic,2026-07,2,2026-07-31
8052,Bengaluru,App Store Search,2026-04,5,2026-04-25
8053,Bengaluru,Paid Social,2025-12,14,2026-03-27
8054,Bengaluru,Paid Social,2026-01,4,2026-01-24
8055,Bengaluru,Organic,2026-05,2,2026-06-20
8056,Delhi NCR,App Store Search,2026-07,7,2026-08-20
8057,Delhi NCR,Paid Social,2026-04,4,2026-04-27
8058,Mumbai,Referral,2025-08,7,2025-09-26
8059,Bengaluru,Paid Social,2026-02,0,
8060,Delhi NCR,Paid Social,2026-01,2,2026-02-22
8061,Delhi NCR,Referral,2026-08,4,2026-09-14
8062,Bengaluru,Organic,2026-07,8,2026-09-12
8063,Bengaluru,Paid Social,2025-08,5,2025-08-26
8064,Delhi NCR,App Store Search,2026-03,3,2026-03-27
8065,Delhi NCR,Paid Social,2025-11,7,2025-12-31
8066,Delhi NCR,Paid Social,2026-03,5,2026-03-27
8067,Mumbai,Paid Social,2026-04,2,2026-04-27
8068,Pune,Organic,2025-10,7,2025-11-23
8069,Pune,Referral,2026-07,5,2026-09-08
8070,Mumbai,Paid Social,2026-09,1,2026-09-09
8071,Mumbai,Paid Social,2026-04,9,2026-06-20
8072,Mumbai,Organic,2026-09,0,
8073,Bengaluru,Paid Social,2026-02,3,2026-02-24
8074,Delhi NCR,Referral,2026-08,2,2026-08-19
8075,Chennai,Organic,2026-02,24,2026-08-30
8076,Bengaluru,Organic,2026-07,3,2026-07-20
8077,Bengaluru,Paid Social,2026-02,5,2026-03-19
8078,Delhi NCR,Organic,2026-08,5,2026-09-14
8079,Mumbai,Organic,2025-08,8,2025-09-28
8080,Bengaluru,Paid Social,2026-04,3,2026-04-18
8081,Delhi NCR,Organic,2026-07,4,2026-08-24
8082,Pune,Organic,2026-05,3,2026-05-13
8083,Mumbai,Organic,2025-06,3,2025-07-03
8084,Bengaluru,Influencer,2025-11,1,2025-11-01
8085,Hyderabad,App Store Search,2026-05,12,2026-08-19
8086,Chennai,Paid Social,2026-04,2,2026-04-26
8087,Delhi NCR,App Store Search,2026-08,3,2026-09-04
8088,Bengaluru,Organic,2026-06,9,2026-09-09
8089,Bengaluru,Referral,2026-04,12,2026-07-17
8090,Bengaluru,Referral,2025-12,5,2025-12-31
8091,Bengaluru,Paid Social,2026-07,2,2026-07-14
8092,Delhi NCR,Partnerships,2025-07,21,2025-12-23
8093,Hyderabad,Referral,2025-12,2,2025-12-30
8094,Pune,Paid Social,2025-08,2,2025-08-28
8095,Pune,Influencer,2026-03,1,2026-03-14
8096,Bengaluru,Partnerships,2026-08,4,2026-09-05
8097,Bengaluru,Referral,2026-02,5,2026-03-28
8098,Hyderabad,Paid Social,2025-11,1,2025-11-15
8099,Pune,Referral,2026-02,20,2026-07-28
8100,Delhi NCR,Organic,2026-09,1,2026-09-10
8101,Hyderabad,Influencer,2026-05,17,2026-08-30
8102,Bengaluru,App Store Search,2026-05,7,2026-07-30
8103,Pune,Paid Social,2025-05,6,2025-06-27
8104,Bengaluru,Referral,2025-09,17,2026-01-19
8105,Chennai,Organic,2026-06,10,2026-09-08
8106,Bengaluru,Organic,2026-01,4,2026-01-23
8107,Pune,Organic,2025-10,8,2026-01-28
8108,Delhi NCR,Paid Social,2025-09,2,2025-09-22
8109,Mumbai,Paid Social,2025-07,20,2025-12-27
8110,Mumbai,Organic,2026-05,3,2026-06-14
8111,Mumbai,Organic,2026-05,7,2026-07-17
8112,Bengaluru,Organic,2025-12,5,2026-01-27
8113,Bengaluru,Paid Social,2026-09,4,2026-09-10
8114,Mumbai,Organic,2025-11,5,2026-02-21
8115,Pune,Partnerships,2026-06,5,2026-07-31
8116,Bengaluru,Referral,2025-09,9,2025-10-26
8117,Bengaluru,Paid Social,2025-07,4,2025-08-29
8118,Bengaluru,App Store Search,2026-07,4,2026-07-28
8119,Delhi NCR,App Store Search,2026-01,3,2026-01-21
8120,Delhi NCR,Paid Social,2026-07,3,2026-08-15
8121,Chennai,Referral,2026-03,1,2026-03-13
8122,Pune,Influencer,2026-08,4,2026-09-08
8123,Mumbai,Organic,2026-06,4,2026-06-20
8124,Delhi NCR,Paid Social,2025-10,9,2026-01-17
8125,Hyderabad,Paid Social,2026-07,6,2026-08-19
8126,Bengaluru,Organic,2026-02,10,2026-04-28
8127,Bengaluru,Paid Social,2026-08,7,2026-09-08
8128,Bengaluru,Organic,2026-06,6,2026-07-31
8129,Mumbai,Organic,2025-11,2,2025-11-21
8130,Mumbai,Paid Social,2026-06,12,2026-09-09
8131,Pune,App Store Search,2026-08,2,2026-08-22
8132,Chennai,App Store Search,2026-08,3,2026-09-02
8133,Bengaluru,Referral,2025-10,1,2025-10-16
8134,Pune,Referral,2026-07,2,2026-08-28
8135,Pune,Referral,2026-06,4,2026-07-22
8136,Bengaluru,Organic,2026-03,7,2026-03-28
8137,Bengaluru,Organic,2026-04,4,2026-04-29
8138,Hyderabad,Referral,2026-03,7,2026-03-31
8139,Bengaluru,Paid Social,2026-07,2,2026-07-25
8140,Mumbai,Paid Social,2026-05,7,2026-06-29
8141,Delhi NCR,App Store Search,2026-06,7,2026-07-12
8142,Bengaluru,Paid Social,2026-08,4,2026-08-22
8143,Bengaluru,Paid Social,2025-12,5,2026-01-26
8144,Bengaluru,Paid Social,2026-07,3,2026-07-26
8145,Chennai,Referral,2025-12,2,2025-12-19
8146,Bengaluru,Paid Social,2026-02,2,2026-02-16
8147,Delhi NCR,Organic,2026-06,6,2026-09-08
8148,Bengaluru,Organic,2026-02,5,2026-03-31
8149,Delhi NCR,App Store Search,2026-03,5,2026-03-23
8150,Chennai,Influencer,2026-04,12,2026-07-25
8151,Pune,App Store Search,2025-09,6,2025-10-23
8152,Mumbai,Referral,2026-06,12,2026-09-03
8153,Hyderabad,App Store Search,2026-07,8,2026-09-03
8154,Bengaluru,Referral,2026-09,2,2026-09-14
8155,Pune,Organic,2026-07,8,2026-09-15
8156,Bengaluru,Influencer,2026-07,4,2026-08-31
8157,Pune,Organic,2026-03,10,2026-05-14
8158,Mumbai,Influencer,2026-01,2,2026-01-30
8159,Delhi NCR,Paid Social,2026-01,2,2026-01-15
8160,Hyderabad,Organic,2026-05,3,2026-05-10
8161,Mumbai,Paid Social,2026-03,0,
8162,Delhi NCR,Paid Social,2025-11,12,2026-02-20
8163,Mumbai,Paid Social,2026-03,6,2026-04-21
8164,Delhi NCR,Organic,2025-09,5,2025-10-25
8165,Pune,Organic,2026-08,3,2026-09-06
8166,Bengaluru,Organic,2026-08,3,2026-09-07
8167,Chennai,Organic,2026-08,4,2026-09-15
8168,Bengaluru,Organic,2026-09,2,2026-09-15
8169,Mumbai,Referral,2025-11,10,2026-03-09
8170,Pune,Organic,2026-05,3,2026-05-28
8171,Delhi NCR,Organic,2026-05,4,2026-05-16
8172,Pune,Organic,2026-05,4,2026-05-25
8173,Chennai,Organic,2026-05,7,2026-06-22
8174,Bengaluru,Paid Social,2026-01,3,2026-01-21
8175,Bengaluru,Referral,2026-07,10,2026-09-14
8176,Bengaluru,Referral,2026-06,13,2026-09-10
8177,Mumbai,Organic,2026-09,2,2026-09-12
8178,Bengaluru,Paid Social,2025-06,2,2025-06-24
8179,Mumbai,Paid Social,2025-07,5,2025-08-18
8180,Hyderabad,Referral,2026-07,5,2026-07-31
8181,Delhi NCR,Paid Social,2026-06,1,2026-06-13
8182,Mumbai,Organic,2025-12,6,2026-02-18
8183,Delhi NCR,Organic,2026-03,2,2026-03-31
8184,Bengaluru,Organic,2026-07,6,2026-08-28
8185,Mumbai,Organic,2025-09,6,2025-09-24
8186,Pune,Organic,2025-07,5,2025-08-30
8187,Chennai,Referral,2026-05,3,2026-05-28
8188,Delhi NCR,Paid Social,2025-10,2,2025-10-19
8189,Mumbai,Organic,2025-11,3,2025-11-28
8190,Delhi NCR,Organic,2025-08,3,2025-09-18
8191,Delhi NCR,Referral,2026-02,6,2026-03-22
8192,Bengaluru,App Store Search,2026-06,4,2026-06-25
8193,Mumbai,Paid Social,2026-07,3,2026-07-23
8195,Hyderabad,Paid Social,2026-02,18,2026-06-26
8196,Hyderabad,Referral,2026-01,11,2026-03-16
8197,Bengaluru,Organic,2026-08,3,2026-08-22
8198,Delhi NCR,Partnerships,2026-04,3,2026-04-28
8199,Chennai,Organic,2026-07,3,2026-07-21
8200,Mumbai,Referral,2026-07,5,2026-08-26
8201,Hyderabad,Paid Social,2026-07,6,2026-09-04
8202,Bengaluru,Referral,2025-12,25,2026-07-21
8203,Mumbai,App Store Search,2025-06,4,2025-06-26
8204,Bengaluru,Paid Social,2026-02,3,2026-02-24
8205,Mumbai,App Store Search,2025-09,18,2026-01-04
8206,Pune,Partnerships,2026-06,2,2026-06-19
8207,Bengaluru,Organic,2025-09,5,2025-10-29
8208,Delhi NCR,Influencer,2025-09,3,2025-09-29
8209,Delhi NCR,Paid Social,2026-07,5,2026-08-16
8210,Delhi NCR,Paid Social,2026-02,6,2026-03-28
8211,Pune,Influencer,2025-11,12,2026-02-25
8212,Delhi NCR,Organic,2026-06,2,2026-06-26
8213,Bengaluru,Referral,2025-07,5,2025-07-26
8214,Bengaluru,Partnerships,2026-09,2,2026-09-13
8215,Bengaluru,Organic,2026-06,2,2026-06-24
8216,Mumbai,App Store Search,2025-11,16,2026-03-31
8217,Hyderabad,Organic,2025-09,4,2025-09-29
8218,Mumbai,Organic,2026-03,3,2026-04-06
8219,Pune,Paid Social,2026-08,2,2026-08-29
8220,Pune,Referral,2026-05,2,2026-05-21
8221,Pune,Paid Social,2026-03,3,2026-03-25
8222,Bengaluru,Organic,2026-06,6,2026-06-29
8223,Bengaluru,Paid Social,2026-03,0,
8224,Bengaluru,App Store Search,2025-10,4,2025-10-30
8225,Delhi NCR,App Store Search,2026-01,2,2026-01-21
8226,Pune,Paid Social,2025-08,12,2025-10-30
8227,Bengaluru,Referral,2026-04,8,2026-07-16
8228,Bengaluru,Organic,2026-03,9,2026-05-31
8229,Mumbai,App Store Search,2025-08,1,2025-08-07
8230,Mumbai,App Store Search,2025-10,2,2025-10-24
8231,Bengaluru,Paid Social,2026-04,8,2026-05-27
8232,Bengaluru,Organic,2025-11,1,2025-11-03
8233,Delhi NCR,Organic,2026-06,10,2026-09-14
8234,Bengaluru,Organic,2026-08,3,2026-08-31
8235,Bengaluru,Organic,2026-05,9,2026-07-05
8236,Hyderabad,App Store Search,2025-08,3,2025-08-18
8237,Mumbai,Paid Social,2025-09,5,2025-09-25
8238,Chennai,Organic,2026-05,1,2026-05-29
8239,Hyderabad,Organic,2025-11,2,2025-11-10
8240,Bengaluru,Organic,2026-07,1,2026-07-05
8241,Bengaluru,Referral,2026-08,3,2026-08-31
8242,Bengaluru,Organic,2026-04,4,2026-04-30
8243,Mumbai,Referral,2026-01,2,2026-01-16
8244,Pune,Organic,2026-01,1,2026-01-20
8245,Mumbai,App Store Search,2026-06,5,2026-07-09
8246,Pune,App Store Search,2026-09,1,2026-09-10
8247,Chennai,Organic,2026-06,3,2026-07-10
8248,Delhi NCR,Organic,2025-10,5,2025-11-02
8249,Bengaluru,Referral,2026-01,11,2026-04-10
8250,Mumbai,Influencer,2025-04,3,2025-05-18
8251,Delhi NCR,Organic,2025-10,15,2026-03-30
8252,Bengaluru,Organic,2026-08,3,2026-08-29
8253,Hyderabad,App Store Search,2026-01,2,2026-01-28
8254,Bengaluru,Paid Social,2026-03,1,2026-03-11
8255,Bengaluru,Referral,2026-09,2,2026-09-10
8256,Bengaluru,Organic,2026-06,3,2026-06-21
8257,Hyderabad,Organic,2026-03,3,2026-03-30
8258,Bengaluru,Influencer,2025-09,3,2025-10-27
8259,Bengaluru,App Store Search,2025-09,4,2025-09-20
8260,Bengaluru,Referral,2025-08,3,2025-08-30
8261,Bengaluru,Paid Social,2026-07,4,2026-08-31
8262,Bengaluru,Organic,2026-03,1,2026-03-13
8263,Mumbai,App Store Search,2026-04,1,2026-04-26
8264,Mumbai,Organic,2026-07,1,2026-07-24
8265,Hyderabad,App Store Search,2025-12,12,2026-03-31
8266,Mumbai,Paid Social,2025-08,6,2025-10-27
8267,Hyderabad,Referral,2026-07,4,2026-08-08
8268,Mumbai,Organic,2026-04,11,2026-06-20
8269,Delhi NCR,App Store Search,2025-11,14,2026-02-07
8270,Delhi NCR,Referral,2026-01,4,2026-01-22
8271,Bengaluru,Organic,2025-09,8,2025-11-27
8272,Bengaluru,Referral,2025-11,12,2026-01-18
8273,Delhi NCR,Partnerships,2026-02,12,2026-07-29
8274,Hyderabad,Paid Social,2025-10,1,2025-10-06
8275,Hyderabad,Paid Social,2025-12,8,2026-01-30
8276,Hyderabad,App Store Search,2026-07,8,2026-09-14
8277,Hyderabad,Referral,2025-11,3,2025-11-24
8278,Pune,Organic,2025-11,3,2025-11-29
8280,Hyderabad,Referral,2026-02,11,2026-05-31
8281,Bengaluru,Paid Social,2026-08,2,2026-08-28
8282,Pune,Organic,2025-12,2,2025-12-20
8283,Bengaluru,Organic,2026-07,10,2026-08-27
8284,Pune,Paid Social,2025-11,3,2025-11-22
8285,Bengaluru,Paid Social,2025-06,6,2025-08-15
8286,Mumbai,Referral,2026-02,30,2026-09-13
8287,Bengaluru,Referral,2026-04,4,2026-05-24
8288,Bengaluru,Organic,2026-01,14,2026-05-25
8289,Bengaluru,Referral,2025-06,7,2025-07-28
8290,Bengaluru,App Store Search,2026-08,4,2026-08-30
8291,Bengaluru,Organic,2026-04,5,2026-04-27
8292,Bengaluru,Paid Social,2026-09,1,2026-09-05
8294,Mumbai,App Store Search,2026-06,8,2026-08-30
8295,Delhi NCR,App Store Search,2026-03,10,2026-05-29
8296,Mumbai,Organic,2025-11,2,2025-11-18
8297,Mumbai,Organic,2025-07,9,2025-09-22
8298,Mumbai,Organic,2026-08,5,2026-09-13
8299,Bengaluru,Paid Social,2026-07,4,2026-07-24
8300,Pune,Referral,2026-04,23,2026-08-31
8301,Bengaluru,Referral,2026-01,11,2026-04-23
8302,Bengaluru,Paid Social,2025-10,2,2025-10-26
8303,Delhi NCR,Referral,2026-03,2,2026-03-07
8304,Delhi NCR,Influencer,2025-06,1,2025-06-10
8305,Pune,Paid Social,2025-11,2,2025-11-19
8306,Bengaluru,Paid Social,2026-08,5,2026-08-23
8307,Mumbai,Referral,2026-08,4,2026-09-09
8308,Bengaluru,App Store Search,2026-05,1,2026-05-20
8309,Bengaluru,Referral,2026-03,6,2026-05-29
8310,Mumbai,Paid Social,2026-09,2,2026-09-11
8311,Delhi NCR,Organic,2026-07,5,2026-09-02
8312,Bengaluru,App Store Search,2026-09,1,2026-09-05
8313,Mumbai,Organic,2025-05,3,2025-05-13
8314,Bengaluru,Paid Social,2026-01,2,2026-01-22
8315,Bengaluru,Partnerships,2026-05,2,2026-05-18
8316,Chennai,Paid Social,2026-08,6,2026-09-13
8317,Mumbai,Organic,2026-03,1,2026-03-02
8318,Pune,Referral,2026-05,4,2026-05-31
8319,Bengaluru,App Store Search,2025-09,1,2025-09-24
8320,Bengaluru,Referral,2025-07,4,2025-07-26
8321,Delhi NCR,Organic,2025-08,4,2025-08-28
8322,Pune,Paid Social,2026-08,3,2026-09-07
8323,Pune,Referral,2025-12,5,2026-01-14
8324,Mumbai,App Store Search,2026-07,4,2026-08-27
8325,Bengaluru,App Store Search,2025-09,2,2025-09-30
8326,Bengaluru,Paid Social,2026-05,1,2026-05-19
8327,Bengaluru,Paid Social,2026-05,2,2026-05-18
8328,Hyderabad,Organic,2025-12,10,2026-03-28
8329,Bengaluru,Referral,2025-11,2,2025-11-11
8330,Mumbai,Partnerships,2025-08,5,2025-09-13
8331,Bengaluru,App Store Search,2026-01,2,2026-01-03
8332,Delhi NCR,Partnerships,2025-12,13,2026-03-29
8333,Mumbai,Organic,2025-04,2,2025-04-18
8334,Hyderabad,App Store Search,2026-01,6,2026-02-25
8335,Bengaluru,App Store Search,2025-09,5,2025-10-28
8336,Chennai,Organic,2025-11,4,2025-12-25
8337,Delhi NCR,Paid Social,2026-03,8,2026-04-21
8338,Bengaluru,Organic,2026-08,5,2026-08-29
8339,Bengaluru,Organic,2025-12,4,2026-01-24
8340,Mumbai,Referral,2026-01,3,2026-01-29
8341,Mumbai,App Store Search,2025-08,3,2025-08-27
8342,Mumbai,Organic,2025-12,12,2026-02-25
8343,Delhi NCR,Referral,2026-07,5,2026-08-04
8344,Pune,Partnerships,2025-09,9,2025-10-26
8345,Bengaluru,Paid Social,2025-11,7,2025-12-26
8346,Bengaluru,Organic,2026-02,7,2026-04-26
8347,Pune,Referral,2026-06,11,2026-08-10
8348,Mumbai,App Store Search,2025-12,13,2026-03-28
8349,Mumbai,Organic,2026-03,3,2026-03-23
8350,Bengaluru,Referral,2026-01,8,2026-02-19
8351,Pune,Paid Social,2026-09,4,2026-09-15
8352,Mumbai,Paid Social,2026-06,1,2026-06-30
8353,Mumbai,Organic,2026-05,7,2026-06-29
8354,Bengaluru,Paid Social,2026-01,3,2026-01-29
8355,Bengaluru,Organic,2025-10,3,2025-10-18
8356,Pune,Influencer,2026-08,4,2026-08-31
8357,Pune,Organic,2025-09,8,2025-10-31
8358,Mumbai,App Store Search,2026-03,3,2026-03-24
8359,Bengaluru,Paid Social,2026-08,4,2026-08-29
8360,Delhi NCR,Paid Social,2026-08,7,2026-09-11
8361,Pune,App Store Search,2026-06,3,2026-07-28
8362,Pune,Paid Social,2026-01,2,2026-02-05
8363,Pune,Referral,2026-04,11,2026-07-02
8364,Mumbai,Paid Social,2025-10,2,2025-10-29
8365,Chennai,Organic,2026-03,3,2026-04-24
8366,Bengaluru,Organic,2026-03,2,2026-03-27
8367,Delhi NCR,Organic,2025-09,8,2025-11-23
8368,Bengaluru,App Store Search,2025-06,4,2025-07-29
8369,Hyderabad,App Store Search,2026-07,8,2026-09-06
8370,Bengaluru,Paid Social,2026-08,1,2026-08-14
8372,Bengaluru,Paid Social,2025-08,2,2025-08-30
8373,Mumbai,Organic,2026-09,1,2026-09-15
8374,Delhi NCR,Organic,2026-03,6,2026-05-13
8375,Bengaluru,Paid Social,2026-02,1,2026-02-11
8376,Bengaluru,Organic,2025-06,7,2025-07-30
8377,Pune,Organic,2026-07,9,2026-09-10
8378,Delhi NCR,Organic,2026-08,3,2026-08-20
8379,Bengaluru,Organic,2025-05,6,2025-07-13
8380,Pune,Paid Social,2026-07,2,2026-07-26
8381,Bengaluru,Organic,2026-07,3,2026-08-18
8382,Bengaluru,App Store Search,2025-08,3,2025-08-30
8384,Bengaluru,App Store Search,2026-01,7,2026-01-26
8385,Hyderabad,Organic,2026-04,16,2026-09-05
8386,Chennai,Paid Social,2026-04,3,2026-04-18
8387,Bengaluru,Referral,2025-05,2,2025-05-25
8388,Delhi NCR,Organic,2025-11,2,2025-11-29
8389,Mumbai,Paid Social,2026-02,18,2026-05-24
8390,Bengaluru,Partnerships,2026-07,5,2026-08-31
8391,Mumbai,App Store Search,2026-06,4,2026-06-30
8392,Bengaluru,Paid Social,2026-08,3,2026-08-18
8393,Mumbai,Organic,2026-04,3,2026-05-23
8394,Pune,Organic,2026-06,0,
8395,Delhi NCR,App Store Search,2026-09,2,2026-09-13
8396,Delhi NCR,Paid Social,2025-10,9,2026-01-09
8397,Bengaluru,App Store Search,2026-07,9,2026-09-13
8398,Hyderabad,Partnerships,2025-09,9,2025-11-30
8399,Chennai,Influencer,2026-07,4,2026-07-22
8400,Mumbai,Organic,2025-12,4,2026-01-09
8401,Bengaluru,Referral,2025-06,3,2025-06-29
8402,Bengaluru,Organic,2025-07,5,2025-08-29
8403,Delhi NCR,Paid Social,2026-08,5,2026-08-30
8404,Pune,Referral,2026-09,1,2026-09-03
8405,Delhi NCR,Partnerships,2026-05,12,2026-09-12
8406,Bengaluru,Paid Social,2026-07,3,2026-07-31
8407,Bengaluru,App Store Search,2026-06,3,2026-06-26
8408,Hyderabad,App Store Search,2026-08,5,2026-09-14
8409,Mumbai,Organic,2026-08,2,2026-09-06
8410,Bengaluru,Referral,2026-02,4,2026-03-24
8412,Pune,Partnerships,2026-04,1,2026-04-09
8413,Mumbai,App Store Search,2026-05,4,2026-07-26
8414,Mumbai,Organic,2025-09,3,2025-09-20
8415,Bengaluru,Referral,2026-03,3,2026-03-19
8416,Delhi NCR,Organic,2026-06,6,2026-08-08
8417,Bengaluru,App Store Search,2026-06,4,2026-06-24
8418,Delhi NCR,Partnerships,2026-06,5,2026-07-27
8419,Hyderabad,Paid Social,2026-06,1,2026-06-06
8420,Bengaluru,Paid Social,2026-05,3,2026-05-19
8421,Bengaluru,Influencer,2025-10,2,2025-10-14
8422,Bengaluru,Influencer,2026-07,2,2026-08-19
8423,Delhi NCR,App Store Search,2025-07,2,2025-07-24
8424,Delhi NCR,Referral,2025-12,1,2025-12-26
8425,Bengaluru,Influencer,2026-06,7,2026-07-21
8426,Mumbai,Paid Social,2026-08,3,2026-09-14
8427,Pune,Organic,2026-07,7,2026-09-12
8428,Hyderabad,Paid Social,2026-08,8,2026-09-14
8429,Pune,Organic,2025-11,7,2025-12-30
8430,Bengaluru,Organic,2026-03,2,2026-03-24
8431,Bengaluru,Paid Social,2026-08,2,2026-08-30
8432,Pune,Organic,2025-10,4,2025-11-17
8433,Pune,Paid Social,2026-01,7,2026-02-19
8435,Delhi NCR,Referral,2025-08,18,2026-01-30
8436,Mumbai,Paid Social,2025-10,8,2025-12-19
8437,Mumbai,Influencer,2026-05,3,2026-05-24
8438,Pune,Partnerships,2026-01,14,2026-04-06
8439,Pune,Organic,2025-06,3,2025-06-30
8440,Bengaluru,Paid Social,2025-07,1,2025-07-16
8441,Mumbai,Paid Social,2026-09,2,2026-09-05
8442,Bengaluru,Paid Social,2026-09,3,2026-09-13
8443,Bengaluru,Referral,2025-07,1,2025-07-11
8444,Mumbai,App Store Search,2026-05,2,2026-05-30
8445,Delhi NCR,App Store Search,2026-07,8,2026-08-26
8446,Delhi NCR,Paid Social,2025-09,9,2025-11-20
8447,Mumbai,Paid Social,2026-04,2,2026-04-26
8448,Delhi NCR,Paid Social,2026-01,2,2026-01-23
8449,Mumbai,Paid Social,2026-08,1,2026-08-13
8450,Delhi NCR,Paid Social,2026-05,4,2026-06-30
8451,Pune,App Store Search,2026-08,6,2026-08-30
8452,Hyderabad,Influencer,2026-03,15,2026-06-25
8453,Hyderabad,App Store Search,2026-07,6,2026-08-28
8454,Delhi NCR,Paid Social,2026-03,10,2026-05-25
8455,Mumbai,Paid Social,2026-05,2,2026-05-24
8456,Delhi NCR,Paid Social,2026-03,16,2026-05-22
8457,Bengaluru,Referral,2025-11,2,2025-11-17
8459,Mumbai,Organic,2025-11,2,2025-11-23
8460,Delhi NCR,Partnerships,2026-06,1,2026-06-20
8461,Bengaluru,Organic,2025-12,4,2025-12-29
8462,Delhi NCR,Organic,2025-05,14,2025-08-31
8463,Delhi NCR,Paid Social,2026-01,5,2026-03-28
8464,Delhi NCR,Paid Social,2026-07,2,2026-07-03
8465,Bengaluru,Organic,2026-04,7,2026-06-24
8466,Bengaluru,Organic,2026-02,2,2026-02-17
8467,Bengaluru,App Store Search,2026-05,2,2026-05-25
8468,Bengaluru,Partnerships,2026-04,13,2026-09-14
8469,Bengaluru,Organic,2026-06,3,2026-06-27
8470,Hyderabad,Organic,2025-07,13,2025-09-29
8471,Chennai,Organic,2026-07,2,2026-07-29
8472,Pune,Paid Social,2026-08,4,2026-08-29
8473,Bengaluru,Influencer,2025-11,1,2025-11-12
8474,Bengaluru,Organic,2025-12,1,2025-12-07
8475,Bengaluru,Paid Social,2026-03,3,2026-03-27
8476,Bengaluru,Organic,2025-09,1,2025-09-28
8477,Bengaluru,App Store Search,2025-10,1,2025-10-26
8478,Bengaluru,Paid Social,2025-12,5,2025-12-17
8479,Pune,Partnerships,2026-05,7,2026-06-29
8480,Bengaluru,Organic,2025-04,3,2025-05-09
8481,Bengaluru,Paid Social,2026-09,2,2026-09-12
8482,Pune,App Store Search,2026-09,1,2026-09-02
8483,Mumbai,Paid Social,2026-08,5,2026-09-09
8484,Bengaluru,Influencer,2026-04,1,2026-04-12
8485,Pune,App Store Search,2026-02,7,2026-04-30
8486,Mumbai,Paid Social,2026-05,7,2026-06-24
8487,Bengaluru,App Store Search,2025-12,2,2025-12-07
8488,Chennai,Organic,2026-03,20,2026-09-14
8489,Bengaluru,Paid Social,2026-06,8,2026-07-22
8490,Mumbai,Organic,2025-06,10,2025-09-29
8491,Hyderabad,Organic,2026-05,6,2026-06-18
8492,Bengaluru,Organic,2025-11,6,2025-12-25
8493,Bengaluru,Organic,2026-06,10,2026-08-23
8494,Mumbai,Paid Social,2026-04,6,2026-05-29
8495,Mumbai,Organic,2026-08,2,2026-08-20
8496,Pune,Organic,2025-11,2,2025-11-26
8497,Bengaluru,Paid Social,2026-05,3,2026-05-26
8498,Pune,Referral,2025-09,5,2025-10-10
8499,Bengaluru,Referral,2025-11,4,2025-11-14
8500,Bengaluru,Paid Social,2026-01,8,2026-03-25
8501,Delhi NCR,Organic,2026-06,6,2026-08-14
8502,Bengaluru,Organic,2026-01,1,2026-01-23
8503,Bengaluru,Paid Social,2026-01,4,2026-01-24
8504,Mumbai,Organic,2025-05,11,2025-07-25
8505,Bengaluru,App Store Search,2025-11,4,2025-11-27
8506,Bengaluru,App Store Search,2025-09,7,2025-10-22
8507,Mumbai,App Store Search,2025-10,7,2025-11-29
8508,Delhi NCR,App Store Search,2026-08,2,2026-08-21
8509,Delhi NCR,Paid Social,2025-09,7,2025-11-14
8510,Bengaluru,Influencer,2026-04,2,2026-04-29
8511,Bengaluru,Paid Social,2026-08,7,2026-09-06
8513,Mumbai,Organic,2026-03,5,2026-04-16
8514,Bengaluru,Influencer,2026-05,5,2026-07-31
8515,Delhi NCR,App Store Search,2026-07,2,2026-07-26
8516,Bengaluru,App Store Search,2026-06,3,2026-07-22
8517,Mumbai,App Store Search,2026-02,1,2026-02-01
8518,Chennai,Paid Social,2026-09,1,2026-09-14
8519,Pune,App Store Search,2026-03,2,2026-03-15
8520,Delhi NCR,Partnerships,2026-08,2,2026-08-26
8521,Bengaluru,Referral,2026-09,1,2026-09-04
8522,Bengaluru,Referral,2025-04,21,2025-08-27
8523,Bengaluru,Paid Social,2025-11,1,2025-11-22
8524,Bengaluru,App Store Search,2026-02,6,2026-03-28
8525,Bengaluru,Organic,2026-05,12,2026-08-31
8526,Hyderabad,App Store Search,2026-03,16,2026-09-15
8527,Delhi NCR,Paid Social,2026-08,4,2026-08-27
8528,Mumbai,Paid Social,2025-06,5,2025-07-10
8529,Mumbai,Organic,2026-04,5,2026-04-15
8530,Mumbai,Referral,2026-02,1,2026-02-09
8531,Delhi NCR,Paid Social,2026-01,4,2026-01-29
8532,Mumbai,App Store Search,2026-06,9,2026-08-15
8533,Bengaluru,Referral,2025-11,4,2025-11-23
8534,Pune,Paid Social,2025-05,12,2025-06-26
8535,Bengaluru,Organic,2026-06,14,2026-09-10
8536,Pune,App Store Search,2026-05,11,2026-09-15
8537,Chennai,Referral,2026-05,10,2026-08-14
8538,Delhi NCR,Paid Social,2026-07,3,2026-07-28
8539,Bengaluru,Organic,2026-09,1,2026-09-03
8540,Chennai,Paid Social,2026-03,1,2026-03-26
8541,Chennai,Referral,2026-07,2,2026-07-27
8542,Bengaluru,Organic,2025-12,3,2025-12-12
8543,Delhi NCR,Organic,2026-02,7,2026-03-17
8544,Mumbai,App Store Search,2026-08,3,2026-08-24
8545,Mumbai,Paid Social,2026-09,2,2026-09-14
8546,Mumbai,App Store Search,2026-01,2,2026-01-22
8547,Bengaluru,Partnerships,2025-11,11,2026-03-23
8548,Delhi NCR,App Store Search,2026-06,4,2026-06-18
8549,Delhi NCR,App Store Search,2025-08,3,2025-08-22
8550,Bengaluru,Partnerships,2025-09,2,2025-09-16
8551,Bengaluru,Paid Social,2025-06,7,2025-07-24
8552,Pune,Organic,2026-09,1,2026-09-14
8553,Mumbai,Referral,2026-06,5,2026-09-12
8554,Bengaluru,Referral,2025-12,6,2026-01-24
8555,Bengaluru,Organic,2026-06,3,2026-06-24
8556,Pune,Referral,2026-05,12,2026-09-15
8557,Pune,Organic,2025-07,2,2025-07-28
8558,Mumbai,App Store Search,2026-07,5,2026-08-24
8559,Mumbai,Organic,2026-07,3,2026-07-28
8560,Bengaluru,Influencer,2025-11,6,2025-12-12
8561,Mumbai,App Store Search,2026-03,1,2026-03-26
8562,Bengaluru,Organic,2025-08,3,2025-09-01
8563,Bengaluru,Organic,2026-02,4,2026-03-31
8564,Pune,Influencer,2026-07,4,2026-07-28
8565,Bengaluru,Organic,2026-03,10,2026-07-24
8566,Bengaluru,Paid Social,2026-05,2,2026-05-27
8567,Delhi NCR,Organic,2026-07,7,2026-09-05
8568,Hyderabad,Partnerships,2025-09,10,2026-01-25
8569,Delhi NCR,Paid Social,2025-06,8,2025-07-27
8570,Bengaluru,Organic,2026-07,8,2026-07-29
8571,Pune,Partnerships,2025-12,2,2025-12-23
8572,Bengaluru,App Store Search,2026-05,1,2026-05-08
8573,Bengaluru,Paid Social,2025-07,4,2025-07-21
8574,Delhi NCR,Organic,2026-07,3,2026-07-25
8575,Hyderabad,App Store Search,2026-08,4,2026-09-09
8576,Bengaluru,Partnerships,2025-08,9,2025-09-27
8577,Delhi NCR,Influencer,2026-05,3,2026-06-01
8578,Bengaluru,Referral,2026-06,5,2026-09-12
8579,Pune,Paid Social,2026-07,3,2026-07-25
8580,Bengaluru,App Store Search,2026-08,4,2026-08-13
8581,Mumbai,Paid Social,2026-09,2,2026-09-07
8582,Mumbai,Referral,2026-09,1,2026-09-12
8583,Hyderabad,Paid Social,2026-08,4,2026-09-15
8584,Bengaluru,Paid Social,2026-07,9,2026-08-22
8585,Delhi NCR,Organic,2026-04,13,2026-06-24
8586,Bengaluru,App Store Search,2026-05,5,2026-05-29
8587,Mumbai,Paid Social,2025-10,3,2025-10-19
8588,Pune,Paid Social,2025-08,5,2025-10-17
8589,Delhi NCR,Referral,2026-02,4,2026-03-28
8590,Hyderabad,Organic,2025-12,5,2026-01-16
8591,Bengaluru,Influencer,2026-06,2,2026-06-29
8592,Delhi NCR,Referral,2026-09,2,2026-09-12
8593,Bengaluru,Referral,2025-11,8,2025-12-31
8594,Delhi NCR,Paid Social,2026-03,12,2026-07-29
8595,Mumbai,Referral,2026-01,3,2026-01-26
8596,Pune,Paid Social,2026-07,8,2026-08-21
8597,Pune,Paid Social,2025-12,3,2025-12-30
8598,Pune,Influencer,2026-09,1,2026-09-14
8599,Bengaluru,App Store Search,2025-12,6,2026-01-31
8600,Pune,Organic,2026-03,13,2026-07-30
8601,Mumbai,Organic,2025-06,1,2025-06-16
8602,Delhi NCR,Referral,2025-09,31,2026-05-29
8603,Delhi NCR,Paid Social,2026-02,4,2026-02-28
8604,Hyderabad,Influencer,2026-05,12,2026-08-29
8605,Mumbai,Partnerships,2026-04,4,2026-04-24
8606,Bengaluru,Influencer,2025-11,2,2025-11-24
8607,Mumbai,Partnerships,2025-11,3,2025-11-18
8608,Bengaluru,App Store Search,2026-05,6,2026-06-13
8609,Pune,Organic,2026-02,3,2026-02-27
8610,Pune,Organic,2026-07,5,2026-08-31
8611,Mumbai,Organic,2026-03,6,2026-05-27
8612,Pune,Paid Social,2026-08,4,2026-08-23
8613,Hyderabad,Referral,2026-07,6,2026-08-22
8614,Chennai,Influencer,2026-03,7,2026-06-03
8615,Bengaluru,Paid Social,2026-03,2,2026-03-21
8616,Bengaluru,Paid Social,2026-06,1,2026-06-18
8617,Mumbai,Organic,2026-04,15,2026-07-29
8618,Bengaluru,Partnerships,2025-10,8,2025-12-23
8619,Pune,Referral,2026-03,4,2026-03-28
8620,Delhi NCR,Organic,2025-11,8,2026-03-27
8621,Mumbai,App Store Search,2025-11,5,2025-12-14
8622,Bengaluru,Paid Social,2026-04,4,2026-04-27
8623,Pune,Paid Social,2026-08,5,2026-09-12
8624,Bengaluru,Organic,2026-05,8,2026-07-24
8625,Bengaluru,Organic,2026-05,11,2026-08-26
8626,Bengaluru,Paid Social,2026-02,1,2026-02-09
8627,Hyderabad,Paid Social,2026-01,4,2026-01-23
8628,Delhi NCR,Paid Social,2026-07,1,2026-07-27
8629,Delhi NCR,Paid Social,2026-05,10,2026-08-26
8630,Bengaluru,Organic,2026-05,1,2026-05-28
8631,Bengaluru,Organic,2026-04,3,2026-05-13
8632,Bengaluru,App Store Search,2026-02,6,2026-03-25
8633,Pune,Paid Social,2025-12,9,2026-01-26
8634,Chennai,Referral,2026-06,12,2026-09-10
8636,Pune,Organic,2026-08,1,2026-08-22
8637,Delhi NCR,App Store Search,2026-08,5,2026-09-14
8638,Mumbai,Partnerships,2025-11,3,2025-11-23
8639,Bengaluru,Organic,2025-11,21,2026-06-29
8640,Mumbai,Paid Social,2025-08,17,2026-02-26
8641,Hyderabad,Partnerships,2026-04,5,2026-04-30
8642,Hyderabad,Referral,2026-07,6,2026-08-06
8643,Hyderabad,Organic,2026-05,5,2026-05-26
8644,Hyderabad,Influencer,2026-04,3,2026-04-20
8645,Mumbai,App Store Search,2026-01,23,2026-08-01
8646,Delhi NCR,App Store Search,2026-02,2,2026-02-15
8647,Mumbai,Referral,2025-05,21,2026-02-18
8649,Bengaluru,Organic,2026-09,2,2026-09-13
8650,Pune,Organic,2026-05,3,2026-05-24
8651,Hyderabad,Paid Social,2025-12,13,2026-05-01
8652,Pune,Paid Social,2026-06,4,2026-06-30
8653,Pune,Paid Social,2026-09,1,2026-09-04
8654,Delhi NCR,Paid Social,2026-01,2,2026-01-13
8655,Mumbai,Referral,2025-10,20,2026-04-28
8656,Bengaluru,Paid Social,2025-04,3,2025-04-27
8657,Bengaluru,Paid Social,2026-04,7,2026-05-24
8658,Bengaluru,Organic,2025-11,2,2025-11-26
8659,Delhi NCR,Referral,2025-12,8,2026-02-11
8660,Delhi NCR,Organic,2026-01,6,2026-03-26
8661,Bengaluru,Paid Social,2025-12,10,2026-01-23
8662,Chennai,Organic,2026-01,6,2026-02-15
8663,Pune,Paid Social,2026-08,6,2026-09-04
8664,Mumbai,App Store Search,2025-07,1,2025-07-06
8665,Delhi NCR,Paid Social,2026-03,4,2026-03-21
8666,Mumbai,Organic,2026-06,6,2026-08-28
8667,Mumbai,App Store Search,2025-06,9,2025-07-30
8668,Bengaluru,Paid Social,2026-08,4,2026-08-27
8669,Mumbai,Paid Social,2026-01,11,2026-06-15
8670,Bengaluru,Organic,2026-01,1,2026-01-25
8671,Mumbai,Organic,2026-07,3,2026-07-29
8672,Pune,Referral,2026-07,1,2026-07-28
8673,Bengaluru,App Store Search,2026-04,6,2026-05-20
8674,Mumbai,Paid Social,2025-12,6,2026-01-23
8675,Mumbai,Organic,2025-07,13,2025-11-30
8676,Delhi NCR,Organic,2026-03,12,2026-06-25
8677,Hyderabad,Organic,2026-01,10,2026-03-28
8678,Bengaluru,Paid Social,2025-12,6,2026-01-31
8679,Bengaluru,App Store Search,2026-07,1,2026-07-20
8680,Bengaluru,Referral,2026-07,5,2026-08-16
8681,Pune,Referral,2025-12,10,2026-02-26
8682,Bengaluru,App Store Search,2025-05,6,2025-05-27
8683,Bengaluru,Organic,2026-02,2,2026-02-11
8684,Hyderabad,Organic,2026-03,5,2026-03-21
8685,Delhi NCR,Organic,2025-10,10,2026-01-24
8686,Delhi NCR,App Store Search,2026-09,3,2026-09-09
8687,Bengaluru,App Store Search,2025-12,9,2026-01-12
8688,Bengaluru,Paid Social,2026-06,2,2026-06-30
8689,Hyderabad,Influencer,2026-02,11,2026-05-20
8690,Mumbai,Organic,2026-06,8,2026-09-15
8691,Mumbai,Organic,2025-12,2,2025-12-26
8692,Mumbai,Partnerships,2025-10,2,2025-10-31
8693,Pune,Paid Social,2026-06,6,2026-07-30
8694,Bengaluru,Organic,2025-12,1,2025-12-19
8695,Mumbai,Organic,2026-07,7,2026-09-05
8696,Bengaluru,Paid Social,2025-09,2,2025-09-30
8697,Bengaluru,Organic,2026-02,2,2026-02-13
8698,Bengaluru,Partnerships,2026-06,4,2026-06-26
8699,Bengaluru,Organic,2025-11,6,2025-11-30
8700,Pune,Paid Social,2026-03,5,2026-04-13
8701,Mumbai,Organic,2026-08,3,2026-08-16
8702,Bengaluru,Paid Social,2026-01,2,2026-01-16
8703,Bengaluru,Referral,2026-08,4,2026-09-02
8704,Hyderabad,Paid Social,2026-08,3,2026-08-30
8705,Pune,Paid Social,2026-06,10,2026-08-31
8706,Delhi NCR,App Store Search,2026-08,2,2026-08-18
8707,Delhi NCR,App Store Search,2025-11,10,2025-12-23
8708,Mumbai,Referral,2026-05,5,2026-06-05
8709,Mumbai,Referral,2025-09,3,2025-09-29
8710,Bengaluru,Organic,2025-11,2,2025-12-26
8711,Delhi NCR,Paid Social,2025-08,4,2025-08-30
8712,Hyderabad,Influencer,2026-04,4,2026-05-28
8713,Mumbai,App Store Search,2025-10,5,2025-11-07
8714,Mumbai,Organic,2026-09,2,2026-09-06
8715,Pune,App Store Search,2026-03,11,2026-05-29
8716,Bengaluru,Organic,2026-05,13,2026-08-30
8717,Pune,Paid Social,2025-11,3,2025-11-18
8718,Delhi NCR,App Store Search,2026-03,3,2026-03-28
8719,Delhi NCR,App Store Search,2025-09,7,2025-11-20
8720,Mumbai,Organic,2026-04,18,2026-09-05
8721,Mumbai,Influencer,2026-07,4,2026-08-28
8722,Hyderabad,Organic,2026-06,2,2026-06-16
8723,Mumbai,Referral,2025-10,4,2025-11-23
8724,Bengaluru,Organic,2026-09,2,2026-09-12
8725,Bengaluru,Organic,2026-07,10,2026-09-06
8726,Bengaluru,Partnerships,2026-04,3,2026-04-28
8727,Bengaluru,Organic,2026-02,2,2026-02-27
8728,Mumbai,Referral,2025-12,3,2025-12-27
8729,Mumbai,Referral,2026-08,6,2026-09-15
8730,Delhi NCR,Paid Social,2026-03,1,2026-03-06
8731,Bengaluru,Organic,2026-03,2,2026-03-20
8733,Bengaluru,App Store Search,2026-04,4,2026-04-17
8734,Bengaluru,Organic,2026-07,3,2026-09-03
8735,Chennai,Paid Social,2026-05,5,2026-06-06
8736,Delhi NCR,Paid Social,2026-03,19,2026-07-26
8738,Mumbai,Organic,2026-07,4,2026-09-09
8739,Mumbai,Paid Social,2026-02,13,2026-04-25
8740,Hyderabad,Influencer,2026-07,4,2026-07-29
8741,Delhi NCR,App Store Search,2026-01,4,2026-02-14
8742,Bengaluru,Organic,2026-07,5,2026-08-28
8743,Pune,Organic,2026-06,10,2026-08-25
8746,Bengaluru,Organic,2025-09,2,2025-09-26
8747,Pune,Influencer,2026-06,5,2026-07-06
8748,Mumbai,Organic,2025-11,8,2026-01-23
8749,Mumbai,Organic,2025-06,13,2025-10-05
8751,Delhi NCR,Paid Social,2026-06,1,2026-06-22
8752,Delhi NCR,Organic,2026-01,7,2026-02-28
8753,Bengaluru,Paid Social,2025-04,5,2025-04-25
8754,Pune,Organic,2026-07,3,2026-07-05
8755,Bengaluru,Partnerships,2025-10,9,2026-01-29
8756,Bengaluru,Organic,2026-02,4,2026-02-25
8757,Pune,Organic,2026-02,12,2026-07-22
8758,Mumbai,Paid Social,2026-06,9,2026-07-30
8759,Chennai,Paid Social,2026-08,8,2026-09-13
8760,Hyderabad,Paid Social,2026-07,7,2026-08-30
8761,Pune,Paid Social,2026-03,3,2026-03-27
8762,Mumbai,Influencer,2026-07,10,2026-09-14
8763,Bengaluru,Referral,2026-05,8,2026-08-21
8764,Hyderabad,Organic,2026-03,18,2026-09-06
8765,Bengaluru,Organic,2025-06,7,2025-08-21
8766,Bengaluru,App Store Search,2025-08,5,2025-08-26
8767,Mumbai,App Store Search,2026-01,4,2026-01-25
8768,Bengaluru,App Store Search,2026-06,3,2026-06-17
8769,Mumbai,Paid Social,2026-03,1,2026-03-25
8770,Mumbai,Paid Social,2026-04,3,2026-05-15
8771,Mumbai,Organic,2026-03,7,2026-04-21
8772,Bengaluru,Organic,2026-04,3,2026-04-20
8773,Delhi NCR,App Store Search,2026-08,4,2026-09-04
8774,Bengaluru,Referral,2026-02,7,2026-03-23
8775,Delhi NCR,Paid Social,2026-09,3,2026-09-13
8776,Bengaluru,Influencer,2026-01,3,2026-01-20
8777,Delhi NCR,Referral,2026-08,3,2026-08-17
8778,Chennai,Influencer,2026-05,10,2026-08-23
8779,Hyderabad,Influencer,2026-08,8,2026-09-15
8780,Mumbai,Paid Social,2026-06,2,2026-06-12
8781,Pune,App Store Search,2026-06,4,2026-06-20
8782,Mumbai,App Store Search,2026-07,4,2026-07-30
8783,Delhi NCR,App Store Search,2026-02,8,2026-04-27
8784,Pune,Paid Social,2026-03,6,2026-04-29
8785,Delhi NCR,Paid Social,2026-05,6,2026-06-08
8786,Bengaluru,Influencer,2026-08,3,2026-08-28
8787,Mumbai,Paid Social,2026-08,6,2026-08-26
8788,Bengaluru,Organic,2026-06,4,2026-06-26
8789,Bengaluru,Paid Social,2026-08,7,2026-09-11
8790,Bengaluru,Paid Social,2026-03,4,2026-03-29
8791,Delhi NCR,Paid Social,2026-01,12,2026-04-04
8792,Mumbai,Influencer,2026-05,3,2026-05-14
8793,Mumbai,Partnerships,2026-08,3,2026-09-03
8794,Bengaluru,Referral,2025-06,18,2025-10-31
8795,Hyderabad,Organic,2025-09,8,2025-12-21
8796,Delhi NCR,Organic,2026-07,5,2026-08-13
8797,Mumbai,Partnerships,2025-11,6,2025-12-19
8798,Delhi NCR,App Store Search,2026-03,8,2026-06-30
8799,Mumbai,Organic,2026-08,5,2026-09-05
8800,Bengaluru,Organic,2026-02,6,2026-04-29
8801,Pune,Organic,2026-03,12,2026-06-28
8802,Pune,Paid Social,2026-03,4,2026-03-27
8803,Bengaluru,Referral,2026-09,2,2026-09-15
8804,Pune,Paid Social,2026-06,1,2026-06-23
8805,Bengaluru,Organic,2026-05,4,2026-06-17
8806,Chennai,Paid Social,2026-03,6,2026-04-22
8807,Mumbai,Referral,2026-03,3,2026-03-24
8808,Pune,Influencer,2026-06,3,2026-07-27
8809,Mumbai,App Store Search,2026-04,3,2026-04-21
8810,Bengaluru,Organic,2025-11,3,2025-11-24
8811,Delhi NCR,Organic,2026-05,4,2026-07-16
8812,Bengaluru,Paid Social,2025-06,4,2025-06-25
8813,Bengaluru,Partnerships,2026-07,9,2026-09-15
8814,Pune,Partnerships,2026-07,2,2026-07-12
8815,Pune,App Store Search,2026-04,9,2026-06-21
8816,Delhi NCR,Organic,2026-02,3,2026-02-19
8817,Delhi NCR,Referral,2026-08,4,2026-09-07
8818,Mumbai,App Store Search,2026-05,2,2026-05-31
8819,Pune,Paid Social,2026-03,10,2026-05-29
8820,Mumbai,Organic,2026-08,2,2026-08-30
8821,Hyderabad,Partnerships,2025-12,27,2026-09-07
8822,Mumbai,Referral,2026-06,10,2026-07-29
8823,Pune,Organic,2026-07,3,2026-07-17
8824,Bengaluru,Referral,2025-11,4,2025-11-24
8825,Delhi NCR,App Store Search,2025-12,6,2026-01-23
8826,Bengaluru,Paid Social,2026-01,3,2026-01-18
8827,Pune,Influencer,2025-05,8,2025-06-26
8829,Pune,Paid Social,2026-08,2,2026-09-01
8830,Bengaluru,Paid Social,2026-01,1,2026-01-22
8831,Bengaluru,Paid Social,2026-06,2,2026-06-10
8832,Pune,Referral,2026-03,11,2026-06-04
8833,Hyderabad,Organic,2026-03,4,2026-03-30
8834,Mumbai,App Store Search,2026-03,2,2026-03-25
8835,Hyderabad,Partnerships,2026-06,6,2026-08-31
8836,Bengaluru,Organic,2025-11,5,2025-11-26
8837,Delhi NCR,Organic,2025-11,2,2025-11-23
8838,Chennai,Organic,2026-03,18,2026-09-07
8839,Mumbai,Organic,2025-09,7,2025-10-19
8840,Bengaluru,App Store Search,2026-01,6,2026-01-24
8841,Mumbai,App Store Search,2026-06,3,2026-07-21
8842,Pune,Paid Social,2026-08,3,2026-08-20
8843,Bengaluru,Organic,2025-06,2,2025-06-28
8844,Pune,Organic,2026-04,7,2026-06-16
8845,Bengaluru,Paid Social,2026-08,4,2026-08-23
8846,Bengaluru,Referral,2026-08,2,2026-08-15
8847,Mumbai,Referral,2026-03,8,2026-05-27
8848,Bengaluru,App Store Search,2026-09,1,2026-09-08
8849,Delhi NCR,Partnerships,2026-05,15,2026-07-30
8850,Bengaluru,App Store Search,2025-05,4,2025-06-11
8851,Bengaluru,Paid Social,2026-05,1,2026-05-16
8852,Bengaluru,App Store Search,2025-11,5,2026-01-29
8853,Bengaluru,Paid Social,2025-09,2,2025-09-16
8854,Bengaluru,Partnerships,2026-05,6,2026-07-04
8855,Pune,Paid Social,2026-04,3,2026-04-09
8856,Chennai,App Store Search,2026-08,4,2026-09-05
8857,Bengaluru,Organic,2025-08,4,2025-08-26
8858,Bengaluru,Influencer,2025-07,5,2025-07-25
8859,Bengaluru,Influencer,2025-11,9,2026-01-31
8861,Pune,Referral,2026-09,1,2026-09-06
8862,Mumbai,App Store Search,2026-05,5,2026-06-27
8863,Bengaluru,App Store Search,2026-02,4,2026-03-24
8864,Delhi NCR,App Store Search,2025-09,1,2025-09-22
8865,Delhi NCR,Paid Social,2025-11,3,2025-11-24
8866,Bengaluru,Organic,2026-09,0,
8869,Mumbai,Paid Social,2025-11,19,2026-03-19
8870,Delhi NCR,Paid Social,2026-01,5,2026-02-27
8871,Bengaluru,Organic,2026-06,2,2026-06-24
8872,Bengaluru,Paid Social,2026-04,6,2026-04-30
8873,Hyderabad,App Store Search,2026-06,5,2026-08-22
8874,Bengaluru,App Store Search,2025-09,4,2025-09-15
8875,Bengaluru,Influencer,2026-07,2,2026-07-16
8876,Bengaluru,Paid Social,2026-06,2,2026-06-19
8877,Bengaluru,Referral,2026-02,5,2026-03-30
8878,Chennai,Referral,2026-03,3,2026-04-23
8879,Bengaluru,Referral,2025-11,4,2025-12-21
8880,Pune,Influencer,2026-06,3,2026-06-26
8881,Bengaluru,Organic,2026-04,12,2026-06-29
8882,Pune,Organic,2025-07,1,2025-07-01
8883,Pune,Referral,2026-01,4,2026-02-07
8884,Chennai,Paid Social,2026-05,3,2026-05-30
8885,Chennai,Organic,2026-07,6,2026-09-01
8886,Pune,App Store Search,2026-03,2,2026-03-23
8887,Delhi NCR,App Store Search,2025-11,4,2025-11-23
8888,Bengaluru,App Store Search,2026-08,4,2026-09-14
8889,Chennai,Paid Social,2025-11,16,2026-02-18
8890,Bengaluru,Paid Social,2026-01,8,2026-02-28
8891,Delhi NCR,Partnerships,2026-02,17,2026-07-24
8892,Bengaluru,Referral,2026-02,8,2026-03-21
8893,Bengaluru,Referral,2026-06,9,2026-07-30
8894,Delhi NCR,App Store Search,2026-05,8,2026-07-25
8895,Chennai,Paid Social,2025-12,7,2026-02-12
8896,Pune,Paid Social,2025-04,3,2025-04-12
8897,Delhi NCR,Paid Social,2025-10,3,2025-10-29
8898,Pune,Organic,2025-07,13,2025-11-19
8899,Pune,Referral,2026-07,8,2026-09-09
8901,Bengaluru,App Store Search,2026-08,5,2026-08-19
8902,Bengaluru,Influencer,2026-05,2,2026-05-13
8903,Hyderabad,Organic,2026-05,6,2026-06-27
8904,Delhi NCR,Referral,2026-05,12,2026-09-14
8905,Bengaluru,Paid Social,2026-08,5,2026-09-13
8906,Bengaluru,Organic,2025-11,6,2026-01-22
8907,Mumbai,Paid Social,2025-11,14,2026-01-14
8908,Bengaluru,Organic,2025-11,4,2025-11-27
8909,Mumbai,Paid Social,2026-02,3,2026-02-23
8910,Delhi NCR,Referral,2026-03,4,2026-04-23
8911,Bengaluru,Organic,2026-02,7,2026-04-27
8912,Mumbai,App Store Search,2026-05,5,2026-06-23
8913,Mumbai,Organic,2026-01,6,2026-03-23
8914,Chennai,Organic,2026-02,1,2026-02-12
8915,Bengaluru,Influencer,2026-09,0,
8916,Bengaluru,App Store Search,2025-04,3,2025-04-29
8917,Bengaluru,Paid Social,2025-05,2,2025-05-11
8918,Mumbai,Referral,2026-01,11,2026-04-29
8919,Delhi NCR,Organic,2026-04,2,2026-04-26
8920,Bengaluru,Organic,2026-08,4,2026-09-14
8921,Mumbai,Organic,2025-08,13,2025-11-29
8922,Mumbai,Referral,2025-11,9,2026-02-22
8923,Mumbai,Referral,2026-07,3,2026-07-10
8924,Bengaluru,Influencer,2026-07,1,2026-07-11
8925,Bengaluru,Referral,2026-05,1,2026-05-24
8926,Delhi NCR,Organic,2025-06,3,2025-06-25
8927,Bengaluru,Paid Social,2025-07,2,2025-08-03
8928,Hyderabad,Paid Social,2026-02,1,2026-02-22
8929,Bengaluru,App Store Search,2026-02,11,2026-06-22
8930,Pune,Paid Social,2026-02,2,2026-02-26
8931,Bengaluru,Paid Social,2026-09,3,2026-09-11
8932,Mumbai,Organic,2026-02,3,2026-02-19
8933,Bengaluru,Organic,2026-08,2,2026-09-01
8934,Bengaluru,Organic,2025-10,14,2026-03-25
8935,Chennai,Influencer,2026-07,3,2026-07-26
8936,Pune,Paid Social,2026-05,10,2026-07-19
8937,Mumbai,Referral,2026-05,6,2026-06-25
8938,Delhi NCR,Referral,2026-02,3,2026-02-10
8939,Bengaluru,Paid Social,2026-04,3,2026-04-20
8940,Mumbai,App Store Search,2026-03,6,2026-03-31
8941,Pune,Paid Social,2025-12,1,2025-12-04
8942,Bengaluru,Organic,2025-08,3,2025-08-31
8943,Pune,Organic,2026-07,4,2026-07-18
8944,Hyderabad,App Store Search,2026-03,12,2026-06-16
8945,Mumbai,Paid Social,2026-06,2,2026-06-26
8946,Bengaluru,Referral,2025-11,10,2026-01-17
8947,Hyderabad,App Store Search,2026-05,3,2026-05-20
8948,Bengaluru,App Store Search,2026-06,6,2026-06-17
8949,Mumbai,Organic,2026-03,5,2026-04-30
8950,Bengaluru,App Store Search,2025-07,1,2025-07-21
8951,Pune,Influencer,2025-08,5,2025-10-13
8952,Pune,Partnerships,2026-04,1,2026-04-22
8953,Hyderabad,Partnerships,2025-12,2,2025-12-27
8954,Mumbai,Organic,2025-09,3,2025-10-19
8955,Delhi NCR,Paid Social,2026-09,2,2026-09-07
8956,Delhi NCR,App Store Search,2025-12,3,2025-12-27
8957,Bengaluru,Referral,2026-04,2,2026-04-12
8958,Bengaluru,Partnerships,2026-08,2,2026-08-25
8959,Mumbai,App Store Search,2026-06,2,2026-06-09
8960,Bengaluru,Referral,2025-07,6,2025-08-30
8961,Mumbai,Paid Social,2026-05,5,2026-06-20
8962,Delhi NCR,Organic,2025-09,8,2025-10-02
8963,Bengaluru,App Store Search,2026-02,2,2026-02-09
8964,Pune,Referral,2026-02,2,2026-02-09
8965,Bengaluru,Influencer,2026-03,5,2026-04-22
8966,Bengaluru,Organic,2026-07,2,2026-07-09
8967,Mumbai,App Store Search,2026-05,4,2026-05-30
8969,Delhi NCR,Paid Social,2026-01,3,2026-01-22
8970,Delhi NCR,Paid Social,2026-05,8,2026-06-29
8971,Mumbai,Organic,2025-10,11,2026-02-23
8972,Mumbai,App Store Search,2026-07,5,2026-08-19
8973,Chennai,Organic,2026-07,11,2026-08-25
8974,Delhi NCR,Referral,2026-07,2,2026-08-10
8975,Mumbai,Organic,2026-05,3,2026-05-31
8976,Bengaluru,Paid Social,2025-09,5,2025-09-26
8977,Hyderabad,Organic,2025-12,8,2026-01-26
8978,Pune,Paid Social,2026-08,2,2026-08-09
8979,Mumbai,Referral,2026-02,13,2026-06-05
8980,Pune,Influencer,2025-10,2,2025-10-17
8981,Delhi NCR,Organic,2026-06,9,2026-09-09
8982,Hyderabad,Paid Social,2026-04,9,2026-08-20
8983,Mumbai,Organic,2025-12,1,2025-12-07
8984,Bengaluru,Paid Social,2025-11,3,2025-11-07
8985,Delhi NCR,Referral,2026-06,4,2026-06-29
8986,Bengaluru,Referral,2026-02,10,2026-06-15
8987,Pune,Influencer,2025-12,3,2025-12-30
8988,Pune,Referral,2026-07,2,2026-07-26
8989,Mumbai,Influencer,2026-08,5,2026-09-12
8990,Pune,Influencer,2026-08,3,2026-09-15
8991,Pune,Paid Social,2025-10,3,2025-10-29
8992,Delhi NCR,Paid Social,2026-06,2,2026-06-09
8993,Mumbai,Paid Social,2026-09,2,2026-09-11
8994,Bengaluru,Paid Social,2026-06,2,2026-06-18
8995,Bengaluru,Partnerships,2026-05,7,2026-07-28
8996,Bengaluru,Paid Social,2026-01,7,2026-03-25
8997,Delhi NCR,Paid Social,2026-01,16,2026-05-31
8998,Delhi NCR,Paid Social,2026-09,0,
8999,Delhi NCR,Organic,2026-07,4,2026-07-22
9000,Pune,Organic,2026-01,6,2026-01-31
9001,Bengaluru,App Store Search,2025-06,15,2025-10-29
9002,Delhi NCR,App Store Search,2026-07,7,2026-08-29
9003,Mumbai,App Store Search,2026-08,2,2026-08-17
9004,Mumbai,App Store Search,2026-06,3,2026-06-18
9005,Mumbai,Paid Social,2025-08,3,2025-08-15
9006,Chennai,App Store Search,2026-07,1,2026-08-12
9007,Hyderabad,Partnerships,2025-12,1,2025-12-19
9008,Mumbai,Paid Social,2026-06,8,2026-08-16
9009,Bengaluru,Paid Social,2026-01,6,2026-02-21
9010,Bengaluru,Referral,2025-12,8,2026-01-30
9011,Hyderabad,Organic,2025-09,8,2025-12-08
9012,Delhi NCR,Referral,2026-06,2,2026-06-27
9013,Chennai,Paid Social,2026-02,1,2026-02-11
9014,Hyderabad,Paid Social,2026-05,9,2026-08-24
9015,Hyderabad,Organic,2026-02,2,2026-02-17
9016,Bengaluru,App Store Search,2026-07,4,2026-07-28
9017,Bengaluru,Referral,2026-02,2,2026-03-27
9018,Bengaluru,Paid Social,2026-07,3,2026-07-15
9019,Hyderabad,Organic,2026-07,7,2026-09-01
9020,Delhi NCR,Paid Social,2026-06,8,2026-07-31
9021,Bengaluru,Referral,2026-07,3,2026-07-20
9022,Delhi NCR,Referral,2025-12,5,2026-01-09
9023,Delhi NCR,Organic,2026-01,4,2026-01-23
9024,Mumbai,Organic,2026-06,3,2026-07-16
9025,Hyderabad,App Store Search,2026-01,3,2026-01-25
9026,Bengaluru,Paid Social,2026-06,4,2026-06-23
9027,Delhi NCR,Organic,2026-09,0,
9028,Bengaluru,Paid Social,2025-07,4,2025-07-23
9029,Pune,App Store Search,2025-07,9,2025-10-13
9030,Mumbai,Paid Social,2026-08,2,2026-08-15
9031,Chennai,Partnerships,2026-06,8,2026-08-28
9032,Delhi NCR,App Store Search,2026-01,3,2026-01-26
9033,Mumbai,Paid Social,2025-12,10,2026-02-24
9034,Hyderabad,Organic,2026-07,3,2026-07-27
9035,Pune,Organic,2026-02,1,2026-02-19
9036,Bengaluru,Referral,2025-07,8,2025-08-30
9037,Bengaluru,Paid Social,2025-08,2,2025-08-29
9038,Hyderabad,Paid Social,2026-05,3,2026-05-29
9039,Delhi NCR,Influencer,2025-07,9,2025-10-27
9040,Bengaluru,Paid Social,2025-05,1,2025-05-12
9041,Bengaluru,App Store Search,2025-09,10,2026-01-06
9042,Mumbai,Referral,2025-04,3,2025-04-08
9043,Delhi NCR,Organic,2026-08,2,2026-08-26
9044,Pune,Paid Social,2026-06,1,2026-06-22
9045,Bengaluru,Organic,2026-02,6,2026-03-19
9046,Delhi NCR,Organic,2026-06,7,2026-07-20
9047,Bengaluru,Paid Social,2026-08,1,2026-08-08
9048,Mumbai,Organic,2026-09,0,
9049,Delhi NCR,Paid Social,2026-07,1,2026-07-07
9050,Bengaluru,Organic,2026-08,3,2026-09-15
9051,Bengaluru,App Store Search,2026-02,3,2026-02-24
9052,Mumbai,Paid Social,2025-11,2,2025-11-22
9053,Mumbai,App Store Search,2026-06,4,2026-06-23
9054,Bengaluru,Referral,2026-06,7,2026-07-15
9055,Pune,Organic,2026-04,13,2026-09-07
9056,Delhi NCR,Referral,2026-05,10,2026-07-31
9057,Bengaluru,Organic,2025-08,3,2025-08-28
9058,Bengaluru,Organic,2025-10,3,2025-11-04
9059,Bengaluru,Partnerships,2025-11,4,2025-11-27
9060,Mumbai,Referral,2026-01,4,2026-02-12
9061,Mumbai,Paid Social,2025-06,2,2025-06-04
9062,Bengaluru,Organic,2026-04,5,2026-04-29
9063,Mumbai,Organic,2025-10,2,2025-10-18
9064,Delhi NCR,Paid Social,2025-11,2,2025-11-26
9065,Bengaluru,Paid Social,2026-05,3,2026-05-24
9066,Pune,Partnerships,2026-04,12,2026-08-20
9067,Bengaluru,Paid Social,2026-06,6,2026-07-20
9068,Mumbai,Partnerships,2026-06,8,2026-08-24
9069,Pune,Paid Social,2025-12,11,2026-02-03
9070,Bengaluru,Paid Social,2026-05,2,2026-06-08
9071,Bengaluru,Influencer,2025-05,2,2025-05-28
9072,Bengaluru,Organic,2025-12,2,2025-12-23
9073,Mumbai,App Store Search,2025-10,3,2025-11-29
9074,Bengaluru,Organic,2025-10,6,2025-12-08
9075,Bengaluru,Organic,2026-05,6,2026-06-29
9076,Delhi NCR,Organic,2026-02,4,2026-04-11
9077,Bengaluru,Paid Social,2026-03,1,2026-03-13
9078,Mumbai,Organic,2026-07,4,2026-08-30
9079,Mumbai,Organic,2026-02,7,2026-04-16
9080,Mumbai,Referral,2026-04,1,2026-04-15
9081,Delhi NCR,Paid Social,2025-07,4,2025-07-16
9082,Pune,Referral,2026-02,20,2026-09-10
9083,Delhi NCR,Organic,2026-03,4,2026-03-25
9084,Delhi NCR,Organic,2026-04,2,2026-04-22
9085,Bengaluru,Paid Social,2025-07,2,2025-07-29
9086,Bengaluru,Influencer,2026-07,4,2026-08-12
9087,Chennai,Paid Social,2026-02,12,2026-04-30
9088,Hyderabad,Organic,2026-06,11,2026-08-31
9089,Pune,Referral,2026-04,12,2026-07-11
9090,Chennai,Paid Social,2026-09,1,2026-09-03
9091,Bengaluru,Referral,2026-05,12,2026-07-28
9092,Delhi NCR,Referral,2026-02,14,2026-06-22
9093,Mumbai,App Store Search,2026-08,2,2026-08-23
9094,Mumbai,Paid Social,2026-04,7,2026-05-28
9095,Mumbai,Referral,2025-07,2,2025-07-21
9096,Delhi NCR,Influencer,2026-03,6,2026-03-23
9097,Chennai,Influencer,2026-08,5,2026-09-14
9098,Mumbai,Influencer,2026-08,2,2026-08-26
9099,Delhi NCR,Organic,2025-09,2,2025-09-18
9100,Mumbai,Paid Social,2026-06,3,2026-06-25
9101,Pune,Organic,2026-06,4,2026-07-30
9102,Bengaluru,Paid Social,2026-06,3,2026-07-16
9103,Hyderabad,Paid Social,2026-08,3,2026-09-09
9104,Delhi NCR,App Store Search,2026-07,1,2026-07-01
9105,Mumbai,Paid Social,2026-09,1,2026-09-04
9106,Bengaluru,App Store Search,2026-04,6,2026-05-24
9107,Chennai,Paid Social,2025-12,3,2025-12-29
9108,Delhi NCR,Referral,2026-08,6,2026-09-14
9109,Bengaluru,Referral,2026-07,8,2026-08-15
9110,Hyderabad,Organic,2026-07,2,2026-07-15
9111,Chennai,Partnerships,2026-05,10,2026-07-28
9112,Bengaluru,Paid Social,2026-07,1,2026-07-12
9113,Bengaluru,Paid Social,2026-09,0,
9114,Bengaluru,Paid Social,2026-07,2,2026-07-24
9115,Delhi NCR,Paid Social,2026-09,3,2026-09-13
9116,Bengaluru,Referral,2026-06,11,2026-09-14
9117,Bengaluru,Paid Social,2026-04,2,2026-04-09
9118,Bengaluru,Influencer,2025-12,4,2026-01-10
9119,Bengaluru,Influencer,2025-11,10,2026-03-27
9120,Mumbai,Influencer,2026-08,4,2026-09-12
9121,Mumbai,Organic,2026-01,5,2026-03-31
9122,Bengaluru,Paid Social,2025-11,8,2025-11-27
9123,Mumbai,Organic,2026-07,3,2026-07-30
9124,Mumbai,Organic,2025-08,3,2025-08-22
9125,Pune,Paid Social,2026-06,1,2026-06-21
9126,Delhi NCR,Influencer,2026-02,9,2026-03-23
9127,Mumbai,Organic,2026-06,4,2026-07-04
9128,Mumbai,Organic,2026-03,11,2026-07-25
9129,Delhi NCR,Organic,2026-04,6,2026-05-29
9130,Chennai,Influencer,2025-12,6,2025-12-26
9131,Mumbai,Organic,2025-11,4,2025-11-27
9132,Delhi NCR,Referral,2026-06,7,2026-08-21
9133,Mumbai,App Store Search,2025-10,10,2026-01-17
9134,Hyderabad,App Store Search,2026-03,8,2026-04-24
9135,Delhi NCR,Referral,2026-03,4,2026-04-24
9136,Bengaluru,Referral,2025-09,16,2026-02-09
9137,Chennai,Organic,2026-05,7,2026-07-21
9138,Bengaluru,Referral,2026-03,4,2026-04-11
9139,Bengaluru,Referral,2025-06,12,2025-08-28
9140,Bengaluru,App Store Search,2026-02,2,2026-02-24
9141,Bengaluru,Organic,2026-02,4,2026-03-15
9142,Mumbai,Referral,2026-08,8,2026-08-30
9143,Bengaluru,Organic,2025-09,2,2025-09-29
9144,Hyderabad,Referral,2026-07,9,2026-09-08
9145,Bengaluru,App Store Search,2026-08,4,2026-08-11
9146,Bengaluru,Paid Social,2026-02,3,2026-02-27
9147,Delhi NCR,Organic,2026-01,3,2026-01-30
9148,Delhi NCR,Paid Social,2026-05,1,2026-05-16
9149,Mumbai,Paid Social,2025-06,5,2025-06-28
9150,Pune,Influencer,2026-04,9,2026-05-25
9151,Delhi NCR,Paid Social,2026-07,3,2026-07-30
9152,Bengaluru,Referral,2026-08,3,2026-08-26
9153,Hyderabad,Paid Social,2026-05,14,2026-09-01
9154,Bengaluru,Referral,2026-01,11,2026-03-30
9155,Hyderabad,Paid Social,2026-07,4,2026-07-26
9156,Mumbai,Paid Social,2025-06,8,2025-07-30
9157,Chennai,Paid Social,2026-07,6,2026-09-02
9158,Hyderabad,Partnerships,2025-08,1,2025-08-19
9159,Delhi NCR,Referral,2025-05,12,2025-09-25
9160,Bengaluru,Paid Social,2026-05,5,2026-05-31
9161,Bengaluru,Paid Social,2026-05,4,2026-05-15
9162,Bengaluru,Organic,2026-07,4,2026-07-24
9163,Delhi NCR,Organic,2026-05,8,2026-07-25
9164,Chennai,Organic,2026-05,4,2026-06-29
9165,Mumbai,Organic,2026-04,20,2026-08-21
9166,Bengaluru,Referral,2026-04,8,2026-05-28
9167,Bengaluru,Organic,2026-02,3,2026-02-24
9168,Bengaluru,Paid Social,2026-05,2,2026-05-25
9169,Bengaluru,Referral,2025-12,3,2025-12-16
9170,Delhi NCR,Referral,2026-02,7,2026-03-29
9171,Delhi NCR,Paid Social,2025-05,7,2025-07-07
9172,Bengaluru,Organic,2026-07,6,2026-09-08
9173,Bengaluru,Paid Social,2026-04,3,2026-04-19
9174,Pune,Organic,2026-01,10,2026-03-22
9175,Delhi NCR,Partnerships,2026-06,7,2026-07-17
9176,Delhi NCR,Organic,2026-03,2,2026-03-26
9177,Chennai,Organic,2026-07,7,2026-08-23
9178,Mumbai,Organic,2026-04,7,2026-05-30
9180,Chennai,Organic,2026-09,0,
9181,Mumbai,Paid Social,2026-08,3,2026-08-24
9182,Chennai,Referral,2026-02,10,2026-05-31
9183,Delhi NCR,Referral,2026-01,5,2026-02-07
9184,Bengaluru,Organic,2025-11,4,2025-11-28
9185,Bengaluru,Paid Social,2025-06,2,2025-06-08
9186,Bengaluru,Organic,2025-09,1,2025-09-25
9187,Pune,Referral,2025-08,1,2025-08-02
9188,Bengaluru,Paid Social,2025-06,2,2025-06-29
9189,Mumbai,Referral,2026-04,6,2026-04-23
9190,Bengaluru,App Store Search,2025-10,4,2025-10-27
9191,Bengaluru,Referral,2026-07,2,2026-08-03
9192,Bengaluru,Paid Social,2025-12,3,2025-12-15
9193,Delhi NCR,Paid Social,2026-09,4,2026-09-13
9194,Hyderabad,Organic,2025-12,4,2026-01-26
9195,Mumbai,Paid Social,2026-09,1,2026-09-10
9196,Pune,App Store Search,2026-03,6,2026-04-14
9197,Pune,Referral,2026-05,4,2026-05-28
9198,Mumbai,Paid Social,2026-09,4,2026-09-15
9199,Bengaluru,Referral,2026-08,4,2026-08-29
9200,Mumbai,Paid Social,2026-05,5,2026-07-27
9201,Mumbai,App Store Search,2025-10,4,2025-11-12
9202,Delhi NCR,Paid Social,2026-07,5,2026-08-29
9203,Chennai,Paid Social,2026-04,5,2026-06-18
9204,Chennai,Influencer,2026-06,13,2026-08-30
9205,Delhi NCR,Paid Social,2025-11,2,2025-11-17
9206,Pune,Referral,2026-03,12,2026-05-21
9207,Bengaluru,App Store Search,2026-02,13,2026-05-24
9208,Hyderabad,Organic,2026-02,9,2026-05-20
9209,Bengaluru,App Store Search,2025-09,3,2025-09-22
9210,Mumbai,App Store Search,2025-12,2,2025-12-23
9212,Mumbai,Influencer,2025-11,8,2026-01-23
9213,Bengaluru,Referral,2026-09,1,2026-09-08
9214,Hyderabad,Paid Social,2025-12,8,2026-02-25
9215,Hyderabad,App Store Search,2026-08,2,2026-08-31
9216,Bengaluru,Paid Social,2026-05,3,2026-05-26
9217,Bengaluru,Referral,2026-03,2,2026-03-11
9218,Mumbai,App Store Search,2025-11,3,2025-11-29
9219,Chennai,App Store Search,2026-04,2,2026-04-17
9220,Hyderabad,Referral,2026-01,4,2026-01-31
9221,Hyderabad,Organic,2026-07,8,2026-09-03
9222,Delhi NCR,Referral,2026-07,3,2026-07-26
9223,Bengaluru,App Store Search,2025-08,2,2025-08-14
9224,Mumbai,Paid Social,2026-09,2,2026-09-15
9225,Pune,App Store Search,2025-06,1,2025-06-03
9226,Pune,Paid Social,2026-01,4,2026-01-24
9227,Hyderabad,Referral,2026-07,3,2026-07-18
9228,Mumbai,App Store Search,2026-08,3,2026-08-29
9229,Mumbai,Organic,2026-03,13,2026-05-26
9230,Pune,Paid Social,2026-07,11,2026-09-13
9231,Bengaluru,Organic,2025-11,2,2025-11-10
9232,Hyderabad,Paid Social,2026-07,9,2026-09-15
9233,Bengaluru,Referral,2025-09,6,2025-10-26
9234,Bengaluru,Partnerships,2026-01,6,2026-03-31
9235,Delhi NCR,Organic,2026-07,6,2026-09-09
9236,Bengaluru,App Store Search,2026-08,3,2026-08-15
9237,Delhi NCR,Organic,2026-04,5,2026-05-28
9238,Delhi NCR,Organic,2025-06,6,2025-07-28
9239,Mumbai,Organic,2025-04,2,2025-04-27
9240,Bengaluru,App Store Search,2026-01,1,2026-01-25
9241,Hyderabad,Organic,2025-11,2,2025-11-25
9242,Pune,App Store Search,2025-10,10,2025-12-27
9243,Bengaluru,Organic,2026-05,7,2026-06-26
9245,Mumbai,Partnerships,2026-03,8,2026-05-14
9246,Mumbai,Paid Social,2025-09,11,2025-12-23
9247,Bengaluru,App Store Search,2026-08,9,2026-09-15
9248,Bengaluru,Referral,2026-04,3,2026-05-28
9249,Bengaluru,Paid Social,2026-05,2,2026-05-22
9250,Mumbai,Paid Social,2026-04,11,2026-09-08
9251,Delhi NCR,Referral,2026-02,15,2026-06-22
9252,Mumbai,Organic,2026-05,2,2026-05-14
9253,Mumbai,Paid Social,2026-03,1,2026-03-18
9254,Bengaluru,Organic,2026-03,13,2026-05-23
9255,Mumbai,Referral,2026-01,15,2026-06-30
9256,Chennai,Partnerships,2026-08,6,2026-08-27
9257,Chennai,Organic,2025-12,5,2026-01-23
9258,Bengaluru,App Store Search,2025-07,4,2025-07-24
9259,Hyderabad,Influencer,2026-05,3,2026-05-20
9260,Delhi NCR,Organic,2026-02,6,2026-03-13
9261,Chennai,Paid Social,2026-07,7,2026-09-06
9262,Bengaluru,App Store Search,2026-07,2,2026-07-18
9263,Mumbai,Paid Social,2026-09,3,2026-09-12
9264,Hyderabad,App Store Search,2026-05,6,2026-07-20
9265,Hyderabad,Organic,2026-07,2,2026-07-14
9266,Hyderabad,Organic,2026-05,3,2026-05-30
9267,Delhi NCR,Paid Social,2026-03,4,2026-03-22
9268,Mumbai,Organic,2025-07,3,2025-07-20
9269,Pune,Referral,2025-11,17,2026-03-12
9270,Mumbai,Organic,2025-11,3,2025-11-14
9271,Mumbai,Influencer,2026-08,6,2026-08-29
9272,Mumbai,Referral,2025-06,3,2025-06-24
9273,Mumbai,Paid Social,2026-03,2,2026-03-06
9274,Delhi NCR,Influencer,2025-12,7,2026-01-24
9275,Mumbai,Influencer,2026-01,1,2026-01-14
9276,Mumbai,Organic,2025-07,5,2025-07-24
9277,Delhi NCR,Paid Social,2026-04,2,2026-04-28
9278,Bengaluru,Paid Social,2025-09,6,2025-10-28
9279,Mumbai,Paid Social,2026-01,12,2026-03-26
9280,Delhi NCR,Referral,2026-05,12,2026-08-30
9282,Bengaluru,Paid Social,2026-06,1,2026-06-02
9283,Delhi NCR,Paid Social,2026-07,7,2026-09-11
9284,Bengaluru,Paid Social,2026-08,3,2026-08-19
9285,Mumbai,Paid Social,2025-12,3,2025-12-07
9286,Mumbai,Referral,2026-07,7,2026-08-30
9287,Mumbai,App Store Search,2026-06,12,2026-08-31
9288,Bengaluru,Organic,2026-04,20,2026-08-17
9289,Bengaluru,App Store Search,2026-06,4,2026-06-24
9290,Hyderabad,Organic,2026-04,0,
9291,Bengaluru,Paid Social,2025-11,1,2025-11-20
9292,Mumbai,Organic,2026-05,16,2026-08-17
9293,Bengaluru,App Store Search,2025-10,13,2026-01-23
9294,Bengaluru,Paid Social,2025-09,2,2025-09-16
9295,Bengaluru,App Store Search,2026-01,4,2026-02-27
9296,Bengaluru,Organic,2025-10,5,2025-10-29
9297,Bengaluru,Referral,2026-08,2,2026-08-24
9298,Mumbai,Organic,2026-04,4,2026-05-11
9299,Mumbai,App Store Search,2025-12,8,2025-12-25
9300,Pune,App Store Search,2025-12,4,2026-01-30
9301,Bengaluru,Organic,2025-10,2,2025-10-14
9302,Bengaluru,Influencer,2025-11,3,2025-11-18
9303,Bengaluru,Organic,2026-01,11,2026-04-16
9304,Bengaluru,Organic,2025-11,6,2025-12-21
9305,Mumbai,Organic,2025-10,8,2025-12-21
9306,Delhi NCR,Organic,2026-08,8,2026-09-09
9307,Delhi NCR,Referral,2026-05,14,2026-09-08
9308,Delhi NCR,Influencer,2026-03,2,2026-03-16
9309,Bengaluru,Referral,2026-03,9,2026-04-23
9310,Hyderabad,Partnerships,2026-04,8,2026-06-24
9311,Delhi NCR,App Store Search,2026-06,10,2026-08-26
9312,Delhi NCR,App Store Search,2026-03,5,2026-05-25
9313,Bengaluru,App Store Search,2026-08,2,2026-08-31
9314,Delhi NCR,Organic,2025-07,6,2025-08-28
9315,Bengaluru,Referral,2025-11,2,2025-11-28
9316,Hyderabad,Paid Social,2026-06,11,2026-09-14
9317,Chennai,Referral,2026-08,3,2026-08-21
9318,Mumbai,Paid Social,2026-05,5,2026-05-21
9319,Bengaluru,Referral,2026-05,6,2026-05-23
9320,Mumbai,App Store Search,2026-08,4,2026-08-30
9321,Delhi NCR,Organic,2025-07,3,2025-08-27
9322,Delhi NCR,Paid Social,2026-07,4,2026-08-13
9323,Bengaluru,Organic,2025-09,21,2026-03-19
9324,Delhi NCR,Organic,2026-03,4,2026-03-27
9325,Mumbai,Paid Social,2026-08,2,2026-08-27
9326,Bengaluru,Influencer,2026-04,11,2026-06-29
9327,Bengaluru,Paid Social,2025-09,8,2025-10-25
9328,Bengaluru,Referral,2026-08,3,2026-08-17
9329,Bengaluru,Referral,2026-08,3,2026-08-31
9330,Mumbai,Referral,2025-11,3,2025-11-22
9331,Hyderabad,Paid Social,2025-09,2,2025-09-14
9332,Hyderabad,Organic,2026-03,3,2026-03-24
9333,Bengaluru,Referral,2026-06,12,2026-09-11
9334,Bengaluru,Paid Social,2025-11,4,2025-11-21
9335,Delhi NCR,Paid Social,2025-09,3,2025-09-28
9336,Delhi NCR,Organic,2025-06,3,2025-06-22
9337,Hyderabad,Paid Social,2026-08,3,2026-08-29
9338,Hyderabad,Partnerships,2026-06,7,2026-07-25
9339,Chennai,Paid Social,2026-06,12,2026-08-27
9340,Bengaluru,Paid Social,2026-03,3,2026-03-27
9341,Delhi NCR,App Store Search,2025-08,1,2025-08-01
9342,Chennai,Referral,2026-02,3,2026-02-17
9343,Pune,Influencer,2026-04,8,2026-07-16
9344,Mumbai,Paid Social,2025-11,1,2025-11-22
9345,Mumbai,App Store Search,2025-11,1,2025-11-19
9346,Delhi NCR,Paid Social,2026-01,16,2026-03-25
9347,Mumbai,Paid Social,2026-02,2,2026-02-21
9348,Bengaluru,Influencer,2026-07,10,2026-08-24
9349,Mumbai,Influencer,2026-06,8,2026-08-24
9350,Bengaluru,Organic,2025-10,2,2025-10-20
9351,Mumbai,Paid Social,2025-12,2,2025-12-20
9352,Mumbai,Paid Social,2025-10,15,2026-02-11
9353,Bengaluru,Organic,2026-04,9,2026-07-22
9354,Bengaluru,Referral,2025-07,6,2025-09-28
9355,Bengaluru,App Store Search,2026-05,12,2026-08-30
9356,Mumbai,Referral,2025-09,13,2025-12-27
9357,Bengaluru,App Store Search,2026-07,4,2026-07-23
9358,Mumbai,Referral,2025-11,5,2025-12-23
9359,Delhi NCR,App Store Search,2025-09,14,2026-01-07
9360,Bengaluru,App Store Search,2026-08,3,2026-08-18
9361,Bengaluru,Paid Social,2025-11,2,2025-11-26
9362,Pune,Paid Social,2025-09,1,2025-09-27
9363,Delhi NCR,Organic,2025-06,4,2025-06-28
9364,Pune,Paid Social,2026-03,11,2026-05-28
9365,Bengaluru,Paid Social,2026-03,3,2026-03-16
9366,Mumbai,Organic,2026-09,1,2026-09-14
9367,Mumbai,Organic,2026-07,3,2026-07-27
9368,Hyderabad,Organic,2026-03,10,2026-05-28
9369,Bengaluru,Influencer,2025-12,13,2026-02-26
9370,Hyderabad,Organic,2026-05,9,2026-08-22
9371,Mumbai,Organic,2026-02,5,2026-03-22
9372,Bengaluru,Paid Social,2026-01,7,2026-01-25
9373,Delhi NCR,Organic,2026-01,1,2026-01-05
9374,Bengaluru,Referral,2026-05,5,2026-05-29
9375,Bengaluru,Referral,2026-08,4,2026-09-13
9376,Bengaluru,Partnerships,2025-12,2,2025-12-25
9377,Mumbai,Paid Social,2025-11,1,2025-11-24
9378,Bengaluru,App Store Search,2026-07,4,2026-07-29
9379,Pune,Referral,2026-05,14,2026-09-15
9380,Bengaluru,Organic,2026-08,2,2026-08-31
9381,Bengaluru,Partnerships,2026-09,0,
9382,Mumbai,Organic,2026-03,9,2026-06-06
9383,Delhi NCR,Paid Social,2025-06,25,2025-12-25
9384,Mumbai,Partnerships,2026-08,3,2026-08-24
9385,Chennai,Organic,2026-08,2,2026-08-16
9386,Bengaluru,Organic,2026-02,2,2026-02-28
9387,Delhi NCR,Influencer,2026-01,2,2026-01-19
9388,Mumbai,App Store Search,2026-01,11,2026-04-27
9389,Delhi NCR,Referral,2025-11,15,2026-03-24
9390,Delhi NCR,Paid Social,2025-08,4,2025-08-28
9391,Hyderabad,Paid Social,2025-12,2,2025-12-22
9392,Bengaluru,Partnerships,2026-04,2,2026-04-28
9393,Bengaluru,App Store Search,2026-07,2,2026-07-26
9394,Bengaluru,Partnerships,2026-06,2,2026-06-26
9395,Chennai,Organic,2026-06,2,2026-06-22
9396,Bengaluru,Referral,2025-11,9,2026-01-31
9397,Mumbai,App Store Search,2026-06,8,2026-07-30
9398,Bengaluru,Organic,2026-08,5,2026-09-12
9399,Bengaluru,Organic,2026-07,7,2026-09-07
9400,Bengaluru,Influencer,2026-09,2,2026-09-08
9401,Pune,Organic,2025-10,4,2025-11-11
9402,Bengaluru,Partnerships,2025-10,16,2026-02-20
9403,Bengaluru,Organic,2026-06,5,2026-06-27
9404,Mumbai,Organic,2025-07,3,2025-07-30
9405,Bengaluru,Referral,2026-08,3,2026-09-14
9406,Delhi NCR,Referral,2025-12,14,2026-04-25
9407,Delhi NCR,Referral,2026-03,3,2026-04-26
9408,Hyderabad,Partnerships,2026-09,1,2026-09-07
9409,Mumbai,Organic,2025-06,13,2025-10-25
9412,Chennai,Organic,2025-11,21,2026-08-13
9413,Delhi NCR,Paid Social,2026-04,4,2026-05-29
9414,Pune,Paid Social,2025-09,3,2025-09-20
9415,Hyderabad,Paid Social,2026-03,7,2026-04-28
9416,Bengaluru,Organic,2026-01,2,2026-01-26
9417,Delhi NCR,Partnerships,2026-04,1,2026-04-01
9418,Delhi NCR,App Store Search,2025-04,2,2025-04-29
9419,Bengaluru,Organic,2026-06,12,2026-09-13
9420,Pune,Organic,2026-08,3,2026-09-02
9421,Mumbai,Organic,2026-04,5,2026-05-26
9422,Mumbai,Organic,2026-05,8,2026-07-30
9423,Bengaluru,Referral,2026-06,3,2026-06-27
9424,Bengaluru,Influencer,2026-09,0,
9425,Chennai,Organic,2026-05,10,2026-07-22
9426,Bengaluru,Influencer,2026-08,4,2026-08-26
9427,Pune,Paid Social,2026-03,1,2026-03-04
9428,Delhi NCR,Paid Social,2025-05,3,2025-05-31
9429,Delhi NCR,Paid Social,2026-06,5,2026-07-25
9430,Pune,Organic,2025-08,4,2025-08-20
9431,Bengaluru,Paid Social,2026-01,6,2026-02-11
9432,Mumbai,Paid Social,2026-03,10,2026-05-25
9433,Mumbai,Organic,2026-06,7,2026-07-27
9434,Mumbai,Organic,2025-04,2,2025-04-29
9435,Delhi NCR,Paid Social,2026-08,3,2026-09-04
9436,Mumbai,Organic,2025-10,5,2025-10-29
9437,Hyderabad,Referral,2026-05,6,2026-06-17
9438,Hyderabad,Organic,2026-05,3,2026-06-12
9439,Delhi NCR,Paid Social,2026-06,12,2026-09-08
9440,Delhi NCR,Paid Social,2026-03,4,2026-03-24
9441,Delhi NCR,Paid Social,2025-11,1,2025-11-08
9442,Mumbai,App Store Search,2026-05,2,2026-05-31
9443,Delhi NCR,Organic,2026-06,3,2026-06-28
9444,Delhi NCR,Paid Social,2025-08,7,2025-09-30
9445,Delhi NCR,Influencer,2025-10,5,2025-10-26
9446,Mumbai,Paid Social,2026-05,5,2026-06-14
9447,Delhi NCR,Organic,2026-04,5,2026-05-17
9448,Hyderabad,Paid Social,2026-06,4,2026-07-16
9449,Delhi NCR,App Store Search,2025-11,3,2025-12-24
9450,Mumbai,Organic,2026-07,4,2026-07-23
9451,Pune,Partnerships,2026-08,2,2026-08-28
9452,Pune,Paid Social,2026-06,1,2026-06-08
9453,Bengaluru,Paid Social,2026-04,2,2026-04-08
9454,Bengaluru,Organic,2026-06,10,2026-09-06
9455,Delhi NCR,App Store Search,2026-03,10,2026-05-16
9456,Bengaluru,Paid Social,2025-10,4,2025-10-17
9457,Mumbai,Referral,2025-09,35,2026-09-15
9458,Hyderabad,Organic,2026-07,4,2026-07-27
9459,Bengaluru,Referral,2026-04,2,2026-05-29
9460,Chennai,Paid Social,2025-12,7,2026-01-24
9461,Chennai,Partnerships,2026-01,4,2026-01-27
9462,Mumbai,Paid Social,2026-06,0,
9463,Pune,Organic,2026-08,3,2026-08-27
9464,Pune,Organic,2025-05,5,2025-06-25
9465,Mumbai,Paid Social,2026-04,2,2026-04-23
9466,Bengaluru,Organic,2025-10,2,2025-10-23
9467,Bengaluru,App Store Search,2025-11,5,2025-12-19
9468,Bengaluru,Organic,2026-08,5,2026-08-29
9469,Mumbai,Organic,2025-09,9,2025-10-27
9470,Delhi NCR,Paid Social,2026-01,8,2026-03-28
9471,Mumbai,Paid Social,2026-07,2,2026-07-31
9472,Bengaluru,Paid Social,2025-12,10,2026-01-30
9473,Chennai,Paid Social,2026-01,3,2026-01-22
9474,Mumbai,Organic,2026-08,6,2026-09-15
9475,Pune,Paid Social,2026-06,3,2026-06-15
9476,Pune,Organic,2026-04,14,2026-07-28
9477,Bengaluru,Paid Social,2025-12,4,2025-12-23
9478,Pune,App Store Search,2026-05,1,2026-05-09
9479,Mumbai,Organic,2026-01,15,2026-06-07
9480,Pune,Paid Social,2025-07,4,2025-07-31
9481,Delhi NCR,Organic,2026-06,4,2026-06-27
9482,Delhi NCR,App Store Search,2025-09,10,2026-02-12
9483,Delhi NCR,Organic,2026-06,8,2026-08-19
9484,Mumbai,Paid Social,2025-11,4,2025-12-23
9485,Chennai,Referral,2025-12,4,2026-01-19
9486,Bengaluru,Paid Social,2026-03,3,2026-03-23
9487,Mumbai,Partnerships,2026-05,4,2026-06-04
9488,Pune,Organic,2026-09,0,
9489,Chennai,Organic,2026-03,5,2026-04-22
9490,Mumbai,App Store Search,2025-11,7,2025-12-30
9491,Bengaluru,Organic,2026-04,3,2026-05-22
9492,Bengaluru,Paid Social,2026-08,4,2026-08-23
9493,Bengaluru,App Store Search,2026-06,6,2026-08-31
9494,Mumbai,Partnerships,2025-10,5,2025-10-20
9496,Bengaluru,Influencer,2026-08,3,2026-08-11
9497,Mumbai,App Store Search,2026-06,0,
9498,Mumbai,Partnerships,2026-05,6,2026-05-20
9499,Bengaluru,App Store Search,2025-09,16,2026-03-27
9500,Delhi NCR,Paid Social,2025-10,11,2026-01-01
9502,Pune,Referral,2026-03,2,2026-03-21
9503,Delhi NCR,Paid Social,2025-08,5,2025-09-23
9504,Mumbai,Influencer,2026-08,3,2026-08-18
9505,Bengaluru,Referral,2026-07,1,2026-07-14
9506,Bengaluru,Influencer,2026-01,8,2026-02-23
9507,Mumbai,Paid Social,2026-05,6,2026-06-20
9508,Delhi NCR,Paid Social,2026-03,4,2026-03-30
9509,Hyderabad,Organic,2026-03,5,2026-03-31
9510,Mumbai,Paid Social,2026-06,8,2026-08-24
9511,Delhi NCR,Referral,2025-11,1,2025-11-23
9512,Hyderabad,Referral,2026-04,2,2026-04-23
9513,Delhi NCR,Paid Social,2026-06,8,2026-09-03
9514,Delhi NCR,Paid Social,2026-02,3,2026-02-19
9515,Mumbai,Organic,2026-02,5,2026-02-23
9516,Pune,Organic,2026-04,13,2026-09-13
9517,Bengaluru,Paid Social,2026-05,3,2026-05-05
9518,Delhi NCR,App Store Search,2026-03,3,2026-04-13
9519,Bengaluru,Paid Social,2026-05,5,2026-06-29
9520,Bengaluru,App Store Search,2026-08,5,2026-08-25
9521,Bengaluru,App Store Search,2025-07,3,2025-08-17
9522,Bengaluru,Organic,2026-08,4,2026-08-31
9523,Mumbai,Paid Social,2025-06,3,2025-06-25
9524,Bengaluru,Influencer,2026-02,4,2026-02-27
9525,Bengaluru,Organic,2026-05,2,2026-05-22
9526,Delhi NCR,Referral,2025-12,12,2026-03-27
9527,Pune,Influencer,2026-08,4,2026-08-16
9528,Bengaluru,Organic,2025-09,4,2025-09-25
9529,Delhi NCR,App Store Search,2025-10,5,2025-10-19
9530,Chennai,Organic,2026-01,6,2026-01-29
9531,Mumbai,Paid Social,2026-02,4,2026-02-28
9532,Bengaluru,Referral,2026-08,5,2026-09-15
9533,Bengaluru,App Store Search,2025-04,5,2025-05-22
9534,Bengaluru,Paid Social,2026-08,2,2026-08-28
9535,Hyderabad,Influencer,2026-07,6,2026-09-13
9536,Pune,Organic,2026-04,4,2026-05-20
9537,Delhi NCR,Paid Social,2026-04,4,2026-05-30
9538,Mumbai,Paid Social,2025-11,4,2025-12-29
9539,Bengaluru,Paid Social,2026-02,1,2026-02-13
9540,Pune,Influencer,2026-03,2,2026-04-14
9541,Chennai,Referral,2025-11,3,2025-11-27
9542,Bengaluru,Paid Social,2026-07,1,2026-07-14
9543,Bengaluru,Referral,2025-10,6,2025-11-25
9544,Bengaluru,App Store Search,2026-01,6,2026-03-31
9545,Bengaluru,Referral,2026-06,8,2026-08-22
9546,Bengaluru,Organic,2025-08,4,2025-08-20
9547,Chennai,Paid Social,2026-07,1,2026-07-18
9548,Pune,Organic,2025-08,1,2025-08-19
9549,Bengaluru,Paid Social,2026-06,4,2026-06-13
9550,Delhi NCR,App Store Search,2025-11,5,2025-12-13
9551,Pune,Organic,2026-02,7,2026-04-27
9552,Delhi NCR,Organic,2025-11,11,2026-03-29
9553,Delhi NCR,App Store Search,2026-03,7,2026-04-26
9554,Bengaluru,Referral,2025-11,11,2026-02-21
9555,Delhi NCR,Paid Social,2026-02,2,2026-02-21
9556,Bengaluru,Partnerships,2026-03,1,2026-03-13
9557,Bengaluru,Organic,2026-04,7,2026-05-28
9558,Bengaluru,Paid Social,2026-06,6,2026-07-22
9559,Bengaluru,Organic,2026-02,5,2026-02-13
9560,Mumbai,Organic,2026-06,2,2026-06-23
9561,Mumbai,App Store Search,2026-03,6,2026-04-24
9562,Bengaluru,Organic,2026-04,3,2026-04-18
9563,Bengaluru,Referral,2025-11,21,2026-06-19
9564,Bengaluru,Paid Social,2026-08,4,2026-09-05
9565,Pune,Paid Social,2025-11,5,2025-12-06
9566,Delhi NCR,Paid Social,2026-01,11,2026-03-29
9567,Pune,App Store Search,2026-05,7,2026-06-23
9568,Bengaluru,Referral,2026-04,18,2026-09-11
9569,Delhi NCR,Referral,2026-04,3,2026-04-17
9570,Pune,Organic,2025-11,3,2025-11-25
9571,Bengaluru,Referral,2025-09,5,2025-10-29
9572,Mumbai,Influencer,2026-01,6,2026-01-26
9573,Hyderabad,Paid Social,2026-05,8,2026-09-15
9574,Bengaluru,Paid Social,2026-02,5,2026-03-24
9575,Bengaluru,Paid Social,2026-06,3,2026-06-30
9576,Bengaluru,Paid Social,2026-05,1,2026-05-18
9577,Bengaluru,Organic,2025-11,6,2025-11-26
9578,Mumbai,Organic,2026-01,2,2026-01-27
9579,Pune,Paid Social,2026-07,2,2026-07-15
9580,Pune,Organic,2026-03,11,2026-06-04
9581,Mumbai,Paid Social,2025-12,3,2025-12-31
9582,Chennai,Organic,2026-04,4,2026-04-17
9583,Bengaluru,Organic,2026-08,2,2026-08-23
9584,Hyderabad,App Store Search,2025-09,19,2026-01-25
9585,Bengaluru,Organic,2025-11,3,2025-11-25
9586,Bengaluru,Organic,2025-07,3,2025-07-19
9587,Delhi NCR,Organic,2026-04,2,2026-04-16
9588,Delhi NCR,Partnerships,2026-06,6,2026-08-27
9589,Mumbai,Partnerships,2026-01,4,2026-02-23
9590,Hyderabad,Referral,2026-08,1,2026-08-18
9591,Delhi NCR,Paid Social,2026-08,2,2026-08-31
9592,Bengaluru,App Store Search,2026-09,1,2026-09-05
9593,Bengaluru,Influencer,2025-08,1,2025-08-10
9594,Bengaluru,Organic,2026-06,1,2026-06-11
9595,Bengaluru,Partnerships,2026-06,8,2026-07-26
9596,Mumbai,Organic,2025-06,3,2025-06-20
9597,Bengaluru,Paid Social,2026-08,2,2026-08-26
9598,Hyderabad,Paid Social,2026-08,5,2026-08-26
9599,Bengaluru,Organic,2026-09,1,2026-09-13
9600,Pune,Paid Social,2026-02,5,2026-03-30
9601,Mumbai,Referral,2026-01,5,2026-02-27
9602,Delhi NCR,Paid Social,2025-11,0,
9603,Mumbai,Influencer,2026-08,3,2026-09-14
9604,Delhi NCR,Paid Social,2026-09,1,2026-09-04
9605,Bengaluru,App Store Search,2025-06,4,2025-06-24
9606,Mumbai,Paid Social,2026-07,4,2026-08-28
9607,Bengaluru,Referral,2026-03,6,2026-04-27
9608,Mumbai,Referral,2026-07,7,2026-09-12
9609,Mumbai,Paid Social,2026-06,8,2026-07-24
9610,Pune,Referral,2025-12,20,2026-04-30
9611,Mumbai,Referral,2025-08,16,2026-03-20
9612,Mumbai,Paid Social,2026-05,4,2026-05-26
9613,Bengaluru,Referral,2025-10,25,2026-04-21
9614,Mumbai,Organic,2026-03,13,2026-05-17
9615,Bengaluru,Influencer,2026-05,4,2026-05-31
9616,Delhi NCR,Paid Social,2026-04,9,2026-06-15
9617,Delhi NCR,Organic,2026-07,2,2026-07-18
9618,Delhi NCR,Organic,2025-11,2,2025-11-27
9619,Bengaluru,Organic,2025-06,2,2025-06-23
9620,Bengaluru,Organic,2025-07,4,2025-09-27
9621,Bengaluru,App Store Search,2026-01,2,2026-01-30
9622,Mumbai,Paid Social,2025-07,3,2025-07-22
9623,Mumbai,Paid Social,2025-10,3,2025-10-28
9624,Bengaluru,Referral,2026-03,2,2026-03-19
9625,Mumbai,Organic,2025-07,1,2025-07-19
9626,Hyderabad,Referral,2026-06,6,2026-06-28
9627,Hyderabad,Organic,2026-05,3,2026-06-17
9628,Delhi NCR,Referral,2025-09,9,2025-11-30
9629,Mumbai,Organic,2025-06,9,2025-08-13
9630,Mumbai,Organic,2026-04,2,2026-04-08
9631,Bengaluru,App Store Search,2026-01,9,2026-03-20
9632,Pune,Paid Social,2026-05,2,2026-05-28
9633,Mumbai,Organic,2025-11,8,2026-02-25
9634,Bengaluru,Paid Social,2026-07,2,2026-07-18
9635,Bengaluru,Organic,2026-03,10,2026-06-19
9636,Mumbai,App Store Search,2026-05,9,2026-06-27
9637,Delhi NCR,Organic,2026-08,6,2026-09-05
9638,Delhi NCR,Paid Social,2026-08,2,2026-08-31
9639,Pune,Referral,2026-08,5,2026-09-05
9640,Bengaluru,Referral,2025-11,5,2026-01-06
9641,Hyderabad,Paid Social,2025-08,2,2025-08-31
9642,Bengaluru,App Store Search,2026-02,11,2026-05-26
9643,Mumbai,Referral,2026-03,10,2026-05-23
9644,Mumbai,Organic,2026-05,2,2026-05-14
9645,Bengaluru,Paid Social,2026-07,3,2026-07-29
9646,Bengaluru,Referral,2026-02,7,2026-04-29
9647,Bengaluru,Organic,2026-03,12,2026-07-14
9648,Pune,App Store Search,2026-04,7,2026-06-09
9649,Delhi NCR,Paid Social,2026-07,5,2026-09-02
9650,Bengaluru,Influencer,2026-08,3,2026-08-18
9651,Hyderabad,Referral,2026-09,0,
9652,Mumbai,Organic,2026-07,5,2026-07-29
9653,Pune,Paid Social,2026-07,6,2026-08-22
9654,Mumbai,Influencer,2026-05,3,2026-05-29
9655,Bengaluru,Referral,2025-12,12,2026-02-26
9656,Pune,Referral,2026-05,12,2026-08-22
9657,Bengaluru,Influencer,2026-02,2,2026-03-07
9658,Mumbai,Paid Social,2026-01,2,2026-01-19
9659,Mumbai,App Store Search,2026-02,2,2026-02-18
9660,Mumbai,Paid Social,2026-04,5,2026-04-29
9661,Hyderabad,Organic,2025-12,14,2026-02-24
9662,Mumbai,Referral,2026-09,0,
9663,Delhi NCR,Organic,2026-01,6,2026-03-20
9664,Chennai,Referral,2026-04,14,2026-09-12
9665,Pune,Organic,2026-05,11,2026-08-04
9666,Bengaluru,Partnerships,2025-05,2,2025-05-29
9667,Pune,Influencer,2026-02,2,2026-02-16
9668,Bengaluru,Organic,2025-06,9,2025-08-11
9669,Hyderabad,Organic,2025-11,6,2025-12-29
9670,Bengaluru,Paid Social,2026-02,3,2026-02-16
9671,Bengaluru,Partnerships,2026-07,7,2026-08-26
9672,Bengaluru,App Store Search,2026-08,6,2026-09-10
9673,Hyderabad,App Store Search,2025-09,7,2025-11-29
9674,Delhi NCR,App Store Search,2025-06,1,2025-06-23
9675,Bengaluru,Referral,2026-07,1,2026-07-04
9676,Mumbai,Influencer,2025-05,9,2025-07-23
9677,Bengaluru,Referral,2026-07,3,2026-07-18
9678,Bengaluru,Partnerships,2026-04,5,2026-05-27
9679,Hyderabad,Organic,2025-11,2,2025-11-13
9680,Bengaluru,Organic,2026-06,7,2026-07-30
9681,Bengaluru,Partnerships,2026-01,4,2026-01-29
9682,Bengaluru,Organic,2026-06,4,2026-06-13
9683,Delhi NCR,Influencer,2026-04,14,2026-08-26
9684,Delhi NCR,Paid Social,2025-08,13,2025-12-29
9685,Bengaluru,Partnerships,2025-11,1,2025-11-10
9686,Mumbai,Organic,2026-08,1,2026-08-11
9687,Hyderabad,Referral,2026-08,5,2026-08-25
9688,Bengaluru,Influencer,2026-08,4,2026-08-24
9689,Bengaluru,Influencer,2026-08,3,2026-08-31
9690,Bengaluru,Paid Social,2026-01,3,2026-01-17
9691,Mumbai,App Store Search,2026-08,4,2026-08-23
9692,Bengaluru,Paid Social,2026-04,1,2026-04-13
9693,Mumbai,Referral,2026-06,8,2026-08-10
9694,Bengaluru,Influencer,2026-01,3,2026-01-22
9695,Bengaluru,Partnerships,2026-02,3,2026-02-14
9696,Pune,Paid Social,2026-06,5,2026-08-20
9697,Delhi NCR,Paid Social,2026-05,8,2026-06-30
9698,Bengaluru,Paid Social,2026-01,4,2026-01-29
9699,Chennai,Organic,2026-07,12,2026-09-06
9700,Bengaluru,Paid Social,2026-03,2,2026-03-06
9701,Bengaluru,Influencer,2026-08,2,2026-08-09
9702,Hyderabad,App Store Search,2026-03,1,2026-03-24
9703,Delhi NCR,Organic,2026-03,20,2026-08-30
9704,Bengaluru,Influencer,2025-11,6,2025-12-29
9705,Delhi NCR,Paid Social,2026-09,0,
9706,Bengaluru,Organic,2026-03,9,2026-05-21
9707,Hyderabad,Organic,2026-01,2,2026-01-29
9708,Mumbai,Paid Social,2026-07,8,2026-09-08
9709,Bengaluru,Organic,2026-06,6,2026-08-15
9710,Delhi NCR,Organic,2026-05,13,2026-08-23
9711,Mumbai,Organic,2025-04,11,2025-06-30
9712,Delhi NCR,Organic,2025-12,8,2026-02-12
9713,Delhi NCR,App Store Search,2026-06,6,2026-08-27
9714,Hyderabad,Paid Social,2026-04,13,2026-06-30
9715,Delhi NCR,Paid Social,2026-07,3,2026-08-23
9716,Chennai,Paid Social,2026-06,3,2026-07-25
9717,Pune,Influencer,2025-09,7,2025-10-28
9718,Mumbai,Referral,2026-05,2,2026-05-16
9719,Bengaluru,Paid Social,2026-06,8,2026-07-31
9720,Mumbai,App Store Search,2025-08,3,2025-08-21
9721,Hyderabad,App Store Search,2025-11,5,2025-12-17
9722,Hyderabad,Partnerships,2025-10,8,2025-12-31
9723,Bengaluru,Paid Social,2026-07,6,2026-08-19
9724,Chennai,Paid Social,2026-04,9,2026-07-27
9725,Pune,Referral,2026-06,2,2026-06-15
9726,Delhi NCR,Organic,2026-05,2,2026-05-28
9727,Bengaluru,Organic,2025-10,2,2025-10-21
9728,Pune,Paid Social,2026-01,5,2026-03-17
9729,Bengaluru,Organic,2026-08,2,2026-08-31
9730,Bengaluru,Organic,2026-07,2,2026-07-30
9731,Pune,App Store Search,2026-01,5,2026-01-19
9732,Bengaluru,Paid Social,2026-01,2,2026-01-26
9733,Delhi NCR,Organic,2026-07,10,2026-09-15
9734,Delhi NCR,App Store Search,2025-09,9,2025-12-26
9735,Hyderabad,Organic,2025-09,10,2025-11-13
9736,Pune,Referral,2026-08,5,2026-09-05
9737,Mumbai,Organic,2026-06,5,2026-06-26
9738,Chennai,Influencer,2026-08,1,2026-08-22
9739,Pune,Organic,2026-08,4,2026-09-13
9740,Hyderabad,Paid Social,2026-01,3,2026-01-29
9741,Mumbai,Paid Social,2025-11,12,2026-02-16
9742,Mumbai,Paid Social,2025-09,4,2025-09-30
9743,Mumbai,Referral,2026-05,11,2026-08-16
9744,Delhi NCR,Referral,2026-07,5,2026-09-13
9745,Bengaluru,Paid Social,2026-03,4,2026-03-28
9746,Bengaluru,Organic,2026-08,4,2026-08-31
9747,Chennai,Referral,2025-11,1,2025-11-06
9748,Bengaluru,App Store Search,2026-08,2,2026-08-24
9749,Bengaluru,Referral,2025-05,3,2025-05-21
9750,Bengaluru,Partnerships,2025-05,4,2025-05-19
9751,Delhi NCR,Paid Social,2025-05,2,2025-05-23
9752,Bengaluru,Organic,2026-07,2,2026-07-31
9753,Mumbai,Partnerships,2025-11,1,2025-11-25
9754,Bengaluru,Paid Social,2026-06,3,2026-06-15
9755,Pune,App Store Search,2025-10,10,2026-01-21
9756,Chennai,Organic,2026-02,8,2026-04-29
9757,Chennai,App Store Search,2026-04,2,2026-04-14
9758,Pune,Organic,2025-12,1,2025-12-03
9759,Mumbai,Paid Social,2026-04,5,2026-04-27
9760,Delhi NCR,App Store Search,2026-04,3,2026-04-17
9761,Bengaluru,Organic,2026-02,3,2026-03-27
9762,Bengaluru,Influencer,2025-12,4,2025-12-30
9763,Mumbai,Referral,2025-12,12,2026-03-31
9764,Delhi NCR,Organic,2026-03,6,2026-04-12
9765,Bengaluru,Paid Social,2025-10,5,2025-11-23
9766,Bengaluru,Influencer,2026-05,6,2026-05-26
9767,Bengaluru,Influencer,2025-11,12,2026-03-27
9768,Delhi NCR,Influencer,2026-06,7,2026-09-09
9769,Delhi NCR,Paid Social,2026-06,6,2026-07-23
9770,Hyderabad,Organic,2026-06,6,2026-07-26
9771,Delhi NCR,Paid Social,2025-08,12,2025-11-23
9772,Bengaluru,Paid Social,2026-05,4,2026-06-22
9773,Mumbai,Organic,2026-05,6,2026-06-23
9774,Bengaluru,Paid Social,2026-03,2,2026-03-24
9776,Hyderabad,Paid Social,2026-06,2,2026-07-23
9777,Mumbai,Paid Social,2026-08,3,2026-08-31
9778,Bengaluru,Organic,2026-03,1,2026-03-13
9779,Delhi NCR,Partnerships,2026-09,3,2026-09-15
9780,Delhi NCR,App Store Search,2026-08,3,2026-09-06
9781,Chennai,Influencer,2026-08,3,2026-09-01
9782,Bengaluru,Organic,2025-09,4,2025-10-25
9783,Delhi NCR,Partnerships,2026-08,2,2026-08-19
9784,Pune,Paid Social,2026-07,3,2026-07-23
9785,Mumbai,Organic,2026-05,3,2026-05-29
9786,Pune,Organic,2026-05,10,2026-07-20
9787,Delhi NCR,App Store Search,2026-04,7,2026-05-26
9789,Bengaluru,Paid Social,2026-01,7,2026-01-31
9790,Pune,Organic,2026-08,6,2026-09-12
9791,Delhi NCR,Partnerships,2026-08,4,2026-09-01
9792,Bengaluru,Paid Social,2025-10,2,2025-10-30
9793,Hyderabad,Paid Social,2026-02,7,2026-04-12
9794,Chennai,Referral,2026-05,11,2026-07-25
9795,Chennai,Organic,2026-04,20,2026-09-13
9796,Bengaluru,Organic,2026-05,3,2026-05-20
9797,Bengaluru,Paid Social,2025-11,3,2025-11-15
9798,Pune,App Store Search,2026-03,3,2026-03-16
9799,Chennai,Referral,2026-07,2,2026-07-20
9800,Bengaluru,Organic,2026-02,2,2026-02-27
9801,Mumbai,Paid Social,2026-08,2,2026-08-08
9802,Bengaluru,Partnerships,2026-07,7,2026-08-14
9803,Pune,Paid Social,2025-09,4,2025-10-16
9804,Mumbai,Referral,2026-05,1,2026-05-14
9805,Pune,Partnerships,2025-11,3,2025-11-29
9806,Bengaluru,App Store Search,2025-08,2,2025-08-30
9807,Mumbai,Paid Social,2026-03,5,2026-04-27
9808,Bengaluru,App Store Search,2025-10,4,2025-11-26
9809,Bengaluru,App Store Search,2026-09,1,2026-09-08
9810,Pune,Referral,2026-08,1,2026-08-11
9811,Mumbai,Paid Social,2026-08,5,2026-09-15
9812,Bengaluru,Organic,2026-04,7,2026-05-10
9813,Delhi NCR,Referral,2026-09,2,2026-09-13
9814,Bengaluru,Paid Social,2025-09,10,2025-10-31
9815,Bengaluru,App Store Search,2026-04,8,2026-05-25
9816,Delhi NCR,Paid Social,2026-05,7,2026-07-20
9817,Bengaluru,Paid Social,2026-05,2,2026-05-21
9818,Bengaluru,Paid Social,2026-05,5,2026-05-17
9819,Bengaluru,Organic,2026-03,2,2026-03-02
9820,Delhi NCR,App Store Search,2025-06,6,2025-08-22
9821,Mumbai,Organic,2025-05,5,2025-06-12
9822,Hyderabad,App Store Search,2026-04,6,2026-05-30
9823,Hyderabad,Paid Social,2026-02,1,2026-02-13
9824,Delhi NCR,Paid Social,2026-07,1,2026-07-19
9825,Chennai,App Store Search,2026-06,5,2026-07-11
9826,Bengaluru,Organic,2026-03,9,2026-04-21
9827,Hyderabad,Referral,2026-01,2,2026-02-07
9828,Bengaluru,Paid Social,2025-10,2,2025-10-24
9829,Pune,App Store Search,2025-11,8,2026-01-25
9830,Pune,Referral,2026-09,1,2026-09-06
9831,Delhi NCR,Organic,2026-04,4,2026-06-27
9832,Mumbai,Organic,2026-07,3,2026-07-26
9833,Bengaluru,App Store Search,2026-04,5,2026-06-29
9834,Bengaluru,Paid Social,2026-08,3,2026-08-13
9835,Mumbai,Paid Social,2026-08,3,2026-08-04
9836,Delhi NCR,Organic,2026-08,3,2026-08-19
9837,Bengaluru,Paid Social,2026-09,1,2026-09-07
9838,Chennai,Referral,2026-08,6,2026-09-12
9839,Mumbai,Organic,2026-03,7,2026-05-27
9840,Mumbai,Partnerships,2026-07,2,2026-07-15
9841,Chennai,Organic,2026-09,1,2026-09-08
9842,Mumbai,Referral,2025-10,19,2026-02-17
9843,Hyderabad,App Store Search,2026-08,5,2026-09-12
9844,Mumbai,Organic,2026-03,4,2026-04-17
9845,Mumbai,App Store Search,2025-12,12,2026-03-30
9846,Mumbai,App Store Search,2026-06,1,2026-07-07
9847,Bengaluru,App Store Search,2026-05,2,2026-06-30
9848,Chennai,Referral,2026-01,21,2026-08-29
9849,Mumbai,Organic,2025-12,7,2025-12-31
9850,Delhi NCR,Referral,2026-01,2,2026-01-19
9851,Bengaluru,App Store Search,2025-04,2,2025-04-26
9852,Bengaluru,Organic,2025-11,8,2026-01-28
9853,Mumbai,App Store Search,2026-03,5,2026-03-28
9854,Delhi NCR,Organic,2025-09,2,2025-09-26
9855,Pune,Organic,2025-11,7,2026-01-23
9856,Bengaluru,App Store Search,2026-07,3,2026-07-27
9857,Mumbai,App Store Search,2025-04,6,2025-05-27
9858,Bengaluru,App Store Search,2026-03,3,2026-03-08
9859,Bengaluru,Referral,2026-01,4,2026-02-08
9860,Delhi NCR,Paid Social,2026-03,3,2026-03-17
9861,Mumbai,Paid Social,2026-03,3,2026-03-17
9862,Bengaluru,Paid Social,2025-12,3,2025-12-15
9863,Mumbai,Referral,2026-04,2,2026-04-16
9864,Chennai,App Store Search,2026-06,4,2026-07-25
9865,Bengaluru,Paid Social,2026-06,2,2026-06-24
9866,Hyderabad,Organic,2026-09,3,2026-09-13
9867,Hyderabad,App Store Search,2026-06,13,2026-08-21
9868,Mumbai,App Store Search,2026-01,6,2026-02-27
9869,Bengaluru,Organic,2026-04,5,2026-05-26
9870,Bengaluru,App Store Search,2026-06,9,2026-08-28
9871,Hyderabad,Referral,2026-06,3,2026-06-30
9872,Hyderabad,Referral,2026-04,12,2026-07-28
9873,Hyderabad,App Store Search,2026-07,3,2026-07-22
9874,Mumbai,Referral,2026-03,8,2026-06-19
9875,Delhi NCR,Organic,2026-04,6,2026-07-11
9876,Bengaluru,Organic,2026-03,11,2026-05-21
9877,Mumbai,Organic,2025-09,12,2025-12-25
9879,Bengaluru,Organic,2025-12,2,2025-12-11
9880,Bengaluru,Paid Social,2025-06,1,2025-06-28
9881,Bengaluru,Paid Social,2026-07,2,2026-08-22
9882,Bengaluru,Paid Social,2026-07,5,2026-07-28
9883,Mumbai,Referral,2026-04,11,2026-05-15
9884,Mumbai,Paid Social,2026-08,2,2026-08-10
9885,Mumbai,Referral,2026-07,3,2026-07-11
9886,Chennai,Paid Social,2026-07,1,2026-07-13
9887,Delhi NCR,Organic,2026-02,10,2026-04-26
9888,Mumbai,Referral,2025-12,4,2025-12-31
9889,Delhi NCR,Organic,2026-08,6,2026-09-14
9890,Mumbai,Paid Social,2026-02,2,2026-02-27
9891,Bengaluru,Referral,2026-03,3,2026-04-16
9892,Bengaluru,Organic,2026-05,2,2026-05-30
9893,Mumbai,Organic,2026-08,2,2026-08-17
9894,Bengaluru,Organic,2026-08,1,2026-08-27
9895,Mumbai,Referral,2026-02,13,2026-04-28
9896,Delhi NCR,Influencer,2026-05,6,2026-06-23
9897,Mumbai,Partnerships,2026-03,2,2026-03-17
9898,Bengaluru,Influencer,2026-08,5,2026-08-25
9899,Chennai,Paid Social,2025-12,14,2026-03-18
9900,Pune,Referral,2025-12,4,2025-12-31
9901,Bengaluru,App Store Search,2025-09,3,2025-09-30
9902,Chennai,Organic,2025-12,9,2026-02-21
9903,Delhi NCR,Referral,2025-08,4,2025-08-18
9904,Delhi NCR,App Store Search,2026-02,9,2026-04-27
9905,Bengaluru,App Store Search,2025-12,7,2026-02-13
9906,Bengaluru,Referral,2025-12,4,2026-01-22
9907,Bengaluru,App Store Search,2026-03,12,2026-06-28
9908,Bengaluru,Organic,2026-02,6,2026-04-23
9909,Delhi NCR,App Store Search,2026-01,4,2026-01-29
9910,Bengaluru,App Store Search,2026-07,1,2026-07-28
9911,Pune,Organic,2026-06,4,2026-06-30
9912,Mumbai,Organic,2026-01,5,2026-02-11
9913,Mumbai,Paid Social,2026-06,8,2026-08-30
9914,Chennai,Paid Social,2026-07,3,2026-07-25
9915,Mumbai,Paid Social,2026-04,3,2026-05-04
9916,Bengaluru,Referral,2026-03,3,2026-03-09
9917,Mumbai,Organic,2025-12,2,2025-12-25
9918,Mumbai,App Store Search,2025-11,6,2025-12-24
9919,Delhi NCR,Partnerships,2025-12,3,2025-12-31
9920,Delhi NCR,App Store Search,2025-09,2,2025-09-29
9921,Pune,Organic,2026-03,5,2026-04-20
9922,Pune,Paid Social,2025-08,7,2025-12-27
9923,Pune,Referral,2026-07,8,2026-08-29
9924,Bengaluru,App Store Search,2026-01,8,2026-05-11
9925,Delhi NCR,Organic,2026-07,2,2026-07-27
9926,Hyderabad,Paid Social,2025-12,15,2026-04-29
9927,Pune,Referral,2026-02,6,2026-03-29
9928,Mumbai,Organic,2026-08,3,2026-09-09
9930,Hyderabad,App Store Search,2026-03,5,2026-03-26
9931,Mumbai,Organic,2025-12,4,2025-12-30
9932,Bengaluru,Organic,2025-10,3,2025-10-26
9933,Bengaluru,Organic,2026-07,3,2026-07-09
9934,Pune,Paid Social,2026-07,4,2026-07-26
9935,Delhi NCR,Organic,2025-12,6,2026-01-29
9936,Delhi NCR,Paid Social,2026-04,6,2026-05-20
9937,Hyderabad,Paid Social,2026-06,6,2026-07-11
9938,Bengaluru,Partnerships,2026-08,5,2026-08-31
9939,Delhi NCR,Paid Social,2026-06,3,2026-06-26
9940,Bengaluru,Referral,2026-08,3,2026-08-30
9941,Mumbai,Paid Social,2026-05,2,2026-05-14
9942,Bengaluru,Organic,2026-05,3,2026-06-14
9943,Bengaluru,Paid Social,2025-09,3,2025-09-24
9944,Hyderabad,Paid Social,2025-10,13,2026-01-28
9945,Pune,App Store Search,2026-08,2,2026-09-10
9946,Chennai,App Store Search,2026-07,3,2026-08-31
9947,Mumbai,Paid Social,2025-12,2,2025-12-14
9948,Pune,App Store Search,2026-05,3,2026-05-21
9949,Delhi NCR,Organic,2026-06,4,2026-07-13
9950,Bengaluru,Organic,2026-04,3,2026-04-29
9951,Hyderabad,Organic,2026-01,6,2026-03-20
9952,Delhi NCR,Paid Social,2025-10,3,2025-10-25
9953,Bengaluru,App Store Search,2025-09,5,2025-10-16
9954,Mumbai,Organic,2026-04,4,2026-04-27
9955,Mumbai,Organic,2026-02,9,2026-04-28
9956,Delhi NCR,Influencer,2026-04,5,2026-04-24
9957,Pune,Organic,2026-04,8,2026-06-29
9958,Pune,App Store Search,2026-04,3,2026-04-27
9959,Delhi NCR,App Store Search,2025-04,4,2025-04-22
9960,Pune,Referral,2025-08,4,2025-09-25
9961,Mumbai,Influencer,2026-04,9,2026-05-30
9962,Bengaluru,Organic,2025-05,2,2025-05-30
9963,Hyderabad,Referral,2025-12,7,2026-02-28
9964,Pune,Organic,2026-07,1,2026-07-10
9965,Bengaluru,Paid Social,2026-09,0,
9966,Bengaluru,App Store Search,2025-05,7,2025-06-28
9967,Hyderabad,Paid Social,2026-04,4,2026-06-20
9968,Delhi NCR,Influencer,2025-05,4,2025-05-31
9969,Bengaluru,Paid Social,2025-10,1,2025-10-03
9970,Bengaluru,Referral,2026-01,4,2026-02-25
9971,Mumbai,Organic,2026-05,1,2026-05-11
9972,Mumbai,Paid Social,2026-03,15,2026-05-29
9973,Bengaluru,Organic,2026-07,6,2026-08-30
9974,Bengaluru,Referral,2025-11,3,2025-12-24
9975,Bengaluru,Paid Social,2025-04,2,2025-04-19
9976,Mumbai,Referral,2025-09,14,2026-01-11
9977,Delhi NCR,Organic,2025-08,4,2025-08-29
9978,Mumbai,App Store Search,2026-09,1,2026-09-14
9979,Bengaluru,Paid Social,2026-09,1,2026-09-09
9980,Mumbai,App Store Search,2026-08,6,2026-09-14
9981,Mumbai,Partnerships,2026-04,5,2026-04-20
9982,Bengaluru,Paid Social,2026-01,3,2026-01-07
9983,Chennai,Organic,2025-12,7,2026-01-26
9984,Mumbai,Referral,2025-10,2,2025-10-11
9985,Mumbai,App Store Search,2026-07,3,2026-07-18
9986,Mumbai,Organic,2026-07,2,2026-07-12
9987,Delhi NCR,Organic,2026-04,3,2026-04-11
9988,Bengaluru,Paid Social,2026-04,4,2026-04-21
9989,Delhi NCR,Organic,2025-10,7,2025-12-25
9990,Chennai,Partnerships,2026-01,4,2026-01-18
9991,Delhi NCR,Paid Social,2026-05,5,2026-06-09
9992,Hyderabad,Referral,2026-08,4,2026-09-05
9993,Delhi NCR,Organic,2026-03,7,2026-05-14
9994,Chennai,Paid Social,2025-10,2,2025-10-29
9995,Mumbai,App Store Search,2026-07,4,2026-08-27
9996,Delhi NCR,Organic,2025-07,3,2025-07-20
9997,Bengaluru,Organic,2026-09,3,2026-09-12
9998,Chennai,App Store Search,2026-01,4,2026-01-25
9999,Delhi NCR,Referral,2026-07,8,2026-08-31
10000,Pune,Organic,2026-06,5,2026-09-15
10001,Hyderabad,Organic,2026-06,3,2026-06-25
10002,Bengaluru,Influencer,2026-03,11,2026-05-30
10003,Pune,Referral,2025-12,1,2025-12-30
10004,Bengaluru,App Store Search,2025-12,3,2025-12-26
10005,Bengaluru,Organic,2026-01,5,2026-02-25
10006,Bengaluru,Organic,2025-09,4,2025-09-24
10007,Mumbai,Organic,2026-08,6,2026-09-08
10008,Hyderabad,Organic,2026-06,8,2026-08-25
10009,Bengaluru,App Store Search,2025-10,11,2026-01-16
10010,Delhi NCR,Organic,2025-12,7,2026-01-28
10011,Bengaluru,Organic,2026-05,8,2026-06-26
10012,Mumbai,Referral,2026-05,5,2026-05-31
10013,Bengaluru,Paid Social,2026-02,4,2026-03-21
10014,Pune,Paid Social,2026-03,8,2026-06-25
10015,Bengaluru,Referral,2026-06,3,2026-06-26
10016,Delhi NCR,App Store Search,2026-05,3,2026-05-10
10017,Hyderabad,Organic,2026-02,5,2026-03-26
10018,Hyderabad,Partnerships,2026-06,5,2026-06-26
10019,Mumbai,Organic,2026-09,4,2026-09-14
10020,Delhi NCR,Organic,2026-03,8,2026-06-27
10021,Bengaluru,Organic,2025-09,1,2025-09-07
10022,Hyderabad,Influencer,2026-09,0,
10023,Chennai,Influencer,2026-08,5,2026-09-12
10024,Bengaluru,App Store Search,2025-11,5,2025-12-14
10025,Mumbai,Paid Social,2026-06,2,2026-06-27
10026,Bengaluru,App Store Search,2025-12,7,2026-01-21
10027,Mumbai,Referral,2026-01,6,2026-03-18
10028,Mumbai,Referral,2026-03,6,2026-05-23
10029,Mumbai,Paid Social,2026-08,5,2026-09-03
10030,Chennai,Influencer,2026-08,1,2026-08-14
10031,Pune,Paid Social,2026-04,9,2026-07-10
10032,Mumbai,Organic,2025-10,3,2025-10-27
10033,Bengaluru,Organic,2026-06,5,2026-06-30
10034,Delhi NCR,Organic,2025-09,2,2025-09-28
10035,Mumbai,Paid Social,2026-08,4,2026-09-03
10036,Hyderabad,Paid Social,2025-07,31,2026-04-22
10037,Bengaluru,Organic,2025-12,8,2026-03-21
10038,Bengaluru,Referral,2026-06,3,2026-06-30
10039,Bengaluru,Referral,2026-08,2,2026-08-14
10040,Bengaluru,Organic,2026-02,3,2026-02-14
10041,Pune,Organic,2026-03,12,2026-06-16
10042,Bengaluru,Paid Social,2025-12,8,2026-02-23
10043,Delhi NCR,Organic,2026-09,1,2026-09-01
10044,Bengaluru,Paid Social,2025-05,7,2025-06-22
10045,Delhi NCR,App Store Search,2026-09,2,2026-09-08
10046,Bengaluru,App Store Search,2026-08,3,2026-08-20
10047,Bengaluru,Referral,2026-08,2,2026-09-02
10048,Pune,Organic,2026-02,1,2026-02-15
10049,Pune,Partnerships,2026-03,4,2026-03-23
10051,Delhi NCR,Referral,2026-02,3,2026-02-21
10052,Delhi NCR,Paid Social,2026-04,4,2026-04-21
10053,Delhi NCR,App Store Search,2026-04,4,2026-04-21
10054,Delhi NCR,Organic,2026-03,6,2026-03-27
10055,Bengaluru,Referral,2026-01,2,2026-01-30
10056,Pune,Referral,2026-09,1,2026-09-15
10057,Delhi NCR,Paid Social,2026-05,6,2026-06-10
10058,Delhi NCR,Paid Social,2026-02,5,2026-02-27
10059,Hyderabad,Organic,2026-05,8,2026-07-28
10060,Mumbai,Organic,2026-08,7,2026-09-13
10061,Chennai,Paid Social,2026-09,0,
10062,Bengaluru,Organic,2025-05,3,2025-06-14
10063,Mumbai,Influencer,2026-07,4,2026-07-30
10064,Bengaluru,Paid Social,2026-03,1,2026-03-27
10065,Mumbai,Influencer,2026-04,13,2026-07-31
10066,Mumbai,Referral,2025-09,5,2025-09-24
10067,Bengaluru,Influencer,2026-08,3,2026-08-24
10068,Bengaluru,App Store Search,2026-04,2,2026-04-30
10069,Mumbai,Partnerships,2026-03,1,2026-03-26
10070,Bengaluru,Organic,2026-03,5,2026-04-26
10071,Bengaluru,Referral,2026-07,2,2026-08-04
10072,Delhi NCR,App Store Search,2025-08,9,2025-09-27
10073,Bengaluru,Organic,2026-04,1,2026-04-17
10074,Mumbai,Paid Social,2026-04,5,2026-04-27
10075,Mumbai,Referral,2026-02,6,2026-03-28
10076,Mumbai,Organic,2026-08,4,2026-09-06
10077,Bengaluru,Organic,2025-10,6,2025-11-28
10078,Mumbai,Organic,2025-10,21,2026-03-28
10079,Bengaluru,Referral,2026-03,1,2026-03-20
10080,Mumbai,Organic,2026-09,2,2026-09-07
10081,Mumbai,App Store Search,2025-11,21,2026-07-29
10082,Bengaluru,Referral,2026-09,0,
10083,Mumbai,Paid Social,2026-03,3,2026-03-30
10084,Bengaluru,App Store Search,2026-08,3,2026-08-05
10085,Bengaluru,Paid Social,2025-08,3,2025-08-17
10086,Pune,Referral,2026-03,6,2026-04-25
10087,Bengaluru,Organic,2026-08,3,2026-09-11
10088,Bengaluru,App Store Search,2026-08,3,2026-09-08
10089,Mumbai,Organic,2026-07,6,2026-07-31
10091,Delhi NCR,Paid Social,2026-03,14,2026-08-03
10092,Pune,Organic,2025-12,8,2026-02-17
10093,Mumbai,Paid Social,2026-06,4,2026-06-23
10094,Chennai,App Store Search,2026-08,2,2026-08-17
10095,Pune,Influencer,2026-04,3,2026-05-28
10096,Delhi NCR,Organic,2026-01,8,2026-05-22
10097,Pune,App Store Search,2026-01,6,2026-02-10
10098,Chennai,Paid Social,2026-04,14,2026-07-29
10099,Bengaluru,Referral,2026-03,4,2026-03-26
10100,Bengaluru,Paid Social,2026-03,3,2026-04-20
10101,Bengaluru,Organic,2025-05,4,2025-05-30
10102,Pune,Organic,2025-12,4,2026-01-20
10103,Mumbai,App Store Search,2026-05,2,2026-05-16
10104,Mumbai,App Store Search,2026-04,13,2026-08-28
10105,Hyderabad,Referral,2026-06,1,2026-06-24
10106,Bengaluru,Influencer,2026-02,3,2026-02-28
10107,Bengaluru,Referral,2025-12,1,2025-12-17
10108,Hyderabad,App Store Search,2025-09,5,2025-10-21
10109,Bengaluru,Influencer,2026-07,3,2026-08-16
10110,Pune,Partnerships,2026-08,6,2026-09-13
10111,Hyderabad,Paid Social,2026-04,9,2026-07-31
10112,Bengaluru,Referral,2025-10,5,2025-10-23
10113,Bengaluru,Organic,2026-08,2,2026-09-01
10114,Bengaluru,Organic,2025-11,3,2025-11-29
10115,Bengaluru,Organic,2026-04,3,2026-05-26
10116,Pune,Referral,2026-02,3,2026-02-17
10117,Delhi NCR,Organic,2025-09,13,2025-12-27
10118,Pune,Organic,2026-06,4,2026-09-05
10119,Delhi NCR,Organic,2025-12,1,2025-12-19
10120,Bengaluru,Paid Social,2026-06,1,2026-06-18
10121,Mumbai,Organic,2025-09,3,2025-09-30
10122,Bengaluru,App Store Search,2026-03,10,2026-05-29
10123,Pune,Organic,2025-09,2,2025-09-28
10124,Bengaluru,Paid Social,2026-07,5,2026-08-07
10125,Pune,Referral,2026-01,17,2026-06-19
10126,Delhi NCR,Paid Social,2026-05,9,2026-08-31
10127,Bengaluru,Partnerships,2026-02,10,2026-04-25
10128,Bengaluru,Influencer,2026-06,5,2026-06-16
10129,Delhi NCR,Organic,2026-03,2,2026-03-19
10130,Pune,Partnerships,2026-08,7,2026-08-28
10131,Bengaluru,Paid Social,2026-08,3,2026-08-06
10132,Delhi NCR,Organic,2025-11,3,2025-11-21
10133,Delhi NCR,Partnerships,2026-03,2,2026-03-15
10134,Bengaluru,Paid Social,2026-08,10,2026-09-14
10135,Bengaluru,App Store Search,2025-11,4,2026-01-18
10136,Pune,Paid Social,2025-06,5,2025-06-30
10137,Mumbai,Referral,2026-05,4,2026-06-25
10138,Pune,Organic,2025-12,2,2025-12-27
10139,Bengaluru,Paid Social,2026-08,3,2026-08-27
10141,Mumbai,App Store Search,2025-05,17,2025-09-26
10142,Delhi NCR,Organic,2025-11,18,2026-03-25
10143,Bengaluru,Organic,2026-05,4,2026-05-17
10144,Bengaluru,Partnerships,2026-01,6,2026-02-20
10145,Mumbai,Paid Social,2026-01,1,2026-01-13
10146,Delhi NCR,Partnerships,2026-08,2,2026-08-23
10147,Mumbai,Paid Social,2026-02,2,2026-03-24
10148,Pune,Paid Social,2026-05,6,2026-06-23
10149,Mumbai,Referral,2025-10,6,2025-11-30
10150,Bengaluru,Organic,2026-01,4,2026-01-25
10151,Bengaluru,App Store Search,2025-10,10,2025-11-30
10153,Hyderabad,Referral,2026-08,2,2026-08-16
10154,Delhi NCR,Referral,2026-07,8,2026-09-04
10155,Bengaluru,Organic,2026-03,3,2026-03-29
10156,Pune,Partnerships,2026-05,11,2026-07-22
10157,Bengaluru,Referral,2026-03,16,2026-08-24
10158,Hyderabad,Organic,2026-08,4,2026-09-14
10159,Chennai,Partnerships,2026-09,1,2026-09-01
10160,Delhi NCR,Organic,2026-07,4,2026-07-31
10161,Bengaluru,Paid Social,2025-08,4,2025-08-30
10162,Chennai,Paid Social,2026-06,7,2026-08-29
10163,Pune,Paid Social,2026-04,2,2026-04-26
10164,Delhi NCR,Referral,2026-03,2,2026-03-10
10165,Pune,Paid Social,2026-03,2,2026-03-25
10166,Mumbai,Paid Social,2026-08,5,2026-08-31
10167,Pune,Organic,2026-05,10,2026-08-14
10168,Mumbai,Organic,2025-10,11,2026-01-16
10169,Bengaluru,Referral,2026-06,2,2026-07-23
10170,Mumbai,Paid Social,2026-03,7,2026-04-21
10171,Hyderabad,App Store Search,2026-08,2,2026-08-21
10172,Bengaluru,App Store Search,2026-08,4,2026-09-05
10173,Bengaluru,Paid Social,2026-01,4,2026-01-30
10174,Delhi NCR,Organic,2026-03,7,2026-05-13
10175,Bengaluru,Referral,2026-02,4,2026-03-24
10176,Mumbai,Referral,2025-11,13,2026-01-28
10177,Chennai,Paid Social,2026-02,5,2026-03-31
10178,Mumbai,App Store Search,2025-10,5,2025-11-30
10179,Chennai,Paid Social,2026-04,8,2026-07-21
10180,Bengaluru,Organic,2026-05,2,2026-05-16
10181,Mumbai,Referral,2025-09,6,2025-09-27
10182,Hyderabad,App Store Search,2025-10,4,2025-10-30
10183,Pune,Influencer,2025-10,4,2025-10-31
10184,Delhi NCR,Referral,2026-04,10,2026-07-19
10185,Bengaluru,Paid Social,2025-05,6,2025-05-12
10186,Pune,Paid Social,2026-08,4,2026-09-09
10187,Bengaluru,Influencer,2025-09,5,2025-10-28
10188,Bengaluru,Organic,2026-08,4,2026-08-30
10189,Bengaluru,Paid Social,2025-11,2,2025-11-23
10190,Mumbai,Paid Social,2026-08,5,2026-09-13
10191,Bengaluru,Paid Social,2026-05,6,2026-06-21
10192,Delhi NCR,Partnerships,2026-07,0,
10193,Delhi NCR,Paid Social,2026-01,2,2026-01-31
10194,Mumbai,Organic,2026-02,14,2026-05-31
10195,Bengaluru,Influencer,2026-09,2,2026-09-13
10196,Bengaluru,App Store Search,2026-09,0,
10197,Bengaluru,Partnerships,2026-08,4,2026-09-09
10198,Delhi NCR,Paid Social,2026-07,11,2026-09-12
10199,Delhi NCR,Paid Social,2026-06,1,2026-06-29
10200,Bengaluru,App Store Search,2026-05,7,2026-07-22
10201,Pune,Paid Social,2025-09,10,2025-11-28
10202,Bengaluru,Organic,2026-05,4,2026-06-26
10203,Hyderabad,Paid Social,2026-05,7,2026-06-11
10204,Delhi NCR,Organic,2025-10,9,2025-12-25
10205,Bengaluru,Influencer,2026-04,1,2026-04-04
10206,Bengaluru,Organic,2026-06,3,2026-06-27
10207,Mumbai,App Store Search,2026-05,11,2026-08-22
10208,Hyderabad,Paid Social,2026-06,11,2026-09-15
10210,Delhi NCR,Organic,2026-01,9,2026-02-24
10211,Bengaluru,Paid Social,2026-06,5,2026-06-28
10212,Hyderabad,App Store Search,2026-04,3,2026-04-25
10213,Bengaluru,Organic,2025-09,10,2025-12-01
10214,Bengaluru,App Store Search,2026-09,0,
10215,Mumbai,Paid Social,2026-03,4,2026-04-26
10216,Delhi NCR,Paid Social,2025-08,2,2025-08-02
10217,Bengaluru,Paid Social,2026-08,2,2026-08-27
10218,Delhi NCR,Paid Social,2026-08,4,2026-08-22
10219,Bengaluru,Referral,2026-01,12,2026-04-20
10220,Mumbai,Organic,2025-07,3,2025-07-20
10221,Delhi NCR,Organic,2026-06,5,2026-07-16
10222,Pune,Organic,2026-01,10,2026-05-18
10223,Bengaluru,Referral,2026-06,5,2026-07-23
10224,Mumbai,Paid Social,2025-12,10,2026-03-14
10225,Mumbai,Paid Social,2026-01,3,2026-01-30
10226,Mumbai,Organic,2025-08,2,2025-08-22
10227,Bengaluru,Paid Social,2026-04,8,2026-05-23
10228,Delhi NCR,Paid Social,2025-08,4,2025-08-27
10229,Bengaluru,App Store Search,2025-08,11,2025-12-28
10230,Bengaluru,Paid Social,2025-10,9,2026-01-23
10231,Bengaluru,Partnerships,2026-08,5,2026-09-11
10233,Mumbai,Organic,2026-03,8,2026-05-29
10234,Bengaluru,Paid Social,2025-09,1,2025-09-05
10235,Delhi NCR,Organic,2026-08,5,2026-09-09
10236,Pune,Organic,2025-11,3,2025-12-15
10237,Delhi NCR,Influencer,2025-10,8,2025-12-11
10238,Hyderabad,Organic,2025-10,3,2025-10-25
10239,Bengaluru,Organic,2026-08,4,2026-08-30
10240,Pune,Referral,2025-12,15,2026-05-21
10241,Bengaluru,Referral,2026-07,2,2026-07-28
10242,Bengaluru,Paid Social,2025-11,2,2025-12-28
10243,Mumbai,Paid Social,2026-07,4,2026-08-17
10244,Hyderabad,App Store Search,2025-12,3,2025-12-29
10245,Hyderabad,Partnerships,2026-05,4,2026-05-25
10246,Mumbai,Organic,2026-06,10,2026-09-06
10247,Bengaluru,App Store Search,2026-04,2,2026-04-17
10248,Chennai,App Store Search,2026-06,3,2026-06-27
10249,Pune,Organic,2026-07,3,2026-07-24
10250,Mumbai,App Store Search,2026-03,8,2026-04-23
10251,Delhi NCR,Partnerships,2026-07,4,2026-08-29
10252,Mumbai,Paid Social,2026-07,5,2026-08-03
10253,Delhi NCR,Partnerships,2026-03,2,2026-03-28
10254,Pune,Paid Social,2026-06,1,2026-06-06
10255,Mumbai,Influencer,2026-07,5,2026-07-27
10256,Chennai,App Store Search,2026-07,7,2026-09-15
10257,Bengaluru,Paid Social,2026-06,1,2026-06-06
10258,Hyderabad,Influencer,2025-07,2,2025-07-28
10259,Mumbai,Referral,2025-09,6,2025-10-11
10260,Delhi NCR,Referral,2026-07,5,2026-07-17
10261,Mumbai,App Store Search,2025-07,7,2025-08-30
10262,Chennai,Organic,2026-07,7,2026-08-16
10263,Pune,Partnerships,2025-11,2,2025-11-23
10264,Bengaluru,Organic,2025-08,6,2025-09-19
10265,Pune,Referral,2026-05,3,2026-05-27
10266,Mumbai,Paid Social,2026-08,2,2026-08-06
10267,Bengaluru,Paid Social,2026-06,3,2026-06-24
10268,Delhi NCR,Referral,2026-01,5,2026-02-04
10269,Bengaluru,Paid Social,2026-03,1,2026-03-02
10270,Pune,Organic,2025-11,1,2025-11-19
10271,Bengaluru,Organic,2026-03,1,2026-03-02
10272,Delhi NCR,Paid Social,2025-12,13,2026-04-25
10273,Mumbai,Referral,2026-01,6,2026-02-10
10274,Delhi NCR,Paid Social,2026-06,12,2026-08-28
10275,Mumbai,Paid Social,2025-10,6,2025-10-26
10276,Hyderabad,Organic,2025-11,12,2026-01-25
10277,Delhi NCR,Influencer,2026-04,1,2026-04-12
10279,Pune,Paid Social,2026-01,5,2026-01-31
10280,Bengaluru,Organic,2026-07,2,2026-07-24
10281,Bengaluru,App Store Search,2025-12,6,2026-01-25
10282,Bengaluru,App Store Search,2026-02,4,2026-02-26
10283,Hyderabad,Paid Social,2026-07,2,2026-07-23
10284,Bengaluru,Organic,2025-09,23,2026-04-27
10285,Mumbai,Paid Social,2026-01,9,2026-03-12
10286,Mumbai,Organic,2026-06,2,2026-06-20
10287,Chennai,Paid Social,2026-08,3,2026-08-30
10288,Mumbai,Influencer,2026-09,0,
10289,Mumbai,Partnerships,2025-07,2,2025-07-21
10290,Delhi NCR,Organic,2026-06,4,2026-06-19
10291,Pune,Paid Social,2026-04,3,2026-04-15
10292,Pune,Paid Social,2026-01,10,2026-04-16
10293,Delhi NCR,Partnerships,2026-05,6,2026-06-25
10294,Delhi NCR,Organic,2025-12,13,2026-03-30
10295,Mumbai,Referral,2025-08,37,2026-06-29
10296,Mumbai,Organic,2026-01,11,2026-04-17
10297,Mumbai,Referral,2025-06,11,2025-09-28
10298,Bengaluru,Paid Social,2026-08,3,2026-08-20
10299,Pune,App Store Search,2026-07,7,2026-09-15
10300,Hyderabad,Paid Social,2025-12,24,2026-09-03
10301,Delhi NCR,Referral,2026-04,18,2026-09-09
10302,Delhi NCR,Organic,2025-08,1,2025-08-18
10303,Delhi NCR,App Store Search,2026-05,12,2026-09-03
10304,Delhi NCR,Organic,2025-10,4,2025-10-29
10305,Mumbai,App Store Search,2026-01,12,2026-04-20
10306,Delhi NCR,Paid Social,2026-08,5,2026-09-05
10307,Bengaluru,Organic,2026-03,4,2026-04-30
10308,Bengaluru,Paid Social,2026-03,1,2026-03-27
10309,Bengaluru,Referral,2026-06,6,2026-08-08
10310,Bengaluru,Organic,2026-06,5,2026-08-29
10311,Mumbai,Paid Social,2026-05,8,2026-06-22
10312,Pune,Organic,2026-01,13,2026-04-24
10313,Mumbai,Organic,2026-01,12,2026-04-21
10314,Mumbai,Paid Social,2025-10,6,2025-10-30
10315,Delhi NCR,App Store Search,2026-07,4,2026-07-30
10316,Delhi NCR,Paid Social,2026-08,5,2026-09-14
10317,Delhi NCR,App Store Search,2026-06,6,2026-06-13
10318,Pune,Paid Social,2026-08,3,2026-08-31
10319,Chennai,Organic,2026-04,8,2026-05-23
10320,Bengaluru,Organic,2026-04,1,2026-04-29
10321,Bengaluru,Referral,2026-01,14,2026-03-31
10322,Bengaluru,Referral,2026-04,11,2026-06-27
10323,Pune,Organic,2026-05,8,2026-06-30
10324,Chennai,Paid Social,2026-08,5,2026-09-07
10325,Bengaluru,App Store Search,2026-03,1,2026-03-09
10326,Pune,Partnerships,2026-08,1,2026-08-18
10327,Delhi NCR,Organic,2025-09,16,2025-11-30
10328,Bengaluru,Organic,2025-10,8,2026-01-20
10329,Mumbai,Organic,2026-07,3,2026-07-28
10330,Pune,Organic,2026-08,5,2026-09-14
10331,Bengaluru,App Store Search,2026-03,2,2026-03-26
10332,Delhi NCR,Referral,2025-06,5,2025-06-26
10333,Pune,Referral,2025-11,24,2026-06-28
10334,Mumbai,Influencer,2025-10,19,2026-02-28
10335,Bengaluru,Referral,2026-07,6,2026-08-24
10336,Bengaluru,Organic,2026-06,11,2026-09-14
10337,Bengaluru,Influencer,2025-12,7,2026-02-18
10338,Hyderabad,Paid Social,2026-01,19,2026-05-25
10339,Chennai,Organic,2026-07,3,2026-08-20
10340,Mumbai,Paid Social,2026-02,5,2026-03-29
10341,Mumbai,Referral,2026-06,5,2026-07-21
10342,Mumbai,Paid Social,2026-06,4,2026-07-23
10343,Pune,Paid Social,2025-08,3,2025-08-13
10344,Mumbai,Referral,2026-01,6,2026-02-18
10345,Mumbai,Paid Social,2026-01,13,2026-04-30
10346,Delhi NCR,App Store Search,2026-05,8,2026-09-15
10347,Pune,Organic,2026-06,2,2026-06-22
10348,Pune,Referral,2025-12,11,2026-02-26
10349,Chennai,Organic,2026-03,1,2026-03-13
10350,Bengaluru,Paid Social,2026-09,1,2026-09-14
10351,Pune,Organic,2025-06,6,2025-07-30
10352,Bengaluru,Organic,2026-07,12,2026-08-29
10353,Hyderabad,Influencer,2026-06,4,2026-07-08
10354,Mumbai,Organic,2026-03,20,2026-07-30
10355,Mumbai,Organic,2026-04,3,2026-05-13
10356,Chennai,Organic,2025-10,7,2025-11-29
10357,Delhi NCR,Organic,2026-03,8,2026-05-31
10358,Chennai,Paid Social,2026-02,21,2026-06-29
10359,Bengaluru,Paid Social,2025-07,2,2025-07-06
10360,Pune,Organic,2026-03,16,2026-07-27
10361,Bengaluru,Organic,2026-08,6,2026-08-31
10362,Delhi NCR,Organic,2025-05,8,2025-07-25
10363,Bengaluru,Paid Social,2025-08,5,2025-08-28
10364,Mumbai,Organic,2026-07,5,2026-09-13
10365,Mumbai,Organic,2026-02,11,2026-04-27
10366,Bengaluru,Organic,2025-05,13,2025-07-21
10367,Mumbai,Paid Social,2025-07,2,2025-07-04
10368,Mumbai,Organic,2026-02,9,2026-05-30
10369,Mumbai,Partnerships,2026-01,1,2026-01-07
10370,Bengaluru,App Store Search,2025-07,4,2025-07-29
10373,Bengaluru,App Store Search,2025-11,4,2025-11-21
10374,Mumbai,Influencer,2026-04,4,2026-04-13
10375,Chennai,Paid Social,2026-01,12,2026-04-15
10376,Delhi NCR,Influencer,2026-07,8,2026-09-11
10377,Delhi NCR,Organic,2026-05,2,2026-05-11
10378,Mumbai,Referral,2026-04,18,2026-09-14
10379,Delhi NCR,Paid Social,2026-02,4,2026-02-26
10380,Chennai,App Store Search,2026-03,1,2026-03-29
10381,Delhi NCR,Paid Social,2026-02,5,2026-03-20
10382,Mumbai,Organic,2026-07,3,2026-07-19
10383,Hyderabad,Paid Social,2026-07,3,2026-08-31
10384,Bengaluru,Organic,2025-08,2,2025-08-25
10385,Bengaluru,Partnerships,2025-08,8,2025-09-16
10386,Delhi NCR,Paid Social,2026-07,6,2026-07-21
10387,Delhi NCR,Organic,2026-08,5,2026-09-09
10388,Delhi NCR,Influencer,2026-08,7,2026-09-15
10389,Mumbai,Paid Social,2026-07,5,2026-08-29
10390,Bengaluru,Paid Social,2025-11,8,2025-12-30
10391,Bengaluru,Organic,2025-06,5,2025-08-07
10392,Pune,App Store Search,2026-08,4,2026-09-14
10393,Mumbai,Paid Social,2026-08,1,2026-09-09
10394,Mumbai,Organic,2026-03,5,2026-03-28
10395,Delhi NCR,Partnerships,2026-02,18,2026-09-10
10396,Bengaluru,Paid Social,2025-07,4,2025-07-29
10397,Bengaluru,Paid Social,2026-09,1,2026-09-04
10398,Mumbai,Paid Social,2026-05,8,2026-07-24
10399,Bengaluru,Organic,2026-01,2,2026-01-23
10400,Delhi NCR,Organic,2026-07,3,2026-08-18
10401,Delhi NCR,Paid Social,2026-06,5,2026-08-30
10402,Mumbai,Paid Social,2026-01,7,2026-03-18
10403,Mumbai,Paid Social,2025-12,2,2025-12-11
10404,Pune,Influencer,2026-01,2,2026-01-29
10405,Bengaluru,Referral,2026-02,2,2026-02-25
10406,Mumbai,Paid Social,2026-08,3,2026-09-08
10408,Pune,Organic,2026-07,6,2026-09-05
10409,Pune,Referral,2026-06,5,2026-07-31
10410,Bengaluru,App Store Search,2026-08,2,2026-08-25
10412,Hyderabad,App Store Search,2026-04,20,2026-08-25
10413,Mumbai,Referral,2026-01,7,2026-02-14
10414,Bengaluru,Referral,2025-09,9,2025-11-15
10415,Bengaluru,Organic,2025-10,5,2025-11-10
10416,Bengaluru,Paid Social,2025-11,2,2025-11-25
10417,Hyderabad,Referral,2026-06,3,2026-07-16
10418,Bengaluru,Influencer,2025-10,8,2025-11-21
10419,Delhi NCR,Paid Social,2026-07,3,2026-08-28
10420,Delhi NCR,Organic,2026-03,4,2026-04-18
10421,Pune,Paid Social,2026-01,6,2026-02-25
10422,Bengaluru,App Store Search,2026-05,1,2026-05-10
10423,Mumbai,Organic,2026-09,0,
10424,Hyderabad,Influencer,2026-06,8,2026-07-28
10425,Pune,Paid Social,2026-03,9,2026-05-21
10427,Delhi NCR,Organic,2026-03,1,2026-03-22
10428,Bengaluru,Referral,2026-05,17,2026-08-30
10429,Delhi NCR,Paid Social,2026-04,8,2026-06-23
10430,Bengaluru,Organic,2025-07,3,2025-07-27
10431,Delhi NCR,Influencer,2026-06,11,2026-09-14
10432,Bengaluru,Referral,2026-07,9,2026-09-15
10433,Bengaluru,Partnerships,2026-06,2,2026-06-05
10434,Mumbai,Organic,2026-05,8,2026-07-28
10435,Bengaluru,Organic,2025-09,7,2025-10-25
10436,Delhi NCR,Referral,2025-09,5,2025-10-27
10437,Hyderabad,Organic,2026-08,3,2026-09-05
10438,Bengaluru,Organic,2026-02,4,2026-02-26
10439,Mumbai,Referral,2026-04,3,2026-04-23
10440,Bengaluru,App Store Search,2025-11,2,2025-11-30
10441,Hyderabad,Paid Social,2026-06,4,2026-06-22
10442,Delhi NCR,Influencer,2025-09,1,2025-09-25
10443,Bengaluru,Organic,2026-05,3,2026-06-30
10444,Delhi NCR,App Store Search,2026-06,9,2026-08-04
10445,Mumbai,Referral,2026-04,14,2026-09-06
10446,Delhi NCR,Paid Social,2026-03,3,2026-03-17
10447,Delhi NCR,Referral,2025-10,5,2025-11-17
10448,Bengaluru,Paid Social,2026-06,5,2026-07-30
10449,Pune,Paid Social,2025-08,9,2025-09-27
10450,Bengaluru,Organic,2026-08,0,
10451,Mumbai,App Store Search,2025-08,3,2025-09-28
10452,Bengaluru,Organic,2026-04,8,2026-06-26
10453,Mumbai,Paid Social,2025-08,3,2025-09-25
10454,Bengaluru,Paid Social,2026-09,0,
10455,Delhi NCR,Organic,2025-12,7,2026-01-21
10456,Pune,Referral,2026-06,10,2026-09-13
10457,Pune,Influencer,2025-10,7,2026-01-21
10458,Mumbai,App Store Search,2026-08,1,2026-08-23
10459,Bengaluru,Partnerships,2026-04,6,2026-05-20
10460,Bengaluru,Referral,2026-02,9,2026-05-28
10461,Bengaluru,App Store Search,2025-12,4,2025-12-26
10462,Hyderabad,Influencer,2026-04,4,2026-04-07
10463,Bengaluru,Organic,2025-11,1,2025-11-04
10464,Mumbai,Organic,2026-05,13,2026-07-31
10465,Mumbai,Referral,2026-05,9,2026-06-30
10466,Delhi NCR,Partnerships,2026-04,2,2026-05-02
10467,Delhi NCR,Partnerships,2026-08,3,2026-08-25
10468,Pune,Paid Social,2025-08,2,2025-08-31
10469,Mumbai,Paid Social,2025-08,25,2026-03-21
10470,Bengaluru,App Store Search,2026-04,11,2026-05-29
10471,Mumbai,App Store Search,2026-08,3,2026-09-06
10472,Pune,Influencer,2025-08,8,2025-09-15
10473,Bengaluru,Organic,2026-07,3,2026-07-12
10474,Bengaluru,App Store Search,2025-12,2,2025-12-29
10475,Hyderabad,Referral,2026-06,12,2026-09-11
10476,Bengaluru,Paid Social,2026-09,1,2026-09-12
10477,Hyderabad,Paid Social,2026-07,7,2026-08-28
10478,Mumbai,Influencer,2026-05,7,2026-05-30
10479,Delhi NCR,Partnerships,2026-07,5,2026-08-17
10480,Bengaluru,Referral,2026-04,8,2026-07-01
10481,Bengaluru,Organic,2026-07,8,2026-08-18
10482,Delhi NCR,App Store Search,2026-03,7,2026-04-20
10483,Mumbai,Organic,2026-04,1,2026-04-25
10484,Pune,Paid Social,2026-02,10,2026-03-31
10485,Pune,Organic,2026-03,5,2026-04-18
10486,Bengaluru,Organic,2026-04,3,2026-04-17
10487,Bengaluru,Paid Social,2025-11,2,2025-11-27
10488,Mumbai,Referral,2026-03,21,2026-09-09
10489,Delhi NCR,Influencer,2026-01,11,2026-03-20
10490,Mumbai,Paid Social,2026-07,4,2026-08-29
10491,Mumbai,Organic,2026-06,8,2026-08-26
10492,Chennai,Organic,2026-06,6,2026-07-30
10493,Mumbai,Organic,2026-06,10,2026-09-13
10494,Bengaluru,Paid Social,2026-08,1,2026-08-12
10495,Bengaluru,Referral,2025-08,3,2025-08-23
10496,Mumbai,Partnerships,2026-05,5,2026-06-29
10497,Bengaluru,Organic,2025-10,5,2025-10-30
10498,Mumbai,Paid Social,2025-08,3,2025-08-26
10499,Pune,Influencer,2025-09,7,2025-11-25
10500,Hyderabad,App Store Search,2026-04,18,2026-09-12
10501,Delhi NCR,Paid Social,2026-01,5,2026-02-22
10502,Bengaluru,App Store Search,2026-03,17,2026-09-15
10503,Delhi NCR,Referral,2026-01,13,2026-04-13
10504,Chennai,Paid Social,2025-12,9,2026-02-27
10505,Bengaluru,Paid Social,2026-09,0,
10506,Bengaluru,Paid Social,2026-05,3,2026-05-21
10507,Bengaluru,Referral,2026-08,8,2026-09-14
10508,Bengaluru,Organic,2026-09,2,2026-09-02
10509,Bengaluru,Organic,2026-02,8,2026-04-19
10510,Delhi NCR,Organic,2025-12,7,2026-01-20
10511,Chennai,Paid Social,2026-03,17,2026-07-23
10512,Bengaluru,Organic,2026-07,5,2026-09-12
10513,Bengaluru,Organic,2026-08,5,2026-08-23
10514,Pune,App Store Search,2026-04,3,2026-04-15
10515,Bengaluru,Organic,2026-09,0,
10516,Bengaluru,Organic,2026-06,1,2026-06-02
10517,Mumbai,Organic,2026-04,3,2026-04-27
10518,Bengaluru,Paid Social,2026-03,1,2026-03-09
10519,Mumbai,Paid Social,2026-06,4,2026-06-30
10520,Mumbai,Paid Social,2025-11,7,2025-12-20
10521,Bengaluru,Organic,2026-04,11,2026-06-29
10522,Delhi NCR,Organic,2025-06,6,2025-07-31
10523,Bengaluru,Referral,2026-02,19,2026-08-10
10524,Delhi NCR,Paid Social,2026-09,2,2026-09-13
10525,Bengaluru,App Store Search,2026-07,3,2026-07-13
10526,Bengaluru,Paid Social,2025-07,2,2025-07-27
10527,Mumbai,Organic,2026-04,4,2026-05-08
10528,Chennai,App Store Search,2026-05,1,2026-05-04
10529,Bengaluru,App Store Search,2026-05,5,2026-06-12
10530,Bengaluru,Organic,2026-04,2,2026-04-22
10531,Mumbai,Referral,2026-07,3,2026-07-20
10532,Pune,App Store Search,2025-10,3,2025-10-26
10533,Delhi NCR,App Store Search,2025-07,2,2025-07-25
10534,Bengaluru,App Store Search,2025-06,4,2025-06-20
10535,Bengaluru,Organic,2025-08,5,2025-08-31
10536,Hyderabad,Paid Social,2025-09,8,2025-10-15
10537,Bengaluru,Organic,2026-01,2,2026-01-29
10538,Hyderabad,Influencer,2026-07,2,2026-08-14
10539,Delhi NCR,Organic,2025-12,5,2026-01-21
10540,Mumbai,Referral,2026-01,4,2026-01-26
10541,Bengaluru,Organic,2026-06,2,2026-06-29
10542,Mumbai,Organic,2026-09,1,2026-09-15
10543,Bengaluru,Paid Social,2025-10,6,2025-11-30
10544,Mumbai,App Store Search,2026-09,2,2026-09-12
10545,Delhi NCR,Organic,2026-06,10,2026-09-14
10546,Hyderabad,Organic,2026-05,18,2026-09-08
10547,Chennai,Organic,2026-05,10,2026-08-22
10548,Delhi NCR,Organic,2025-11,13,2026-02-20
10549,Bengaluru,Organic,2026-04,2,2026-04-29
10550,Bengaluru,Organic,2026-01,5,2026-02-26
10551,Mumbai,Organic,2026-02,2,2026-02-13
10552,Bengaluru,Paid Social,2025-12,6,2026-01-15
10553,Pune,Organic,2025-10,4,2025-11-19
10554,Bengaluru,Paid Social,2026-04,1,2026-04-17
10555,Delhi NCR,Organic,2026-05,8,2026-08-19
10556,Mumbai,Organic,2026-09,1,2026-09-06
10557,Mumbai,Organic,2026-04,3,2026-04-26
10558,Pune,Organic,2025-04,2,2025-05-01
10559,Delhi NCR,Organic,2026-08,5,2026-09-05
10560,Delhi NCR,Referral,2025-04,9,2025-05-28
10561,Mumbai,Partnerships,2026-02,8,2026-03-22
10562,Delhi NCR,Partnerships,2025-10,3,2025-10-28
10563,Bengaluru,Referral,2026-05,4,2026-05-26
10564,Pune,Referral,2026-02,9,2026-04-23
10565,Delhi NCR,Influencer,2026-02,3,2026-02-25
10566,Bengaluru,Referral,2025-11,3,2025-12-03
10567,Bengaluru,Paid Social,2026-07,4,2026-07-15
10568,Mumbai,Influencer,2026-05,1,2026-05-16
10569,Delhi NCR,Paid Social,2025-08,4,2025-09-24
10570,Pune,Referral,2026-08,4,2026-08-25
10571,Delhi NCR,Paid Social,2026-01,2,2026-01-07
10572,Mumbai,Organic,2025-07,1,2025-07-04
10573,Delhi NCR,Organic,2026-03,4,2026-03-26
10574,Hyderabad,Referral,2025-12,27,2026-09-10
10575,Pune,App Store Search,2026-07,4,2026-07-20
10576,Pune,Referral,2026-02,8,2026-02-27
10577,Pune,Referral,2026-02,4,2026-03-31
10578,Bengaluru,Organic,2026-04,5,2026-06-18
10579,Delhi NCR,Organic,2026-01,19,2026-05-25
10580,Mumbai,Influencer,2026-06,1,2026-06-01
10581,Bengaluru,Referral,2025-09,27,2026-05-26
10582,Delhi NCR,Referral,2025-12,6,2026-01-20
10583,Hyderabad,Paid Social,2026-01,3,2026-01-22
10584,Bengaluru,App Store Search,2026-08,3,2026-08-28
10585,Mumbai,Organic,2026-09,2,2026-09-15
10586,Pune,App Store Search,2026-06,1,2026-06-05
10587,Delhi NCR,Organic,2025-10,19,2026-02-21
10588,Bengaluru,Paid Social,2026-07,2,2026-07-12
10589,Mumbai,Paid Social,2025-05,2,2025-05-08
10590,Mumbai,Paid Social,2026-04,1,2026-04-14
10591,Bengaluru,Influencer,2025-06,3,2025-06-08
10592,Delhi NCR,Influencer,2026-05,3,2026-06-17
10593,Mumbai,Paid Social,2026-05,4,2026-06-27
10594,Bengaluru,Influencer,2025-12,7,2025-12-19
10595,Mumbai,App Store Search,2025-10,0,
10596,Bengaluru,Referral,2026-05,15,2026-09-04
10597,Bengaluru,Paid Social,2025-09,2,2025-09-30
10598,Pune,App Store Search,2026-08,3,2026-08-27
10599,Bengaluru,Referral,2025-11,2,2025-11-25
10600,Delhi NCR,Organic,2025-05,9,2025-08-27
10601,Bengaluru,Referral,2026-01,7,2026-02-25
10602,Hyderabad,Paid Social,2025-10,9,2025-12-28
10603,Mumbai,Organic,2026-02,4,2026-03-23
10604,Bengaluru,Referral,2025-11,4,2025-12-11
10605,Delhi NCR,Paid Social,2026-05,2,2026-05-06
10606,Mumbai,Organic,2025-11,3,2025-12-26
10607,Bengaluru,Partnerships,2025-11,4,2025-12-23
10608,Chennai,Referral,2026-07,3,2026-07-12
10609,Delhi NCR,Referral,2026-04,1,2026-04-17
10610,Bengaluru,App Store Search,2026-09,0,
10611,Bengaluru,App Store Search,2026-03,4,2026-03-29
10612,Hyderabad,Paid Social,2026-03,9,2026-06-13
10613,Bengaluru,Organic,2026-01,19,2026-06-10
10614,Bengaluru,Paid Social,2026-02,2,2026-02-20
10615,Pune,Paid Social,2026-03,11,2026-08-06
10616,Mumbai,Paid Social,2026-07,2,2026-07-22
10617,Mumbai,Organic,2025-10,1,2025-10-10
10618,Hyderabad,Paid Social,2026-01,6,2026-02-24
10619,Bengaluru,App Store Search,2026-03,6,2026-04-19
10620,Delhi NCR,Organic,2026-07,3,2026-07-29
10621,Bengaluru,Paid Social,2026-09,3,2026-09-13
10622,Pune,Organic,2026-05,9,2026-06-26
10623,Chennai,Referral,2026-03,15,2026-07-31
10624,Bengaluru,Paid Social,2026-04,4,2026-04-28
10625,Bengaluru,Organic,2026-09,1,2026-09-01
10626,Mumbai,Referral,2025-06,2,2025-06-18
10627,Mumbai,Referral,2026-04,12,2026-06-25
10628,Pune,App Store Search,2026-09,0,
10629,Bengaluru,Organic,2026-06,3,2026-06-29
10630,Bengaluru,Paid Social,2026-02,3,2026-02-18
10631,Mumbai,Referral,2026-03,4,2026-03-26
10632,Chennai,Paid Social,2026-01,17,2026-06-11
10633,Bengaluru,Partnerships,2025-10,5,2025-10-30
10634,Bengaluru,Paid Social,2025-10,3,2025-10-23
10635,Bengaluru,Partnerships,2026-04,5,2026-04-30
10637,Hyderabad,Referral,2025-12,6,2026-01-31
10638,Delhi NCR,Organic,2026-06,2,2026-06-29
10639,Delhi NCR,Referral,2026-07,3,2026-08-29
10640,Bengaluru,App Store Search,2025-09,3,2025-09-18
10641,Delhi NCR,Paid Social,2026-09,3,2026-09-11
10642,Bengaluru,App Store Search,2026-06,10,2026-09-13
10643,Mumbai,Paid Social,2026-06,2,2026-06-28
10644,Bengaluru,Organic,2025-09,2,2025-09-13
10645,Delhi NCR,Influencer,2025-11,2,2025-11-08
10646,Bengaluru,Paid Social,2026-05,2,2026-05-13
10647,Bengaluru,Partnerships,2026-04,4,2026-04-29
10648,Hyderabad,Paid Social,2026-01,14,2026-05-22
10649,Bengaluru,Paid Social,2026-03,2,2026-03-07
10650,Hyderabad,Organic,2026-06,12,2026-09-15
10651,Chennai,Organic,2026-07,8,2026-08-26
10652,Pune,Paid Social,2026-04,2,2026-04-25
10653,Bengaluru,Organic,2025-12,3,2025-12-27
10654,Pune,Paid Social,2025-12,3,2026-01-21
10655,Chennai,App Store Search,2026-09,1,2026-09-09
10656,Pune,App Store Search,2026-08,5,2026-08-30
10657,Mumbai,Organic,2025-07,8,2025-09-13
10658,Mumbai,Paid Social,2025-11,2,2025-11-22
10659,Bengaluru,Paid Social,2026-04,4,2026-04-23
10660,Bengaluru,Organic,2026-05,1,2026-05-10
10661,Mumbai,Referral,2025-11,4,2025-11-27
10662,Pune,App Store Search,2025-07,22,2025-12-23
10663,Pune,App Store Search,2026-09,1,2026-09-10
10664,Mumbai,Organic,2025-07,8,2025-09-26
10665,Bengaluru,Partnerships,2026-02,2,2026-02-21
10666,Bengaluru,Partnerships,2026-04,1,2026-04-02
10667,Bengaluru,Organic,2025-06,10,2025-09-21
10668,Bengaluru,Paid Social,2026-03,3,2026-04-19
10669,Delhi NCR,Referral,2025-09,3,2025-09-16
10670,Bengaluru,Organic,2026-02,4,2026-03-18
10671,Pune,Organic,2026-05,11,2026-07-29
10672,Delhi NCR,App Store Search,2026-02,3,2026-02-18
10673,Chennai,Paid Social,2026-01,31,2026-09-10
10674,Bengaluru,Organic,2026-06,2,2026-06-08
10675,Mumbai,Paid Social,2026-07,5,2026-07-28
10676,Pune,Influencer,2025-09,12,2025-12-30
10677,Pune,Organic,2026-01,5,2026-02-22
10678,Mumbai,Organic,2026-05,10,2026-09-06
10679,Hyderabad,Partnerships,2026-07,7,2026-08-31
10680,Bengaluru,Organic,2026-02,15,2026-07-11
10681,Bengaluru,Organic,2025-09,3,2025-09-11
10682,Delhi NCR,Organic,2025-09,2,2025-09-26
10683,Mumbai,App Store Search,2026-06,3,2026-06-23
10684,Delhi NCR,Paid Social,2025-10,5,2025-11-20
10685,Delhi NCR,Organic,2025-11,7,2025-12-13
10686,Hyderabad,Organic,2025-10,8,2025-12-16
10687,Bengaluru,Paid Social,2026-08,1,2026-08-29
10688,Chennai,App Store Search,2026-08,1,2026-08-20
10689,Bengaluru,App Store Search,2026-01,4,2026-01-29
10690,Chennai,Influencer,2026-08,5,2026-08-18
10691,Delhi NCR,Paid Social,2026-03,9,2026-05-21
10692,Mumbai,Paid Social,2025-09,4,2025-09-29
10693,Bengaluru,Paid Social,2025-08,7,2025-09-25
10694,Delhi NCR,Paid Social,2026-05,9,2026-07-24
10695,Pune,Paid Social,2026-02,4,2026-02-27
10696,Mumbai,Referral,2025-07,4,2025-07-26
10697,Pune,App Store Search,2025-11,14,2026-02-27
10698,Bengaluru,App Store Search,2026-03,3,2026-03-14
10699,Delhi NCR,Referral,2026-04,2,2026-04-20
10700,Bengaluru,Referral,2026-06,6,2026-07-27
10701,Bengaluru,Partnerships,2025-08,9,2025-10-31
10702,Bengaluru,Organic,2026-08,5,2026-09-09
10703,Mumbai,Referral,2026-04,4,2026-04-23
10704,Mumbai,Paid Social,2026-01,8,2026-03-21
10705,Delhi NCR,Paid Social,2026-01,1,2026-01-21
10706,Mumbai,Organic,2025-12,12,2026-02-28
10707,Bengaluru,Partnerships,2026-06,9,2026-08-31
10708,Bengaluru,Partnerships,2025-10,5,2025-11-30
10709,Mumbai,Referral,2026-01,8,2026-02-28
10710,Mumbai,Influencer,2026-03,11,2026-05-31
10711,Delhi NCR,Organic,2026-05,11,2026-07-12
10712,Bengaluru,Influencer,2026-08,2,2026-08-04
10713,Pune,App Store Search,2025-08,2,2025-08-24
10714,Bengaluru,Referral,2026-04,11,2026-07-10
10715,Mumbai,App Store Search,2026-03,6,2026-04-29
10717,Delhi NCR,Organic,2025-11,3,2025-11-24
10718,Bengaluru,Paid Social,2025-10,11,2025-12-17
10719,Chennai,Paid Social,2026-08,4,2026-09-13
10720,Bengaluru,Paid Social,2026-05,5,2026-06-28
10721,Pune,Referral,2026-03,3,2026-03-24
10722,Bengaluru,App Store Search,2026-07,4,2026-09-03
10723,Mumbai,Organic,2026-09,2,2026-09-05
10724,Bengaluru,Referral,2026-06,11,2026-09-01
10725,Bengaluru,Organic,2025-09,8,2025-12-26
10726,Bengaluru,Organic,2026-03,2,2026-03-30
10727,Mumbai,Referral,2026-04,4,2026-04-25
10728,Hyderabad,Organic,2025-10,4,2025-10-31
10729,Bengaluru,Paid Social,2026-01,3,2026-01-22
10730,Bengaluru,Partnerships,2026-06,2,2026-06-16
10731,Bengaluru,App Store Search,2025-05,6,2025-06-18
10732,Pune,Referral,2025-06,4,2025-07-21
10733,Bengaluru,Referral,2026-05,7,2026-06-30
10734,Bengaluru,Referral,2025-11,3,2025-12-25
10735,Delhi NCR,Paid Social,2026-08,1,2026-08-14
10736,Pune,Referral,2026-06,9,2026-07-23
10737,Bengaluru,Paid Social,2025-12,3,2025-12-28
10738,Bengaluru,Organic,2025-06,2,2025-06-15
10739,Hyderabad,App Store Search,2026-06,2,2026-06-09
10740,Chennai,Paid Social,2026-07,6,2026-09-09
10741,Mumbai,App Store Search,2026-06,3,2026-06-25
10742,Pune,App Store Search,2026-03,3,2026-03-25
10743,Mumbai,Organic,2026-01,9,2026-03-18
10744,Bengaluru,App Store Search,2025-10,9,2025-12-28
10745,Bengaluru,Organic,2026-08,8,2026-09-11
10746,Bengaluru,Organic,2026-03,7,2026-05-09
10747,Bengaluru,Paid Social,2025-07,4,2025-07-28
10748,Bengaluru,Organic,2026-04,2,2026-04-25
10749,Bengaluru,Organic,2025-06,3,2025-06-28
10750,Pune,Referral,2026-02,4,2026-03-12
10751,Hyderabad,App Store Search,2025-12,2,2025-12-22
10752,Pune,App Store Search,2026-06,3,2026-07-17
10753,Bengaluru,Paid Social,2026-04,2,2026-04-15
10754,Delhi NCR,Organic,2025-11,11,2026-01-22
10755,Chennai,Organic,2026-05,5,2026-06-26
10756,Bengaluru,Organic,2026-04,2,2026-04-15
10757,Bengaluru,Organic,2026-08,4,2026-09-10
10758,Bengaluru,Organic,2026-05,8,2026-06-18
10760,Mumbai,App Store Search,2026-07,4,2026-07-24
10761,Delhi NCR,App Store Search,2026-04,5,2026-04-27
10762,Bengaluru,Organic,2026-03,3,2026-03-31
10763,Bengaluru,Organic,2026-08,4,2026-08-31
10764,Bengaluru,Paid Social,2025-09,4,2025-09-29
10765,Pune,App Store Search,2026-01,6,2026-02-17
10766,Mumbai,App Store Search,2026-08,9,2026-09-10
10767,Bengaluru,Organic,2026-08,1,2026-08-07
10768,Mumbai,Paid Social,2025-10,1,2025-10-17
10769,Chennai,Paid Social,2026-07,3,2026-09-08
10770,Hyderabad,Organic,2026-02,3,2026-02-18
10771,Pune,App Store Search,2025-05,8,2025-06-13
10772,Bengaluru,Paid Social,2025-12,4,2025-12-22
10773,Bengaluru,Organic,2025-11,5,2025-12-31
10774,Bengaluru,Paid Social,2026-07,4,2026-07-28
10775,Bengaluru,Organic,2025-07,5,2025-08-26
10776,Mumbai,Organic,2026-03,1,2026-03-26
10777,Chennai,Paid Social,2026-03,16,2026-08-31
10778,Delhi NCR,Organic,2025-12,2,2025-12-29
10779,Mumbai,App Store Search,2026-04,2,2026-04-29
10780,Mumbai,Paid Social,2026-08,3,2026-09-11
10781,Delhi NCR,Influencer,2025-06,13,2025-09-30
10782,Bengaluru,Paid Social,2025-12,7,2026-02-21
10783,Chennai,Organic,2026-04,3,2026-04-30
10784,Chennai,Referral,2026-08,3,2026-09-13
10785,Mumbai,Partnerships,2026-02,6,2026-04-26
10786,Bengaluru,Referral,2026-06,4,2026-06-19
10787,Chennai,Organic,2026-06,6,2026-07-17
10788,Pune,Influencer,2026-09,0,
10789,Bengaluru,App Store Search,2026-01,6,2026-01-21
10790,Delhi NCR,Organic,2025-05,18,2025-09-30
10791,Bengaluru,Paid Social,2025-10,3,2025-10-30
10792,Chennai,Organic,2026-07,4,2026-08-15
10793,Delhi NCR,App Store Search,2026-02,7,2026-03-30
10794,Hyderabad,Partnerships,2025-09,22,2026-01-30
10795,Bengaluru,Influencer,2026-06,2,2026-06-23
10796,Pune,Organic,2025-09,5,2025-11-24
10797,Bengaluru,Organic,2025-09,8,2025-10-24
10798,Bengaluru,Organic,2026-04,5,2026-04-27
10799,Mumbai,Organic,2026-06,8,2026-08-28
10800,Delhi NCR,Paid Social,2026-06,13,2026-09-06
10801,Mumbai,Paid Social,2026-06,3,2026-06-29
10802,Mumbai,App Store Search,2026-07,9,2026-09-14
10803,Mumbai,App Store Search,2026-02,4,2026-02-20
10804,Mumbai,Organic,2026-05,18,2026-07-27
10805,Bengaluru,App Store Search,2026-03,9,2026-05-31
10806,Bengaluru,App Store Search,2026-09,1,2026-09-02
10807,Pune,Organic,2026-07,5,2026-09-10
10808,Bengaluru,Paid Social,2025-08,2,2025-08-26
10809,Bengaluru,App Store Search,2026-06,3,2026-06-14
10810,Bengaluru,Referral,2026-03,4,2026-03-24
10811,Pune,Organic,2026-09,1,2026-09-15
10812,Bengaluru,Organic,2026-07,4,2026-08-23
10813,Pune,Paid Social,2025-09,5,2025-10-08
10814,Delhi NCR,Organic,2026-06,2,2026-06-26
10815,Pune,App Store Search,2026-07,7,2026-09-03
10816,Hyderabad,App Store Search,2026-08,4,2026-08-16
10817,Delhi NCR,Partnerships,2026-07,8,2026-08-23
10818,Delhi NCR,Organic,2025-11,30,2026-06-27
10819,Pune,Organic,2026-09,0,
10820,Chennai,Paid Social,2026-03,17,2026-09-06
10821,Hyderabad,Paid Social,2026-09,0,
10822,Chennai,App Store Search,2026-08,2,2026-08-25
10823,Hyderabad,Organic,2026-03,5,2026-03-27
10824,Bengaluru,Organic,2025-07,2,2025-07-17
10825,Bengaluru,Referral,2025-12,4,2025-12-31
10826,Bengaluru,Organic,2025-12,19,2026-05-19
10827,Bengaluru,Influencer,2026-05,9,2026-08-21
10828,Delhi NCR,Partnerships,2026-05,3,2026-05-27
10829,Delhi NCR,Organic,2025-06,3,2025-06-24
10830,Delhi NCR,App Store Search,2026-05,3,2026-05-22
10831,Bengaluru,Paid Social,2026-09,1,2026-09-13
10832,Hyderabad,Organic,2026-04,12,2026-07-25
10833,Mumbai,Organic,2025-11,8,2026-02-22
10834,Hyderabad,Organic,2026-03,15,2026-06-23
10835,Mumbai,Organic,2026-05,8,2026-07-19
10836,Bengaluru,Organic,2026-08,4,2026-09-08
10837,Hyderabad,Referral,2025-09,18,2026-04-18
10838,Delhi NCR,Referral,2025-09,15,2026-01-22
10839,Mumbai,App Store Search,2026-01,15,2026-05-29
10840,Chennai,Referral,2026-01,5,2026-01-21
10841,Bengaluru,Organic,2025-06,3,2025-06-26
10842,Delhi NCR,Paid Social,2026-06,6,2026-07-29
10843,Chennai,Organic,2026-07,7,2026-09-11
10844,Bengaluru,Paid Social,2026-04,1,2026-04-02
10845,Bengaluru,Paid Social,2025-05,4,2025-05-23
10846,Mumbai,App Store Search,2026-05,4,2026-05-24
10847,Chennai,Paid Social,2026-08,4,2026-09-11
10848,Mumbai,Partnerships,2025-10,18,2026-03-27
10849,Mumbai,Referral,2025-11,1,2025-11-08
10850,Mumbai,Organic,2026-09,1,2026-09-03
10851,Bengaluru,Paid Social,2026-08,6,2026-09-14
10852,Bengaluru,Referral,2026-04,14,2026-07-14
10853,Bengaluru,Paid Social,2025-11,5,2025-12-29
10854,Bengaluru,Paid Social,2026-01,2,2026-01-23
10855,Delhi NCR,Paid Social,2026-04,6,2026-06-26
10856,Bengaluru,Organic,2026-02,5,2026-03-10
10857,Chennai,App Store Search,2026-01,3,2026-01-23
10858,Delhi NCR,Influencer,2026-07,4,2026-07-31
10860,Delhi NCR,Paid Social,2025-04,4,2025-04-23
10861,Pune,Organic,2026-04,10,2026-07-31
10862,Hyderabad,Influencer,2025-08,2,2025-08-31
10863,Pune,Organic,2025-09,0,
10864,Chennai,Partnerships,2025-12,7,2026-01-27
10865,Mumbai,Referral,2026-01,2,2026-01-08
10866,Mumbai,Referral,2026-01,24,2026-09-13
10867,Mumbai,App Store Search,2025-06,4,2025-07-29
10868,Mumbai,Paid Social,2026-05,9,2026-06-30
10869,Delhi NCR,Influencer,2025-10,19,2026-03-30
10870,Mumbai,App Store Search,2026-08,4,2026-08-25
10871,Delhi NCR,Organic,2026-02,8,2026-05-20
10872,Bengaluru,Paid Social,2026-05,7,2026-05-25
10873,Bengaluru,Organic,2026-03,3,2026-04-19
10874,Bengaluru,Organic,2026-03,21,2026-09-14
10875,Bengaluru,Referral,2025-10,2,2025-10-10
10876,Hyderabad,Referral,2026-01,5,2026-02-22
10877,Bengaluru,Organic,2026-05,10,2026-07-25
10878,Pune,Referral,2026-06,9,2026-08-23
10879,Bengaluru,Organic,2026-07,9,2026-07-26
10880,Mumbai,Referral,2026-07,3,2026-08-15
10881,Pune,App Store Search,2026-06,8,2026-08-29
10882,Bengaluru,Paid Social,2026-01,3,2026-01-27
10883,Delhi NCR,Paid Social,2026-06,6,2026-07-29
10884,Delhi NCR,Paid Social,2025-09,8,2025-09-27
10885,Hyderabad,Organic,2025-12,7,2026-01-29
10886,Pune,Paid Social,2025-10,3,2025-10-24
10887,Delhi NCR,Influencer,2026-03,2,2026-03-26
10888,Hyderabad,Partnerships,2026-04,12,2026-06-26
10889,Bengaluru,Referral,2025-11,4,2025-12-25
10890,Delhi NCR,Paid Social,2025-11,3,2025-11-27
10892,Hyderabad,Paid Social,2026-07,5,2026-08-23
10893,Mumbai,Paid Social,2025-06,3,2025-06-24
10894,Delhi NCR,Paid Social,2026-07,5,2026-08-23
10895,Hyderabad,Organic,2026-08,2,2026-08-26
10896,Hyderabad,Influencer,2025-12,10,2026-02-21
10897,Delhi NCR,Paid Social,2026-02,3,2026-02-28
10898,Delhi NCR,App Store Search,2026-07,12,2026-08-19
10899,Mumbai,Paid Social,2026-07,10,2026-09-12
10900,Mumbai,App Store Search,2025-11,2,2025-11-18
10901,Delhi NCR,Referral,2026-02,5,2026-02-17
10902,Hyderabad,Paid Social,2025-12,3,2025-12-19
10903,Mumbai,Paid Social,2025-07,5,2025-08-19
10904,Pune,App Store Search,2025-11,6,2025-12-31
10905,Chennai,Paid Social,2026-02,2,2026-02-10
10906,Bengaluru,Paid Social,2026-06,2,2026-06-28
10907,Delhi NCR,App Store Search,2026-07,5,2026-08-31
10908,Mumbai,Influencer,2026-08,2,2026-08-28
10909,Delhi NCR,App Store Search,2025-06,4,2025-07-08
10910,Hyderabad,Referral,2026-05,3,2026-05-22
10911,Mumbai,App Store Search,2026-03,1,2026-03-27
10912,Hyderabad,Organic,2025-10,2,2025-10-23
10913,Mumbai,App Store Search,2026-01,8,2026-02-20
10914,Bengaluru,Paid Social,2026-06,2,2026-06-30
10915,Delhi NCR,App Store Search,2026-03,11,2026-06-21
10916,Mumbai,Referral,2026-01,9,2026-02-28
10917,Mumbai,Influencer,2025-12,3,2025-12-29
10918,Delhi NCR,App Store Search,2025-10,10,2025-11-30
10919,Bengaluru,Organic,2026-02,13,2026-07-06
10920,Bengaluru,Paid Social,2026-02,4,2026-03-23
10921,Bengaluru,Organic,2025-07,10,2025-09-09
10922,Bengaluru,Organic,2026-04,3,2026-04-11
10923,Mumbai,Organic,2026-03,4,2026-03-27
10924,Pune,Referral,2026-05,5,2026-06-25
10925,Mumbai,Referral,2025-12,4,2025-12-23
10926,Chennai,Referral,2026-04,7,2026-06-22
10927,Mumbai,Organic,2026-08,6,2026-09-09
10928,Mumbai,Referral,2026-03,11,2026-04-20
10929,Delhi NCR,App Store Search,2026-06,4,2026-07-08
10930,Mumbai,App Store Search,2025-09,3,2025-09-21
10931,Bengaluru,Organic,2025-08,4,2025-08-29
10932,Mumbai,Referral,2026-02,17,2026-08-29
10933,Delhi NCR,Organic,2025-08,6,2025-09-19
10934,Hyderabad,App Store Search,2026-07,5,2026-08-27
10935,Bengaluru,App Store Search,2026-08,8,2026-09-09
10936,Mumbai,Organic,2026-05,12,2026-08-16
10937,Delhi NCR,Paid Social,2026-07,2,2026-07-13
10938,Bengaluru,Referral,2026-02,2,2026-02-28
10939,Delhi NCR,Partnerships,2026-03,3,2026-03-31
10940,Bengaluru,Organic,2025-09,1,2025-09-16
10941,Pune,App Store Search,2026-06,1,2026-06-16
10942,Hyderabad,Paid Social,2026-03,13,2026-06-27
10943,Delhi NCR,Paid Social,2026-02,2,2026-02-18
10944,Bengaluru,Paid Social,2026-01,6,2026-02-26
10945,Bengaluru,Organic,2026-09,1,2026-09-01
10946,Hyderabad,App Store Search,2025-10,2,2025-10-14
10947,Mumbai,Organic,2025-10,10,2025-12-14
10948,Mumbai,Organic,2026-07,4,2026-09-01
10949,Bengaluru,Referral,2026-06,8,2026-08-15
10950,Mumbai,Paid Social,2025-07,3,2025-07-29
10951,Bengaluru,Organic,2026-05,13,2026-08-25
10952,Chennai,Paid Social,2026-06,6,2026-08-20
10953,Pune,App Store Search,2026-09,5,2026-09-11
10954,Delhi NCR,Organic,2026-08,3,2026-08-10
10955,Pune,Paid Social,2026-05,7,2026-06-30
10956,Hyderabad,Referral,2026-06,3,2026-07-06
10957,Hyderabad,Organic,2026-06,1,2026-06-22
10958,Bengaluru,Organic,2026-03,15,2026-05-29
10959,Delhi NCR,Organic,2026-07,4,2026-08-30
10960,Hyderabad,Partnerships,2026-07,8,2026-09-11
10961,Bengaluru,Referral,2026-03,6,2026-04-24
10962,Pune,Influencer,2026-08,3,2026-08-16
10963,Bengaluru,Referral,2026-02,3,2026-02-25
10964,Bengaluru,App Store Search,2026-09,0,
10965,Pune,Organic,2026-08,4,2026-09-07
10966,Mumbai,App Store Search,2026-05,11,2026-07-31
10967,Delhi NCR,Referral,2025-08,4,2025-08-17
10968,Bengaluru,Partnerships,2026-02,3,2026-02-13
10969,Bengaluru,Paid Social,2025-08,1,2025-08-14
10970,Hyderabad,Organic,2025-11,7,2026-01-28
10971,Mumbai,Organic,2026-05,7,2026-06-24
10972,Pune,Paid Social,2026-07,7,2026-07-23
10973,Bengaluru,Organic,2026-03,6,2026-05-27
10974,Mumbai,Organic,2026-06,2,2026-06-24
10975,Bengaluru,Organic,2025-09,7,2025-09-28
10976,Bengaluru,App Store Search,2026-02,2,2026-02-24
10977,Bengaluru,Influencer,2026-01,2,2026-01-13
10978,Delhi NCR,Paid Social,2026-07,2,2026-08-22
10979,Bengaluru,App Store Search,2025-10,4,2025-10-29
10981,Mumbai,Organic,2025-05,1,2025-05-24
10982,Chennai,Paid Social,2025-11,6,2025-11-29
10983,Delhi NCR,Partnerships,2026-02,9,2026-04-30
10984,Bengaluru,Organic,2026-08,1,2026-08-18
10986,Mumbai,Paid Social,2025-12,2,2025-12-14
10987,Bengaluru,Influencer,2026-07,2,2026-07-26
10988,Delhi NCR,Referral,2026-02,4,2026-02-26
10989,Mumbai,Paid Social,2025-06,10,2025-09-28
10990,Delhi NCR,Paid Social,2026-07,0,
10991,Pune,Influencer,2026-06,5,2026-07-27
10992,Chennai,Paid Social,2025-11,17,2026-05-09
10993,Pune,Organic,2026-07,5,2026-07-31
10994,Delhi NCR,Organic,2026-08,9,2026-09-14
10995,Mumbai,Paid Social,2026-01,2,2026-01-26
10996,Delhi NCR,App Store Search,2025-07,1,2025-07-08
10997,Bengaluru,Organic,2026-07,9,2026-09-15
10998,Pune,Referral,2026-01,4,2026-01-28
10999,Bengaluru,Organic,2026-04,16,2026-09-05
11000,Bengaluru,Organic,2026-06,3,2026-06-13
11001,Hyderabad,Organic,2026-05,11,2026-06-30
11002,Hyderabad,App Store Search,2025-11,4,2025-12-28
11003,Bengaluru,App Store Search,2026-04,7,2026-06-23
11004,Bengaluru,Organic,2026-05,10,2026-08-24
11005,Delhi NCR,Organic,2025-09,2,2025-10-22
11006,Bengaluru,Partnerships,2026-05,1,2026-05-27
11007,Chennai,App Store Search,2026-07,7,2026-09-02
11008,Hyderabad,Organic,2026-04,2,2026-04-14
11009,Delhi NCR,App Store Search,2025-09,18,2025-12-21
11010,Mumbai,App Store Search,2025-11,6,2025-12-30
11011,Bengaluru,Partnerships,2026-09,2,2026-09-15
11012,Delhi NCR,Organic,2026-06,4,2026-06-21
11013,Mumbai,Organic,2026-08,4,2026-09-09
11014,Bengaluru,Referral,2026-01,11,2026-04-26
11015,Delhi NCR,Organic,2025-07,10,2025-10-26
11016,Pune,Organic,2025-10,15,2026-02-23
11017,Bengaluru,Organic,2026-06,6,2026-07-29
11018,Bengaluru,Organic,2026-03,2,2026-04-29
11019,Chennai,Referral,2026-08,3,2026-09-01
11020,Mumbai,Paid Social,2025-09,2,2025-09-30
11021,Bengaluru,Organic,2026-05,6,2026-06-30
11022,Delhi NCR,Paid Social,2025-12,4,2026-01-25
11023,Bengaluru,Paid Social,2025-11,2,2025-11-16
11024,Mumbai,Paid Social,2026-09,3,2026-09-08
11025,Bengaluru,Paid Social,2026-03,1,2026-03-19
11026,Hyderabad,App Store Search,2025-12,26,2026-08-28
11027,Delhi NCR,Paid Social,2025-10,2,2025-10-09
11028,Mumbai,Paid Social,2026-03,2,2026-03-24
11029,Delhi NCR,Paid Social,2026-06,8,2026-07-19
11030,Delhi NCR,Paid Social,2026-07,7,2026-08-27
11032,Bengaluru,App Store Search,2026-02,6,2026-02-26
11033,Bengaluru,Organic,2026-06,4,2026-06-26
11034,Bengaluru,Paid Social,2025-12,4,2026-01-27
11035,Bengaluru,Paid Social,2025-08,0,
11036,Mumbai,Paid Social,2026-02,3,2026-03-31
11037,Mumbai,Organic,2025-10,2,2025-10-28
11038,Mumbai,Influencer,2026-03,3,2026-04-25
11039,Pune,Organic,2025-04,4,2025-04-15
11040,Hyderabad,Paid Social,2026-02,5,2026-03-27
11041,Delhi NCR,Organic,2026-04,16,2026-09-09
11042,Bengaluru,Organic,2025-08,7,2025-10-16
11043,Bengaluru,Paid Social,2026-05,1,2026-05-28
11044,Bengaluru,Partnerships,2025-07,1,2025-07-13
11045,Bengaluru,Paid Social,2025-11,2,2025-11-25
11046,Bengaluru,Organic,2025-10,7,2025-11-21
11047,Chennai,Paid Social,2026-06,4,2026-06-22
11048,Hyderabad,Organic,2026-05,3,2026-06-03
11049,Mumbai,Paid Social,2026-03,8,2026-04-25
11050,Pune,Organic,2025-08,4,2025-08-26
11051,Mumbai,Partnerships,2025-07,6,2025-08-31
11052,Mumbai,Referral,2025-06,14,2025-10-27
11053,Pune,Paid Social,2026-02,8,2026-04-17
11054,Delhi NCR,Referral,2025-11,14,2026-03-31
11055,Delhi NCR,Influencer,2026-07,7,2026-09-04
11056,Hyderabad,App Store Search,2025-11,25,2026-05-20
11057,Delhi NCR,Influencer,2026-01,2,2026-01-23
11058,Hyderabad,Organic,2026-07,2,2026-07-16
11059,Bengaluru,Partnerships,2026-08,2,2026-08-24
11060,Bengaluru,Referral,2025-12,4,2025-12-26
11061,Bengaluru,Partnerships,2026-04,13,2026-07-13
11062,Bengaluru,Paid Social,2026-06,1,2026-06-01
11063,Bengaluru,Paid Social,2026-02,2,2026-02-18
11064,Pune,Influencer,2026-04,7,2026-05-31
11065,Bengaluru,Paid Social,2026-09,0,
11066,Mumbai,Organic,2025-07,14,2025-10-24
11067,Mumbai,App Store Search,2026-08,5,2026-09-15
11068,Bengaluru,Paid Social,2025-12,2,2025-12-24
11069,Pune,Organic,2026-07,7,2026-09-14
11070,Bengaluru,Paid Social,2025-09,2,2025-09-23
11071,Bengaluru,App Store Search,2025-11,7,2025-11-28
11072,Mumbai,App Store Search,2026-09,2,2026-09-13
11073,Bengaluru,Paid Social,2025-04,5,2025-04-22
11074,Delhi NCR,Influencer,2026-03,2,2026-03-28
11075,Pune,Organic,2026-03,6,2026-07-21
11076,Bengaluru,Organic,2026-03,11,2026-07-06
11077,Pune,Organic,2026-02,22,2026-09-06
11078,Pune,Organic,2026-04,3,2026-04-12
11079,Mumbai,Paid Social,2026-06,4,2026-07-06
11080,Bengaluru,Referral,2026-05,14,2026-09-07
11081,Bengaluru,Referral,2025-11,5,2025-11-24
11082,Bengaluru,Organic,2026-09,2,2026-09-11
11083,Pune,Paid Social,2026-09,1,2026-09-08
11084,Delhi NCR,Referral,2025-08,4,2025-08-30
11085,Chennai,Paid Social,2026-09,1,2026-09-10
11086,Pune,Paid Social,2026-07,2,2026-07-28
11087,Pune,Partnerships,2025-09,11,2025-12-15
11088,Hyderabad,Paid Social,2026-04,2,2026-04-28
11089,Hyderabad,Paid Social,2025-09,8,2025-10-31
11090,Mumbai,Organic,2026-01,4,2026-01-28
11091,Bengaluru,App Store Search,2026-09,1,2026-09-04
11092,Pune,Referral,2026-03,2,2026-03-16
11093,Mumbai,App Store Search,2026-05,4,2026-05-28
11094,Bengaluru,Influencer,2026-08,4,2026-08-25
11095,Mumbai,Influencer,2026-09,0,
11096,Bengaluru,Referral,2025-06,17,2026-01-27
11097,Pune,Paid Social,2025-11,14,2026-02-25
11098,Mumbai,Organic,2026-02,3,2026-03-01
11099,Bengaluru,Organic,2026-07,6,2026-08-29
11100,Delhi NCR,Partnerships,2026-05,4,2026-05-31
11101,Chennai,Paid Social,2026-09,0,
11103,Bengaluru,Paid Social,2025-06,4,2025-06-21
11104,Mumbai,Influencer,2026-04,1,2026-04-12
11106,Mumbai,Paid Social,2026-08,2,2026-08-09
11107,Bengaluru,Paid Social,2026-06,6,2026-08-03
11108,Mumbai,Paid Social,2025-09,3,2025-09-18
11109,Bengaluru,Organic,2026-06,11,2026-09-10
11110,Bengaluru,Paid Social,2026-04,3,2026-04-26
11111,Bengaluru,Referral,2026-09,1,2026-09-04
11112,Hyderabad,Paid Social,2026-01,2,2026-01-17
11113,Mumbai,Organic,2026-02,2,2026-02-15
11114,Bengaluru,App Store Search,2026-08,1,2026-08-15
11115,Bengaluru,Organic,2025-05,4,2025-05-31
11116,Delhi NCR,App Store Search,2025-11,3,2025-11-20
11117,Bengaluru,Influencer,2026-06,4,2026-06-27
11118,Bengaluru,Influencer,2026-08,2,2026-08-25
11120,Bengaluru,Paid Social,2026-08,2,2026-09-08
11121,Pune,Organic,2026-05,2,2026-05-12
11122,Mumbai,Paid Social,2026-08,3,2026-09-05
11123,Mumbai,Paid Social,2026-08,4,2026-09-13
11124,Pune,App Store Search,2025-10,1,2025-10-03
11125,Delhi NCR,Organic,2025-08,18,2026-02-23
11126,Bengaluru,Paid Social,2026-05,5,2026-06-27
11127,Bengaluru,Partnerships,2026-04,5,2026-04-27
11128,Bengaluru,Influencer,2026-05,7,2026-07-27
11129,Mumbai,Referral,2026-09,0,
11131,Delhi NCR,Organic,2026-05,5,2026-06-18
11132,Mumbai,Organic,2026-06,13,2026-09-12
11133,Mumbai,Organic,2025-09,1,2025-09-28
11134,Mumbai,Paid Social,2025-06,4,2025-07-10
11135,Bengaluru,Influencer,2026-08,3,2026-08-21
11136,Bengaluru,Organic,2025-07,1,2025-07-17
11137,Bengaluru,Paid Social,2026-06,2,2026-06-23
11138,Mumbai,App Store Search,2026-07,2,2026-07-11
11139,Mumbai,Paid Social,2026-05,12,2026-08-16
11140,Delhi NCR,Paid Social,2025-09,2,2025-09-29
11141,Bengaluru,Paid Social,2025-09,2,2025-09-27
11142,Delhi NCR,Partnerships,2026-01,4,2026-03-02
11143,Bengaluru,Organic,2026-08,5,2026-09-15
11144,Bengaluru,Organic,2025-09,10,2025-10-29
11145,Bengaluru,Organic,2026-05,10,2026-07-06
11146,Bengaluru,Referral,2025-11,3,2025-12-02
11147,Mumbai,Organic,2025-09,12,2025-11-24
11148,Delhi NCR,Paid Social,2026-06,8,2026-07-20
11149,Mumbai,Paid Social,2025-11,3,2025-11-18
11150,Delhi NCR,Paid Social,2026-06,6,2026-07-24
11151,Delhi NCR,App Store Search,2026-03,3,2026-03-25
11152,Delhi NCR,Organic,2026-06,12,2026-09-11
11153,Bengaluru,Paid Social,2025-11,3,2025-11-30
11154,Mumbai,Paid Social,2026-05,2,2026-05-11
11155,Delhi NCR,Organic,2026-05,2,2026-05-17
11156,Bengaluru,App Store Search,2025-10,8,2025-12-06
11157,Bengaluru,Organic,2025-12,1,2025-12-13
11158,Delhi NCR,App Store Search,2026-08,3,2026-08-13
11159,Bengaluru,Organic,2026-04,1,2026-04-11
11160,Pune,Organic,2026-01,10,2026-02-21
11161,Mumbai,Influencer,2026-02,2,2026-02-08
11162,Bengaluru,Organic,2026-08,3,2026-08-24
11163,Bengaluru,Paid Social,2026-06,4,2026-06-29
11164,Hyderabad,Paid Social,2026-05,10,2026-07-28
11165,Bengaluru,Referral,2026-08,4,2026-09-14
11166,Delhi NCR,Organic,2026-07,8,2026-09-08
11167,Hyderabad,App Store Search,2026-04,11,2026-06-20
11168,Delhi NCR,App Store Search,2026-02,10,2026-05-23
11169,Delhi NCR,Referral,2025-04,2,2025-04-20
11170,Mumbai,App Store Search,2026-07,3,2026-07-24
11171,Bengaluru,Organic,2025-05,2,2025-05-21
11172,Pune,Referral,2026-08,2,2026-08-21
11173,Pune,Paid Social,2026-04,1,2026-04-27
11174,Chennai,Paid Social,2025-12,5,2026-01-27
11175,Bengaluru,Referral,2025-08,11,2025-11-18
11176,Bengaluru,Organic,2026-03,6,2026-03-28
11177,Mumbai,Influencer,2025-10,3,2025-10-29
11178,Mumbai,Paid Social,2026-07,5,2026-07-30
11179,Bengaluru,Organic,2026-06,6,2026-07-18
11180,Mumbai,App Store Search,2026-04,2,2026-04-05
11181,Hyderabad,Referral,2025-12,13,2026-03-22
11182,Mumbai,Influencer,2026-06,10,2026-07-29
11183,Mumbai,App Store Search,2025-12,6,2025-12-31
11185,Hyderabad,App Store Search,2025-08,3,2025-08-19
11186,Mumbai,Influencer,2026-05,3,2026-05-23
11187,Delhi NCR,Organic,2026-06,6,2026-07-29
11188,Bengaluru,Paid Social,2026-04,6,2026-05-22
11189,Bengaluru,Referral,2026-06,10,2026-08-28
11190,Bengaluru,Paid Social,2025-06,3,2025-06-27
11191,Delhi NCR,Paid Social,2026-08,4,2026-09-09
11192,Bengaluru,Organic,2026-07,2,2026-07-28
11193,Delhi NCR,Influencer,2026-02,3,2026-02-17
11194,Delhi NCR,Paid Social,2025-04,5,2025-05-12
11195,Bengaluru,Paid Social,2025-12,4,2026-01-03
11196,Mumbai,Organic,2026-07,6,2026-09-05
11197,Mumbai,Paid Social,2026-07,2,2026-07-12
11198,Mumbai,Referral,2026-07,3,2026-07-30
11199,Mumbai,Organic,2026-09,0,
11200,Bengaluru,Organic,2026-02,2,2026-02-06
11201,Bengaluru,Referral,2025-09,6,2025-11-08
11202,Mumbai,Organic,2026-07,6,2026-09-08
11203,Delhi NCR,Organic,2025-10,15,2026-01-17
11204,Delhi NCR,Referral,2025-09,14,2025-12-31
11205,Delhi NCR,Referral,2026-05,10,2026-09-13
11206,Hyderabad,Influencer,2025-10,18,2026-04-28
11207,Bengaluru,Influencer,2026-03,1,2026-03-23
11208,Bengaluru,Referral,2026-07,5,2026-08-23
11209,Hyderabad,Paid Social,2025-09,15,2026-01-30
11210,Bengaluru,Referral,2025-05,8,2025-07-10
11211,Pune,Referral,2026-06,12,2026-09-14
11212,Pune,Paid Social,2026-03,8,2026-04-14
11213,Pune,Organic,2026-05,7,2026-05-28
11214,Mumbai,App Store Search,2025-10,11,2026-01-20
11215,Bengaluru,App Store Search,2026-05,6,2026-07-22
11216,Chennai,App Store Search,2026-04,9,2026-06-25
11217,Delhi NCR,Paid Social,2025-05,3,2025-05-28
11218,Mumbai,Paid Social,2025-08,8,2025-09-21
11219,Bengaluru,Paid Social,2026-07,2,2026-07-30
11220,Bengaluru,App Store Search,2026-04,9,2026-06-23
11221,Hyderabad,Influencer,2026-08,5,2026-09-10
11222,Mumbai,Paid Social,2026-03,20,2026-08-23
11223,Hyderabad,Paid Social,2025-10,4,2025-10-26
11224,Bengaluru,Paid Social,2026-07,1,2026-07-10
11225,Hyderabad,Organic,2026-08,3,2026-09-15
11226,Pune,Paid Social,2026-01,3,2026-01-28
11227,Bengaluru,Paid Social,2026-05,2,2026-05-11
11228,Pune,Paid Social,2026-07,4,2026-07-30
11229,Bengaluru,Organic,2025-07,6,2025-08-29
11230,Chennai,App Store Search,2026-04,9,2026-06-26
11231,Hyderabad,Paid Social,2026-02,13,2026-04-27
11232,Pune,Organic,2026-05,2,2026-05-16
11233,Pune,App Store Search,2026-08,4,2026-09-12
11234,Pune,Referral,2026-06,2,2026-06-19
11235,Bengaluru,Organic,2026-08,4,2026-08-25
11236,Pune,Referral,2026-01,4,2026-02-25
11237,Pune,Organic,2026-07,6,2026-09-08
11238,Delhi NCR,Organic,2025-10,10,2025-12-26
11239,Mumbai,Partnerships,2026-09,1,2026-09-04
11240,Delhi NCR,Organic,2026-06,7,2026-07-24
11241,Bengaluru,App Store Search,2026-06,2,2026-06-30
11242,Pune,Paid Social,2025-08,3,2025-08-23
11243,Bengaluru,Paid Social,2026-07,8,2026-08-23
11244,Mumbai,Organic,2026-04,13,2026-07-24
11245,Mumbai,Organic,2026-06,3,2026-07-21
11246,Delhi NCR,Organic,2026-09,2,2026-09-14
11247,Bengaluru,Referral,2026-05,10,2026-07-21
11248,Chennai,App Store Search,2025-11,4,2025-11-26
11249,Mumbai,Paid Social,2025-11,2,2025-11-06
11250,Mumbai,Organic,2025-10,4,2025-11-21
11251,Bengaluru,Organic,2026-04,4,2026-04-25
11252,Bengaluru,Referral,2025-12,7,2026-01-28
11253,Chennai,Partnerships,2025-10,9,2025-12-25
11254,Delhi NCR,Paid Social,2026-08,2,2026-08-13
11255,Mumbai,Paid Social,2026-07,4,2026-07-30
11256,Hyderabad,Paid Social,2026-08,8,2026-09-09
11257,Delhi NCR,Referral,2026-02,17,2026-08-29
11258,Delhi NCR,Organic,2026-05,8,2026-06-07
11259,Chennai,Organic,2026-03,8,2026-04-19
11260,Bengaluru,Paid Social,2025-07,6,2025-08-28
11261,Bengaluru,Organic,2025-09,10,2026-01-18
11262,Bengaluru,Paid Social,2026-09,0,
11263,Bengaluru,Referral,2026-04,2,2026-04-24
11264,Mumbai,Referral,2026-01,8,2026-03-31
11265,Bengaluru,Partnerships,2025-11,12,2026-03-24
11266,Mumbai,Organic,2025-09,7,2025-10-30
11267,Delhi NCR,Paid Social,2025-08,10,2025-11-16
11268,Bengaluru,Paid Social,2025-11,2,2025-11-24
11269,Bengaluru,Organic,2026-02,6,2026-02-27
11270,Chennai,Organic,2026-06,9,2026-09-08
11272,Mumbai,Paid Social,2025-09,8,2025-11-26
11273,Bengaluru,Paid Social,2025-08,3,2025-08-20
11274,Pune,Organic,2026-01,22,2026-09-07
11275,Bengaluru,Paid Social,2026-04,2,2026-04-16
11276,Delhi NCR,Paid Social,2026-04,8,2026-05-30
11277,Mumbai,App Store Search,2026-09,2,2026-09-05
11278,Mumbai,Organic,2026-05,5,2026-05-30
11279,Bengaluru,App Store Search,2025-12,10,2026-02-24
11280,Hyderabad,Referral,2026-06,9,2026-09-13
11281,Bengaluru,Organic,2026-08,5,2026-09-12
11282,Hyderabad,Organic,2025-11,5,2025-11-27
11283,Delhi NCR,Organic,2025-08,4,2025-08-20
11284,Delhi NCR,Organic,2026-06,10,2026-09-14
11285,Mumbai,Organic,2026-04,2,2026-04-30
11286,Mumbai,Influencer,2026-05,10,2026-06-30
11287,Mumbai,Paid Social,2026-06,13,2026-09-12
11288,Delhi NCR,Paid Social,2026-07,4,2026-07-27
11289,Bengaluru,Referral,2026-08,4,2026-09-11
11290,Delhi NCR,Organic,2026-03,3,2026-03-25
11291,Mumbai,Paid Social,2026-04,8,2026-06-29
11292,Bengaluru,Paid Social,2026-06,5,2026-06-26
11293,Delhi NCR,Paid Social,2025-06,3,2025-06-28
11294,Bengaluru,Referral,2026-06,13,2026-08-31
11295,Mumbai,Paid Social,2026-09,1,2026-09-08
11296,Mumbai,Paid Social,2026-06,3,2026-06-23
11297,Delhi NCR,Referral,2026-09,0,
11298,Bengaluru,App Store Search,2025-10,14,2026-02-11
11299,Bengaluru,Influencer,2026-03,12,2026-07-20
11300,Pune,App Store Search,2025-08,6,2025-09-23
11301,Mumbai,Paid Social,2026-08,4,2026-09-08
11302,Mumbai,Organic,2025-05,4,2025-06-04
11303,Mumbai,Paid Social,2026-06,11,2026-08-25
11304,Pune,Paid Social,2025-06,2,2025-06-17
11305,Delhi NCR,Paid Social,2026-05,0,
11306,Mumbai,Referral,2025-07,1,2025-07-20
11307,Hyderabad,Referral,2026-07,1,2026-07-13
11308,Delhi NCR,App Store Search,2026-06,2,2026-06-09
11309,Bengaluru,App Store Search,2026-01,9,2026-02-15
11310,Pune,Paid Social,2026-06,1,2026-06-28
11311,Pune,Organic,2025-11,3,2025-11-30
11312,Mumbai,Paid Social,2026-04,16,2026-09-12
11313,Delhi NCR,Organic,2026-06,9,2026-09-05
11314,Bengaluru,Influencer,2026-06,2,2026-06-21
11315,Hyderabad,Paid Social,2025-11,5,2025-11-29
11316,Pune,Referral,2025-11,3,2025-12-26
11317,Mumbai,Organic,2026-05,7,2026-06-23
11318,Bengaluru,Paid Social,2025-12,4,2025-12-24
11319,Bengaluru,Paid Social,2026-02,5,2026-03-13
11320,Bengaluru,Organic,2025-12,7,2026-02-14
11321,Chennai,Referral,2026-01,2,2026-01-13
11322,Mumbai,App Store Search,2025-12,3,2025-12-30
11323,Delhi NCR,Organic,2026-05,10,2026-08-21
11324,Bengaluru,Paid Social,2025-12,3,2025-12-29
11325,Hyderabad,Paid Social,2026-03,1,2026-03-26
11326,Bengaluru,Organic,2026-01,4,2026-01-25
11327,Mumbai,Paid Social,2026-09,3,2026-09-11
11328,Bengaluru,Paid Social,2025-12,5,2026-01-22
11329,Bengaluru,Paid Social,2026-08,2,2026-08-13
11330,Mumbai,Organic,2026-06,8,2026-09-05
11331,Bengaluru,Organic,2026-05,13,2026-08-24
11332,Bengaluru,App Store Search,2026-08,3,2026-08-26
11333,Bengaluru,Organic,2026-08,2,2026-09-04
11334,Pune,Paid Social,2026-02,12,2026-05-19
11335,Delhi NCR,Influencer,2025-08,6,2025-09-20
11336,Bengaluru,Organic,2026-08,2,2026-08-28
11337,Bengaluru,Paid Social,2025-07,2,2025-07-28
11338,Delhi NCR,App Store Search,2026-05,2,2026-05-15
11339,Mumbai,Paid Social,2026-03,6,2026-04-24
11340,Delhi NCR,Paid Social,2026-08,5,2026-09-07
11341,Mumbai,Organic,2026-01,3,2026-02-21
11342,Delhi NCR,App Store Search,2025-08,3,2025-08-22
11343,Bengaluru,Organic,2025-10,3,2025-10-24
11344,Mumbai,Influencer,2026-06,10,2026-09-15
11345,Mumbai,Referral,2025-11,12,2025-12-27
11346,Delhi NCR,Paid Social,2026-05,3,2026-05-20
11347,Delhi NCR,Organic,2025-07,4,2025-07-27
11348,Hyderabad,Paid Social,2025-09,19,2026-05-19
11349,Bengaluru,Influencer,2025-09,4,2025-09-23
11350,Bengaluru,App Store Search,2026-03,1,2026-03-23
11351,Bengaluru,Paid Social,2025-08,2,2025-08-24
11352,Bengaluru,Referral,2025-10,2,2025-10-15
11353,Bengaluru,Influencer,2026-05,10,2026-08-23
11354,Bengaluru,Organic,2025-10,2,2025-10-30
11355,Bengaluru,Paid Social,2026-01,3,2026-01-20
11356,Bengaluru,Organic,2025-12,6,2025-12-27
11357,Delhi NCR,App Store Search,2026-01,7,2026-03-31
11358,Mumbai,Referral,2026-01,8,2026-03-04
11359,Bengaluru,Paid Social,2026-05,3,2026-05-31
11360,Mumbai,Paid Social,2026-03,4,2026-03-30
11361,Delhi NCR,Paid Social,2025-08,4,2025-08-26
11362,Bengaluru,Organic,2025-11,13,2026-02-16
11363,Delhi NCR,App Store Search,2026-04,4,2026-05-22
11364,Mumbai,Influencer,2026-06,3,2026-06-29
11365,Bengaluru,Paid Social,2026-06,5,2026-07-23
11366,Bengaluru,Organic,2026-09,1,2026-09-13
11367,Hyderabad,App Store Search,2026-07,2,2026-07-27
11368,Delhi NCR,Paid Social,2026-04,8,2026-05-27
11369,Mumbai,Paid Social,2026-07,8,2026-08-31
11370,Mumbai,Paid Social,2026-09,0,
11371,Pune,Organic,2025-12,2,2026-01-04
11372,Delhi NCR,App Store Search,2026-03,6,2026-05-19
11373,Bengaluru,App Store Search,2025-07,2,2025-07-26
11374,Mumbai,Organic,2026-03,5,2026-03-17
11375,Hyderabad,Paid Social,2026-08,2,2026-09-04
11376,Bengaluru,Influencer,2026-09,1,2026-09-06
11377,Mumbai,Paid Social,2026-05,7,2026-06-23
11378,Bengaluru,Referral,2026-05,2,2026-06-12
11379,Mumbai,Paid Social,2026-07,7,2026-08-30
11380,Hyderabad,Partnerships,2025-12,1,2025-12-25
11381,Bengaluru,Referral,2025-09,10,2025-12-29
11382,Bengaluru,Referral,2025-09,7,2025-11-19
11383,Bengaluru,Organic,2026-07,2,2026-07-28
11384,Mumbai,Paid Social,2026-01,13,2026-06-20
11385,Mumbai,Paid Social,2026-01,2,2026-01-31
11386,Bengaluru,Paid Social,2026-05,2,2026-05-19
11387,Mumbai,Influencer,2025-10,15,2026-01-30
11388,Bengaluru,Organic,2026-08,4,2026-09-03
11389,Chennai,Paid Social,2026-04,10,2026-06-28
11390,Bengaluru,Organic,2026-08,3,2026-08-29
11391,Delhi NCR,Paid Social,2025-05,3,2025-05-15
11392,Pune,Referral,2026-03,6,2026-04-27
11393,Pune,Organic,2026-03,3,2026-03-30
11394,Mumbai,Organic,2026-06,6,2026-06-30
11395,Delhi NCR,Influencer,2025-09,11,2026-01-17
11396,Delhi NCR,App Store Search,2026-03,11,2026-05-22
11397,Pune,Paid Social,2025-08,11,2025-11-30
11398,Mumbai,Paid Social,2026-01,4,2026-01-31
11399,Mumbai,Organic,2025-09,3,2025-09-28
11400,Bengaluru,Paid Social,2025-07,8,2025-09-28
11401,Bengaluru,App Store Search,2025-07,3,2025-07-24
11402,Delhi NCR,Partnerships,2026-08,1,2026-08-10
11403,Delhi NCR,Organic,2026-07,5,2026-08-12
11404,Delhi NCR,Referral,2026-04,8,2026-07-26
11405,Bengaluru,Paid Social,2026-08,4,2026-09-04
11406,Pune,App Store Search,2026-09,2,2026-09-05
11407,Bengaluru,Referral,2026-02,17,2026-06-25
11408,Mumbai,Referral,2026-02,6,2026-03-30
11409,Hyderabad,Organic,2026-02,7,2026-04-26
11410,Delhi NCR,Influencer,2026-04,20,2026-09-14
11411,Pune,Referral,2026-01,6,2026-02-23
11412,Hyderabad,Organic,2026-02,8,2026-05-28
11413,Delhi NCR,Influencer,2025-05,10,2025-08-23
11414,Bengaluru,Influencer,2026-01,1,2026-01-13
11415,Bengaluru,Organic,2025-04,2,2025-04-30
11416,Chennai,Paid Social,2026-09,2,2026-09-05
11417,Pune,Organic,2026-06,4,2026-06-17
11418,Bengaluru,Organic,2026-08,5,2026-09-08
11419,Mumbai,Paid Social,2025-11,2,2025-12-15
11420,Bengaluru,Organic,2025-10,9,2025-11-18
11421,Chennai,Paid Social,2026-01,3,2026-01-28
11423,Bengaluru,Paid Social,2026-05,2,2026-05-17
11424,Hyderabad,Organic,2026-07,3,2026-08-28
11425,Pune,Influencer,2026-07,5,2026-08-31
11426,Chennai,Paid Social,2026-07,3,2026-07-17
11427,Bengaluru,Influencer,2026-08,4,2026-09-07
11428,Bengaluru,Organic,2026-04,2,2026-04-23
11429,Bengaluru,Paid Social,2026-01,2,2026-01-18
11430,Delhi NCR,Referral,2025-07,14,2025-11-28
11431,Delhi NCR,Organic,2026-07,3,2026-07-05
11432,Bengaluru,Referral,2026-06,2,2026-06-25
11433,Mumbai,Partnerships,2026-03,8,2026-04-18
11434,Bengaluru,Partnerships,2025-09,12,2025-11-19
11435,Pune,App Store Search,2025-11,3,2025-11-25
11436,Bengaluru,Referral,2026-07,5,2026-07-30
11437,Mumbai,App Store Search,2026-08,6,2026-08-30
11438,Bengaluru,App Store Search,2026-06,8,2026-08-16
11439,Mumbai,Organic,2025-12,7,2026-01-20
11440,Chennai,Paid Social,2026-05,10,2026-09-05
11441,Delhi NCR,Organic,2025-08,7,2025-10-27
11442,Bengaluru,Influencer,2025-07,4,2025-07-22
11443,Bengaluru,Paid Social,2025-11,0,
11444,Hyderabad,Organic,2025-09,16,2026-02-19
11445,Delhi NCR,Referral,2026-03,18,2026-09-04
11446,Bengaluru,Paid Social,2026-08,1,2026-08-26
11447,Pune,App Store Search,2026-09,3,2026-09-15
11448,Bengaluru,Paid Social,2026-06,10,2026-09-15
11449,Bengaluru,Organic,2025-11,3,2025-11-22
11450,Hyderabad,Referral,2026-07,7,2026-09-06
11451,Pune,App Store Search,2026-04,2,2026-04-28
11452,Bengaluru,Referral,2025-11,4,2025-11-29
11453,Pune,Partnerships,2026-07,2,2026-07-15
11454,Pune,Organic,2025-11,13,2026-03-28
11455,Mumbai,Paid Social,2026-05,5,2026-06-21
11456,Bengaluru,App Store Search,2026-03,1,2026-03-30
11457,Bengaluru,Organic,2026-05,7,2026-07-14
11458,Mumbai,Organic,2026-06,10,2026-08-30
11459,Delhi NCR,Paid Social,2026-05,11,2026-08-30
11460,Hyderabad,Paid Social,2026-07,6,2026-09-13
11461,Bengaluru,Paid Social,2026-02,2,2026-02-20
11462,Bengaluru,Influencer,2026-05,6,2026-06-11
11463,Bengaluru,Referral,2026-06,7,2026-08-29
11464,Delhi NCR,Paid Social,2026-07,2,2026-07-31
11465,Delhi NCR,Organic,2025-12,4,2025-12-30
11466,Mumbai,Organic,2025-04,6,2025-05-26
11467,Bengaluru,Paid Social,2025-08,3,2025-08-17
11468,Bengaluru,Referral,2025-09,6,2025-10-23
11469,Delhi NCR,Influencer,2026-08,3,2026-08-31
11470,Hyderabad,Organic,2026-06,5,2026-07-25
11471,Bengaluru,Partnerships,2026-08,2,2026-08-26
11472,Mumbai,Organic,2026-04,1,2026-04-20
11473,Bengaluru,Organic,2026-04,4,2026-04-30
11474,Mumbai,App Store Search,2026-07,4,2026-09-05
11475,Hyderabad,Paid Social,2026-01,2,2026-01-22
11476,Delhi NCR,Partnerships,2026-04,1,2026-04-11
11477,Bengaluru,Paid Social,2025-07,2,2025-07-29
11478,Mumbai,Paid Social,2026-01,11,2026-03-26
11479,Bengaluru,Referral,2026-02,6,2026-04-23
11480,Bengaluru,Referral,2026-08,3,2026-08-16
11481,Bengaluru,Organic,2025-05,3,2025-05-20
11482,Bengaluru,Influencer,2026-05,5,2026-06-24
11483,Bengaluru,App Store Search,2025-12,23,2026-04-29
11484,Mumbai,Paid Social,2026-02,4,2026-03-18
11485,Bengaluru,Partnerships,2025-11,3,2025-11-22
11486,Delhi NCR,Influencer,2025-12,8,2026-01-21
11487,Mumbai,Partnerships,2025-09,6,2025-10-23
11488,Delhi NCR,Organic,2026-06,9,2026-09-08
11489,Bengaluru,Organic,2026-08,3,2026-09-12
11490,Hyderabad,Paid Social,2026-07,2,2026-07-23
11491,Hyderabad,App Store Search,2026-08,2,2026-08-14
11492,Mumbai,Paid Social,2026-04,13,2026-07-19
11493,Bengaluru,Partnerships,2026-08,1,2026-08-02
11494,Bengaluru,Influencer,2026-05,1,2026-05-30
11495,Delhi NCR,Organic,2025-06,2,2025-06-13
11496,Mumbai,Organic,2026-08,3,2026-08-13
11497,Mumbai,App Store Search,2026-07,4,2026-07-29
11498,Hyderabad,Referral,2026-08,3,2026-08-25
11499,Hyderabad,Referral,2026-05,21,2026-09-14
11500,Bengaluru,Organic,2026-02,7,2026-03-19
11501,Hyderabad,Paid Social,2025-07,15,2025-10-28
11502,Chennai,App Store Search,2026-08,2,2026-08-10
11503,Delhi NCR,Organic,2025-06,10,2025-11-27
11504,Pune,Paid Social,2026-08,4,2026-09-13
11505,Bengaluru,Paid Social,2025-11,3,2025-11-23
11506,Bengaluru,Paid Social,2025-05,2,2025-05-27
11507,Mumbai,Paid Social,2026-05,1,2026-05-25
11508,Bengaluru,Referral,2025-12,12,2026-03-31
11509,Bengaluru,Organic,2026-08,0,
11510,Pune,Referral,2025-12,13,2026-03-26
11511,Delhi NCR,Paid Social,2025-10,2,2025-10-19
11512,Bengaluru,Influencer,2026-03,7,2026-03-19
11513,Delhi NCR,Organic,2026-06,2,2026-06-20
11514,Mumbai,Organic,2026-06,1,2026-06-10
11515,Bengaluru,Organic,2025-11,3,2025-11-30
11516,Chennai,Organic,2026-01,21,2026-09-15
11517,Bengaluru,Paid Social,2025-10,1,2025-10-23
11518,Bengaluru,Organic,2025-08,18,2026-01-20
11519,Pune,App Store Search,2026-03,1,2026-03-05
11520,Bengaluru,Partnerships,2025-12,8,2026-01-27
11521,Bengaluru,Organic,2026-02,4,2026-02-21
11522,Bengaluru,Paid Social,2026-04,3,2026-04-21
11523,Bengaluru,Paid Social,2026-03,3,2026-03-30
11524,Mumbai,Referral,2026-07,4,2026-08-26
11525,Bengaluru,Referral,2025-11,4,2025-11-29
11526,Bengaluru,App Store Search,2026-08,6,2026-09-01
11527,Bengaluru,Organic,2026-07,6,2026-09-04
11528,Bengaluru,App Store Search,2026-09,1,2026-09-03
11529,Mumbai,Organic,2026-07,3,2026-07-25
11530,Delhi NCR,App Store Search,2026-08,2,2026-08-27
11531,Mumbai,Influencer,2026-01,3,2026-01-18
11532,Bengaluru,Paid Social,2026-08,1,2026-08-04
11533,Bengaluru,Paid Social,2025-11,7,2025-12-29
11534,Bengaluru,Influencer,2026-01,21,2026-06-19
11535,Bengaluru,Paid Social,2026-05,1,2026-05-16
11536,Delhi NCR,App Store Search,2026-03,9,2026-05-29
11537,Mumbai,Organic,2026-03,7,2026-04-25
11538,Mumbai,Referral,2025-08,4,2025-08-19
11539,Mumbai,Paid Social,2026-07,1,2026-07-17
11540,Delhi NCR,Referral,2025-07,7,2025-09-23
11541,Chennai,Organic,2026-05,1,2026-05-02
11542,Delhi NCR,Paid Social,2025-09,4,2025-09-24
11543,Bengaluru,App Store Search,2026-02,2,2026-02-20
11544,Bengaluru,Organic,2026-03,8,2026-05-31
11545,Bengaluru,App Store Search,2026-05,7,2026-06-28
11546,Hyderabad,Organic,2026-01,12,2026-05-01
11547,Mumbai,App Store Search,2026-04,10,2026-06-29
11548,Pune,Organic,2026-08,5,2026-09-05
11549,Chennai,Organic,2026-09,1,2026-09-09
11550,Bengaluru,Paid Social,2026-06,2,2026-06-30
11551,Bengaluru,Paid Social,2026-01,5,2026-02-02
11552,Hyderabad,Influencer,2026-07,2,2026-07-27
11553,Mumbai,Organic,2026-07,4,2026-08-31
11554,Mumbai,App Store Search,2026-08,5,2026-09-11
11555,Delhi NCR,Organic,2025-09,1,2025-09-01
11556,Delhi NCR,Paid Social,2025-12,3,2026-01-21
11557,Pune,Paid Social,2025-05,1,2025-05-31
11558,Bengaluru,Organic,2025-06,3,2025-06-27
11559,Bengaluru,Paid Social,2026-03,5,2026-04-30
11560,Mumbai,Paid Social,2026-08,2,2026-08-29
11561,Delhi NCR,Paid Social,2026-05,5,2026-05-30
11562,Bengaluru,Paid Social,2026-08,3,2026-08-25
11563,Delhi NCR,App Store Search,2026-04,9,2026-06-14
11564,Mumbai,Paid Social,2026-02,5,2026-03-19
11565,Pune,Influencer,2025-12,4,2026-01-14
11566,Pune,Paid Social,2025-09,5,2025-09-27
11567,Hyderabad,Paid Social,2026-01,21,2026-06-19
11568,Bengaluru,Paid Social,2025-07,4,2025-07-29
11569,Pune,Organic,2026-05,10,2026-07-25
11570,Mumbai,Referral,2025-12,6,2026-01-28
11571,Mumbai,App Store Search,2026-09,1,2026-09-14
11572,Delhi NCR,Referral,2026-03,3,2026-03-24
11573,Mumbai,Influencer,2026-07,6,2026-09-04
11574,Chennai,Referral,2026-06,7,2026-08-06
11575,Mumbai,Referral,2025-05,20,2025-12-31
11576,Hyderabad,App Store Search,2026-08,3,2026-08-26
11577,Mumbai,Referral,2026-06,7,2026-07-24
11578,Mumbai,Paid Social,2025-09,6,2025-10-24
11579,Bengaluru,Influencer,2026-06,12,2026-07-30
11580,Delhi NCR,Paid Social,2025-11,10,2026-01-16
11581,Delhi NCR,Organic,2026-06,4,2026-06-21
11582,Mumbai,Organic,2026-07,3,2026-07-24
11583,Delhi NCR,App Store Search,2026-08,4,2026-08-30
11584,Hyderabad,Paid Social,2026-07,4,2026-08-17
11585,Mumbai,Organic,2025-06,5,2025-08-08
11586,Delhi NCR,Paid Social,2025-12,4,2025-12-31
11587,Pune,Organic,2025-08,6,2025-09-28
11588,Delhi NCR,Paid Social,2025-06,14,2025-10-03
11589,Bengaluru,Referral,2026-06,4,2026-07-27
11590,Delhi NCR,Referral,2025-11,10,2026-02-13
11591,Bengaluru,Organic,2026-04,0,
11592,Bengaluru,Organic,2025-10,4,2025-10-15
11593,Bengaluru,App Store Search,2025-08,22,2026-03-18
11594,Mumbai,Organic,2026-05,9,2026-07-29
11595,Bengaluru,Organic,2026-09,1,2026-09-11
11596,Pune,Paid Social,2026-05,15,2026-09-15
11597,Pune,App Store Search,2026-06,0,
11599,Bengaluru,Referral,2026-01,3,2026-01-25
11600,Bengaluru,Partnerships,2026-08,2,2026-08-16
11601,Bengaluru,Paid Social,2025-10,2,2025-10-21
11602,Bengaluru,Influencer,2025-08,8,2025-11-26
11603,Bengaluru,Paid Social,2025-11,4,2025-12-27
11604,Bengaluru,App Store Search,2026-07,2,2026-07-22
11605,Mumbai,Influencer,2025-10,8,2025-12-25
11606,Delhi NCR,Paid Social,2026-03,4,2026-03-14
11607,Mumbai,Paid Social,2025-11,7,2025-12-29
11608,Delhi NCR,Referral,2026-02,16,2026-06-11
11609,Delhi NCR,Paid Social,2026-06,2,2026-06-29
11610,Bengaluru,App Store Search,2026-06,2,2026-06-28
11611,Bengaluru,Influencer,2026-08,7,2026-09-07
11612,Delhi NCR,Referral,2025-08,5,2025-09-28
11613,Mumbai,Organic,2025-12,4,2025-12-28
11614,Delhi NCR,Paid Social,2026-04,4,2026-04-27
11615,Mumbai,Paid Social,2026-02,5,2026-03-23
11616,Mumbai,Paid Social,2025-08,3,2025-08-29
11617,Bengaluru,Paid Social,2026-07,4,2026-07-30
11618,Pune,Organic,2026-02,15,2026-05-31
11619,Bengaluru,Paid Social,2025-11,3,2025-11-23
11620,Pune,Paid Social,2025-08,11,2025-10-26
11621,Bengaluru,Referral,2026-01,3,2026-01-26
11622,Bengaluru,App Store Search,2025-07,1,2025-07-04
11623,Mumbai,Referral,2026-01,3,2026-01-29
11624,Bengaluru,App Store Search,2026-07,7,2026-08-20
11625,Mumbai,Paid Social,2026-03,8,2026-05-01
11626,Pune,Referral,2025-06,3,2025-06-18
11628,Bengaluru,Paid Social,2026-02,3,2026-02-27
11629,Mumbai,Referral,2025-09,16,2026-01-29
11630,Delhi NCR,Referral,2026-08,3,2026-09-04
11631,Delhi NCR,Organic,2025-11,1,2025-11-10
11632,Delhi NCR,App Store Search,2026-05,3,2026-06-02
11633,Mumbai,Organic,2025-10,2,2025-10-27
11634,Mumbai,Organic,2025-12,6,2026-01-30
11635,Bengaluru,Paid Social,2026-02,4,2026-02-26
11636,Chennai,Organic,2026-08,2,2026-08-08
11637,Pune,Influencer,2026-03,3,2026-03-23
11638,Delhi NCR,Organic,2025-10,4,2025-10-28
11639,Chennai,Paid Social,2026-08,5,2026-09-08
11640,Delhi NCR,App Store Search,2026-04,1,2026-04-26
11641,Mumbai,Paid Social,2025-08,3,2025-08-28
11642,Delhi NCR,App Store Search,2026-01,2,2026-01-28
11643,Hyderabad,Influencer,2026-01,10,2026-03-22
11644,Delhi NCR,Organic,2026-04,1,2026-04-17
11645,Mumbai,Referral,2026-09,3,2026-09-14
11646,Delhi NCR,Paid Social,2025-06,4,2025-06-28
11647,Mumbai,App Store Search,2026-05,3,2026-05-18
11648,Mumbai,Organic,2025-12,1,2025-12-05
11649,Bengaluru,Paid Social,2025-09,5,2025-09-30
11650,Pune,App Store Search,2026-02,18,2026-07-24
11651,Hyderabad,Referral,2025-10,10,2025-11-20
11652,Bengaluru,Organic,2025-07,8,2025-09-16
11653,Bengaluru,Referral,2026-05,4,2026-06-24
11654,Delhi NCR,App Store Search,2026-04,3,2026-04-28
11655,Pune,Referral,2026-08,8,2026-09-15
11656,Mumbai,Paid Social,2026-03,3,2026-03-19
11657,Bengaluru,Influencer,2026-07,4,2026-07-25
11658,Chennai,Organic,2026-03,15,2026-08-30
11659,Bengaluru,Referral,2026-07,6,2026-08-24
11660,Pune,Organic,2026-08,5,2026-08-27
11661,Mumbai,Organic,2026-07,8,2026-09-11
11662,Mumbai,Referral,2026-02,22,2026-08-31
11663,Chennai,Paid Social,2025-12,17,2026-05-19
11664,Chennai,App Store Search,2026-04,3,2026-04-30
11665,Hyderabad,Organic,2026-01,25,2026-09-05
11666,Bengaluru,Paid Social,2025-07,4,2025-08-22
11667,Bengaluru,App Store Search,2026-02,6,2026-04-25
11668,Bengaluru,Organic,2026-03,4,2026-04-08
11669,Delhi NCR,Organic,2025-12,2,2025-12-25
11670,Chennai,Referral,2026-07,2,2026-07-06
11671,Delhi NCR,Organic,2026-02,3,2026-02-23
11672,Mumbai,Partnerships,2026-07,3,2026-09-12
11673,Delhi NCR,Referral,2026-01,13,2026-04-30
11674,Delhi NCR,Paid Social,2025-11,6,2026-01-30
11675,Bengaluru,App Store Search,2026-02,5,2026-02-23
11676,Bengaluru,Paid Social,2026-05,3,2026-05-18
11677,Bengaluru,Referral,2026-06,8,2026-09-04
11678,Pune,App Store Search,2026-05,4,2026-05-30
11679,Bengaluru,Paid Social,2026-05,4,2026-06-18
11680,Pune,Organic,2026-04,6,2026-04-29
11681,Mumbai,Organic,2026-06,8,2026-08-24
11682,Delhi NCR,Organic,2026-07,16,2026-09-07
11683,Delhi NCR,Organic,2026-08,1,2026-08-02
11684,Bengaluru,Referral,2026-05,8,2026-07-31
11685,Pune,Paid Social,2026-05,1,2026-05-31
11686,Mumbai,Referral,2025-07,8,2025-10-22
11687,Bengaluru,Organic,2026-09,1,2026-09-12
11688,Bengaluru,Organic,2026-07,9,2026-09-04
11689,Mumbai,App Store Search,2026-08,5,2026-09-15
11690,Bengaluru,Referral,2025-11,16,2026-03-31
11691,Mumbai,Organic,2025-08,10,2025-10-10
11692,Pune,App Store Search,2026-01,4,2026-01-19
11693,Bengaluru,Paid Social,2026-04,2,2026-04-08
11694,Bengaluru,Organic,2026-04,2,2026-04-19
11695,Pune,Organic,2026-06,10,2026-09-12
11696,Delhi NCR,Paid Social,2026-08,3,2026-08-29
11697,Mumbai,Organic,2026-07,7,2026-09-15
11698,Delhi NCR,Referral,2025-10,5,2025-11-16
11699,Mumbai,App Store Search,2025-05,2,2025-05-18
11700,Mumbai,Referral,2025-12,23,2026-07-28
11701,Mumbai,Referral,2025-06,14,2025-10-28
11702,Chennai,App Store Search,2026-02,2,2026-02-18
11703,Delhi NCR,Referral,2025-07,2,2025-07-29
11704,Mumbai,Referral,2026-07,3,2026-08-30
11705,Bengaluru,Paid Social,2025-09,13,2025-11-30
11706,Mumbai,App Store Search,2026-08,7,2026-09-11
11707,Pune,Organic,2026-04,8,2026-06-17
11708,Pune,Organic,2025-08,8,2025-10-12
11709,Bengaluru,App Store Search,2026-08,2,2026-08-24
11710,Bengaluru,App Store Search,2026-08,3,2026-08-08
11711,Delhi NCR,Paid Social,2025-09,1,2025-09-07
11712,Bengaluru,Referral,2026-05,11,2026-09-11
11713,Bengaluru,Paid Social,2025-12,1,2025-12-03
11714,Pune,Referral,2025-09,3,2025-10-04
11715,Chennai,Paid Social,2026-07,4,2026-07-27
11716,Delhi NCR,App Store Search,2026-07,9,2026-09-10
11717,Bengaluru,Organic,2025-09,2,2025-09-05
11718,Bengaluru,Organic,2026-06,2,2026-06-26
11719,Delhi NCR,Paid Social,2026-05,8,2026-06-26
11720,Bengaluru,Organic,2025-12,8,2026-01-23
11721,Hyderabad,Organic,2026-02,9,2026-05-07
11722,Bengaluru,Referral,2026-05,8,2026-07-27
11723,Chennai,Organic,2026-03,2,2026-03-13
11724,Pune,Paid Social,2025-12,7,2026-01-22
11725,Hyderabad,Paid Social,2026-05,11,2026-08-29
11726,Chennai,Organic,2026-03,6,2026-04-27
11727,Bengaluru,Paid Social,2025-06,4,2025-06-22
11728,Pune,Referral,2026-09,1,2026-09-08
11729,Hyderabad,Paid Social,2026-03,6,2026-04-28
11730,Bengaluru,Paid Social,2026-03,2,2026-03-23
11731,Bengaluru,Organic,2026-08,5,2026-09-06
11732,Delhi NCR,Paid Social,2025-07,3,2025-07-29
11733,Delhi NCR,Organic,2025-11,4,2025-11-26
11734,Delhi NCR,Paid Social,2026-04,5,2026-04-26
11735,Mumbai,Organic,2025-06,3,2025-06-29
11736,Hyderabad,Paid Social,2025-11,6,2025-11-26
11737,Delhi NCR,Organic,2026-07,9,2026-09-11
11739,Bengaluru,Paid Social,2026-07,8,2026-09-06
11740,Bengaluru,Paid Social,2026-04,2,2026-04-23
11741,Bengaluru,Paid Social,2025-12,5,2025-12-24
11742,Delhi NCR,Organic,2026-02,16,2026-08-04
11743,Delhi NCR,Paid Social,2026-06,2,2026-06-26
11744,Bengaluru,Influencer,2025-08,2,2025-08-04
11745,Bengaluru,Referral,2025-12,4,2025-12-30
11746,Pune,Paid Social,2026-08,3,2026-09-01
11747,Chennai,App Store Search,2025-12,23,2026-04-28
11748,Bengaluru,App Store Search,2026-08,2,2026-08-25
11749,Pune,Organic,2026-04,3,2026-04-28
11750,Mumbai,Referral,2025-06,7,2025-07-25
11751,Bengaluru,Organic,2025-11,5,2026-01-14
11752,Pune,Paid Social,2026-02,12,2026-05-22
11753,Bengaluru,Paid Social,2026-01,7,2026-02-23
11754,Bengaluru,Paid Social,2026-05,3,2026-05-18
11755,Chennai,Paid Social,2026-02,6,2026-04-28
11756,Hyderabad,Paid Social,2026-08,6,2026-09-13
11758,Bengaluru,Paid Social,2025-10,6,2025-10-29
11759,Bengaluru,Organic,2026-08,5,2026-09-15
11760,Chennai,Partnerships,2026-05,10,2026-08-29
11761,Pune,Organic,2025-09,4,2025-09-30
11762,Bengaluru,Organic,2026-06,10,2026-08-27
11764,Delhi NCR,App Store Search,2026-08,3,2026-09-04
11765,Bengaluru,Paid Social,2025-12,1,2025-12-25
11766,Bengaluru,Partnerships,2026-03,6,2026-04-29
11767,Mumbai,Organic,2025-11,2,2025-11-15
11768,Hyderabad,Organic,2025-12,13,2026-04-23
11769,Mumbai,Paid Social,2026-03,3,2026-03-22
11770,Delhi NCR,Organic,2026-04,17,2026-09-09
11771,Mumbai,Paid Social,2026-06,4,2026-06-22
11772,Chennai,Paid Social,2026-02,1,2026-02-24
11773,Delhi NCR,Organic,2026-04,15,2026-06-14
11774,Mumbai,Paid Social,2026-09,4,2026-09-15
11775,Bengaluru,Paid Social,2025-05,4,2025-06-22
11776,Bengaluru,Partnerships,2026-07,7,2026-08-16
11777,Hyderabad,Paid Social,2026-03,12,2026-07-30
11778,Bengaluru,Paid Social,2025-09,4,2025-10-16
11779,Bengaluru,App Store Search,2025-07,4,2025-07-31
11780,Pune,Paid Social,2026-08,5,2026-09-15
11781,Hyderabad,Organic,2026-03,4,2026-04-23
11782,Mumbai,Paid Social,2026-04,6,2026-05-22
11783,Pune,Influencer,2026-01,4,2026-02-12
11784,Bengaluru,Influencer,2026-06,1,2026-06-26
11785,Mumbai,Referral,2026-08,7,2026-09-08
11786,Bengaluru,Referral,2026-05,5,2026-05-20
11788,Bengaluru,Influencer,2026-09,1,2026-09-14
11789,Delhi NCR,Paid Social,2026-01,5,2026-02-16
11790,Bengaluru,App Store Search,2026-01,8,2026-02-23
11791,Mumbai,Organic,2026-03,12,2026-07-11
11792,Hyderabad,Paid Social,2026-01,2,2026-01-31
11793,Bengaluru,Referral,2025-12,3,2025-12-25
11794,Delhi NCR,Organic,2026-04,10,2026-05-17
11795,Chennai,Influencer,2026-07,3,2026-08-16
11796,Bengaluru,Referral,2026-08,2,2026-08-24
11797,Mumbai,Organic,2025-05,7,2025-07-17
11798,Pune,Referral,2026-01,5,2026-02-14
11799,Delhi NCR,Paid Social,2026-07,2,2026-07-30
11800,Hyderabad,App Store Search,2026-01,4,2026-01-24
11801,Mumbai,Paid Social,2025-11,7,2026-01-31
11802,Pune,Organic,2026-05,1,2026-05-26
11804,Bengaluru,Paid Social,2026-06,5,2026-06-28
11805,Bengaluru,Paid Social,2026-02,7,2026-03-14
11806,Delhi NCR,Paid Social,2025-07,1,2025-07-20
11807,Mumbai,Organic,2026-02,4,2026-02-14
11808,Bengaluru,Organic,2026-05,8,2026-09-04
11809,Chennai,Paid Social,2026-09,1,2026-09-10
11810,Delhi NCR,Organic,2026-05,3,2026-05-31
11811,Mumbai,Organic,2026-09,0,
11812,Delhi NCR,Organic,2026-04,11,2026-06-29
11813,Mumbai,Organic,2026-08,5,2026-08-27
11814,Bengaluru,App Store Search,2025-11,3,2025-11-29
11815,Delhi NCR,App Store Search,2026-03,7,2026-05-24
11816,Chennai,App Store Search,2026-02,4,2026-03-28
11817,Mumbai,Organic,2025-09,4,2025-11-30
11818,Mumbai,Paid Social,2026-08,5,2026-09-08
11819,Delhi NCR,Organic,2025-06,5,2025-06-30
11820,Hyderabad,Paid Social,2026-08,5,2026-09-03
11821,Bengaluru,Partnerships,2025-06,11,2025-10-07
11822,Bengaluru,Referral,2025-11,9,2025-12-29
11823,Hyderabad,App Store Search,2025-10,3,2025-10-22
11824,Bengaluru,Organic,2026-05,1,2026-05-19
11825,Hyderabad,Partnerships,2026-06,8,2026-09-14
11826,Mumbai,Paid Social,2026-08,3,2026-09-15
11827,Mumbai,App Store Search,2025-08,5,2025-09-26
11828,Mumbai,Referral,2026-04,4,2026-05-17
11829,Pune,Referral,2026-04,6,2026-05-30
11830,Mumbai,Paid Social,2026-05,6,2026-06-18
11831,Pune,Paid Social,2026-07,7,2026-09-03
11832,Bengaluru,App Store Search,2026-01,8,2026-03-30
11833,Hyderabad,Influencer,2026-01,11,2026-04-08
11834,Bengaluru,Influencer,2026-08,5,2026-08-31
11835,Mumbai,Paid Social,2026-08,5,2026-09-04
11836,Mumbai,Organic,2026-07,1,2026-07-22
11837,Bengaluru,Referral,2025-10,3,2025-10-28
11838,Delhi NCR,Influencer,2026-07,3,2026-07-24
11839,Hyderabad,Influencer,2026-06,9,2026-09-12
11840,Bengaluru,Organic,2026-06,6,2026-07-24
11841,Bengaluru,Organic,2025-11,5,2025-12-20
11842,Chennai,Influencer,2026-05,9,2026-07-29
11843,Mumbai,Paid Social,2026-06,3,2026-06-22
11844,Chennai,Referral,2025-11,2,2025-11-21
11845,Chennai,App Store Search,2026-07,9,2026-09-08
11846,Bengaluru,Organic,2026-02,1,2026-02-15
11847,Mumbai,App Store Search,2025-05,12,2025-07-29
11848,Chennai,App Store Search,2026-07,7,2026-09-02
11849,Mumbai,Referral,2025-10,4,2025-10-27
11850,Bengaluru,Influencer,2026-02,3,2026-02-26
11851,Mumbai,Organic,2025-12,5,2026-01-23
11852,Delhi NCR,Referral,2025-10,1,2025-10-20
11853,Mumbai,Influencer,2026-07,8,2026-09-06
11854,Bengaluru,Organic,2026-07,8,2026-08-17
11856,Chennai,Influencer,2026-08,1,2026-08-23
11857,Bengaluru,Referral,2026-06,5,2026-07-25
11858,Bengaluru,App Store Search,2026-07,5,2026-08-30
11859,Hyderabad,Organic,2026-08,3,2026-09-10
11860,Hyderabad,Referral,2026-08,4,2026-09-04
11861,Bengaluru,Organic,2026-02,1,2026-02-02
11862,Bengaluru,Partnerships,2026-08,7,2026-09-15
11863,Hyderabad,Referral,2026-01,1,2026-01-07
11864,Mumbai,Paid Social,2026-03,19,2026-08-06
11865,Hyderabad,App Store Search,2026-07,5,2026-09-09
11866,Bengaluru,Referral,2026-02,4,2026-02-16
11867,Delhi NCR,Organic,2026-08,5,2026-09-14
11868,Bengaluru,Paid Social,2026-08,2,2026-08-18
11869,Mumbai,App Store Search,2026-08,3,2026-09-11
11870,Delhi NCR,Referral,2025-10,2,2025-10-15
11871,Mumbai,Paid Social,2026-05,8,2026-07-14
11872,Bengaluru,Paid Social,2026-01,2,2026-01-16
11873,Mumbai,Influencer,2025-08,16,2025-12-15
11874,Bengaluru,Referral,2026-03,7,2026-05-27
11875,Delhi NCR,Organic,2026-01,11,2026-04-23
11876,Bengaluru,Organic,2025-09,3,2025-09-21
11877,Delhi NCR,Organic,2026-04,6,2026-05-21
11878,Delhi NCR,Influencer,2025-07,4,2025-07-26
11879,Delhi NCR,Organic,2026-04,19,2026-09-07
11880,Mumbai,Partnerships,2026-02,14,2026-07-23
11881,Bengaluru,App Store Search,2026-02,4,2026-03-16
11882,Mumbai,Influencer,2026-04,8,2026-05-24
11883,Mumbai,Influencer,2025-04,19,2025-10-18
11884,Bengaluru,Organic,2026-07,5,2026-09-13
11885,Bengaluru,App Store Search,2026-01,5,2026-02-06
11886,Bengaluru,Organic,2025-11,5,2025-11-26
11887,Bengaluru,Influencer,2025-08,5,2025-09-21
11888,Delhi NCR,Organic,2025-12,12,2026-01-31
11889,Bengaluru,Paid Social,2026-01,9,2026-02-17
11890,Hyderabad,Paid Social,2025-12,5,2025-12-26
11891,Delhi NCR,App Store Search,2025-12,7,2026-01-24
11892,Delhi NCR,App Store Search,2025-06,5,2025-07-28
11893,Mumbai,Referral,2025-08,0,
11894,Pune,Paid Social,2025-07,9,2025-08-19
11895,Hyderabad,Paid Social,2026-06,11,2026-09-05
11896,Mumbai,Referral,2026-04,5,2026-06-30
11897,Bengaluru,Paid Social,2026-01,6,2026-03-08
11898,Delhi NCR,Referral,2026-06,5,2026-08-21
11899,Delhi NCR,App Store Search,2026-01,6,2026-02-12
11900,Hyderabad,App Store Search,2026-08,6,2026-09-05
11901,Hyderabad,Paid Social,2025-12,0,
11902,Mumbai,App Store Search,2026-03,2,2026-03-29
11903,Bengaluru,Organic,2025-09,16,2026-02-27
11904,Bengaluru,Organic,2026-02,3,2026-03-20
11905,Bengaluru,Referral,2026-02,11,2026-05-25
11906,Delhi NCR,Partnerships,2025-08,9,2025-10-25
11907,Bengaluru,Influencer,2026-05,1,2026-05-16
11909,Pune,App Store Search,2026-05,3,2026-06-16
11910,Mumbai,Influencer,2026-08,4,2026-09-13
11911,Delhi NCR,Paid Social,2026-08,4,2026-08-28
11912,Bengaluru,Referral,2026-05,5,2026-06-29
11913,Mumbai,Referral,2025-11,4,2025-12-26
11914,Bengaluru,Influencer,2026-06,2,2026-06-21
11915,Bengaluru,Organic,2026-07,0,
11916,Mumbai,Organic,2026-08,2,2026-08-06
11917,Bengaluru,Organic,2026-09,2,2026-09-04
11918,Mumbai,Organic,2026-02,8,2026-03-24
11919,Bengaluru,Paid Social,2026-07,6,2026-08-24
11920,Mumbai,Paid Social,2026-05,16,2026-08-27
11921,Mumbai,App Store Search,2026-09,1,2026-09-12
11922,Mumbai,App Store Search,2026-03,8,2026-06-29
11923,Delhi NCR,Paid Social,2026-01,3,2026-01-13
11924,Bengaluru,Referral,2026-09,1,2026-09-11
11925,Mumbai,Influencer,2026-01,6,2026-02-19
11926,Mumbai,App Store Search,2026-06,4,2026-07-19
11927,Hyderabad,App Store Search,2026-03,1,2026-03-30
11928,Bengaluru,Organic,2026-08,4,2026-09-15
11929,Delhi NCR,App Store Search,2026-03,7,2026-04-22
11930,Bengaluru,App Store Search,2025-08,6,2025-08-19
11931,Mumbai,Organic,2025-12,2,2025-12-31
11932,Hyderabad,Referral,2026-06,7,2026-08-06
11933,Hyderabad,Paid Social,2026-08,4,2026-09-09
11934,Bengaluru,Referral,2026-05,3,2026-06-15
11935,Bengaluru,Paid Social,2026-08,4,2026-08-31
11936,Mumbai,Influencer,2026-03,2,2026-03-23
11937,Bengaluru,Paid Social,2026-01,2,2026-01-29
11938,Chennai,Paid Social,2026-05,3,2026-05-23
11939,Hyderabad,Organic,2026-06,2,2026-06-20
11940,Bengaluru,Paid Social,2026-05,3,2026-05-18
11941,Bengaluru,Influencer,2026-02,5,2026-03-28
11942,Pune,Organic,2026-04,7,2026-06-14
11943,Bengaluru,Referral,2026-09,4,2026-09-12
11944,Bengaluru,Organic,2026-06,2,2026-06-28
11945,Mumbai,Influencer,2025-11,1,2025-11-29
11946,Delhi NCR,Paid Social,2026-03,16,2026-07-28
11947,Pune,Organic,2025-10,9,2026-02-11
11948,Pune,Organic,2026-07,6,2026-09-13
11949,Bengaluru,Organic,2026-06,2,2026-06-22
11950,Delhi NCR,Referral,2026-06,3,2026-06-18
11951,Mumbai,Influencer,2026-07,3,2026-07-25
11952,Delhi NCR,Partnerships,2026-02,1,2026-02-08
11953,Mumbai,Organic,2025-08,11,2025-12-28
11954,Mumbai,App Store Search,2025-10,4,2025-11-29
11955,Bengaluru,App Store Search,2026-02,3,2026-02-12
11956,Bengaluru,Influencer,2026-04,3,2026-05-17
11957,Bengaluru,Organic,2026-01,17,2026-05-17
11958,Delhi NCR,Influencer,2026-02,7,2026-04-24
11959,Delhi NCR,Influencer,2026-04,5,2026-05-16
11960,Bengaluru,Referral,2026-07,5,2026-07-31
11961,Delhi NCR,Organic,2026-05,13,2026-08-23
11962,Pune,App Store Search,2026-05,7,2026-07-26
11963,Hyderabad,Partnerships,2026-05,3,2026-05-23
11964,Bengaluru,Paid Social,2025-04,3,2025-04-30
11966,Delhi NCR,App Store Search,2026-08,4,2026-09-14
11967,Mumbai,App Store Search,2026-09,3,2026-09-14
11968,Pune,Referral,2025-10,6,2025-11-21
11969,Bengaluru,Organic,2025-11,13,2026-03-06
11970,Delhi NCR,Paid Social,2025-05,2,2025-05-29
11971,Delhi NCR,Paid Social,2025-12,21,2026-05-28
11972,Hyderabad,App Store Search,2026-08,2,2026-08-27
11973,Pune,Organic,2025-12,4,2026-01-09
11974,Mumbai,Organic,2026-08,2,2026-08-31
11975,Bengaluru,Referral,2026-07,7,2026-09-10
11976,Mumbai,Referral,2026-07,5,2026-07-29
11977,Hyderabad,Paid Social,2026-02,4,2026-02-24
11978,Bengaluru,Organic,2026-01,5,2026-02-23
11979,Bengaluru,Paid Social,2025-11,7,2025-12-29
11980,Bengaluru,Paid Social,2025-08,3,2025-08-29
11981,Bengaluru,Partnerships,2025-08,5,2025-09-21
11982,Mumbai,Organic,2026-07,3,2026-07-30
11983,Mumbai,Paid Social,2025-08,10,2025-10-22
11984,Pune,Paid Social,2026-08,3,2026-09-13
11985,Bengaluru,Referral,2026-06,12,2026-08-28
11986,Mumbai,Paid Social,2026-03,13,2026-06-15
11987,Bengaluru,Organic,2026-03,2,2026-03-30
11988,Delhi NCR,Paid Social,2026-03,12,2026-06-28
11989,Bengaluru,Paid Social,2026-05,2,2026-05-31
11990,Bengaluru,Organic,2026-01,7,2026-02-26
11991,Mumbai,Paid Social,2026-03,16,2026-07-16
11992,Mumbai,Paid Social,2025-12,6,2025-12-27
11993,Bengaluru,Paid Social,2026-09,1,2026-09-08
11994,Delhi NCR,Influencer,2025-10,6,2025-10-27
11995,Delhi NCR,Referral,2026-02,4,2026-02-23
11996,Bengaluru,Organic,2026-08,3,2026-09-09
11997,Pune,Paid Social,2026-09,2,2026-09-15
11998,Hyderabad,Referral,2025-09,13,2026-01-11
11999,Mumbai,Paid Social,2026-01,9,2026-04-10
12000,Delhi NCR,Organic,2026-05,2,2026-05-26
